--
-- PostgreSQL database dump
--

-- Dumped from database version 9.5.10
-- Dumped by pg_dump version 9.5.10

SET statement_timeout = 0;
SET lock_timeout = 0;
SET client_encoding = 'UTF8';
SET standard_conforming_strings = on;
SET check_function_bodies = false;
SET client_min_messages = warning;
SET row_security = off;

--
-- Name: plpgsql; Type: EXTENSION; Schema: -; Owner: 
--

CREATE EXTENSION IF NOT EXISTS plpgsql WITH SCHEMA pg_catalog;


--
-- Name: EXTENSION plpgsql; Type: COMMENT; Schema: -; Owner: 
--

COMMENT ON EXTENSION plpgsql IS 'PL/pgSQL procedural language';


SET search_path = public, pg_catalog;

--
-- Name: statuses; Type: TYPE; Schema: public; Owner: user
--

CREATE TYPE statuses AS ENUM (
    'donation attempted',
    'payment object built',
    'paypal payment instantiated',
    'Invalid request',
    'payment failed',
    'payment succeeded',
    'pending delivery to org',
    'delivered to org'
);


ALTER TYPE statuses OWNER TO "user";

SET default_tablespace = '';

SET default_with_oids = false;

--
-- Name: organizations; Type: TABLE; Schema: public; Owner: user
--

CREATE TABLE organizations (
    org_id integer NOT NULL,
    name character varying(100) NOT NULL,
    payee_email character varying(100) NOT NULL,
    logo_url character varying(200),
    mission_statement text,
    website_url character varying(200),
    has_chapters boolean,
    twitter_url character varying(200),
    short_name character varying(30)
);


ALTER TABLE organizations OWNER TO "user";

--
-- Name: organizations_org_id_seq; Type: SEQUENCE; Schema: public; Owner: user
--

CREATE SEQUENCE organizations_org_id_seq
    START WITH 1
    INCREMENT BY 1
    NO MINVALUE
    NO MAXVALUE
    CACHE 1;


ALTER TABLE organizations_org_id_seq OWNER TO "user";

--
-- Name: organizations_org_id_seq; Type: SEQUENCE OWNED BY; Schema: public; Owner: user
--

ALTER SEQUENCE organizations_org_id_seq OWNED BY organizations.org_id;


--
-- Name: referrals; Type: TABLE; Schema: public; Owner: user
--

CREATE TABLE referrals (
    ref_id integer NOT NULL,
    referrer_id integer NOT NULL,
    referred_id integer NOT NULL
);


ALTER TABLE referrals OWNER TO "user";

--
-- Name: referrals_ref_id_seq; Type: SEQUENCE; Schema: public; Owner: user
--

CREATE SEQUENCE referrals_ref_id_seq
    START WITH 1
    INCREMENT BY 1
    NO MINVALUE
    NO MAXVALUE
    CACHE 1;


ALTER TABLE referrals_ref_id_seq OWNER TO "user";

--
-- Name: referrals_ref_id_seq; Type: SEQUENCE OWNED BY; Schema: public; Owner: user
--

ALTER SEQUENCE referrals_ref_id_seq OWNED BY referrals.ref_id;


--
-- Name: states; Type: TABLE; Schema: public; Owner: user
--

CREATE TABLE states (
    code character varying(4) NOT NULL,
    name character varying(40) NOT NULL
);


ALTER TABLE states OWNER TO "user";

--
-- Name: transactions; Type: TABLE; Schema: public; Owner: user
--

CREATE TABLE transactions (
    transaction_id integer NOT NULL,
    org_id integer NOT NULL,
    user_id integer NOT NULL,
    payment_id character varying(40) NOT NULL,
    amount double precision NOT NULL,
    "timestamp" timestamp without time zone NOT NULL,
    status statuses NOT NULL
);


ALTER TABLE transactions OWNER TO "user";

--
-- Name: transactions_transaction_id_seq; Type: SEQUENCE; Schema: public; Owner: user
--

CREATE SEQUENCE transactions_transaction_id_seq
    START WITH 1
    INCREMENT BY 1
    NO MINVALUE
    NO MAXVALUE
    CACHE 1;


ALTER TABLE transactions_transaction_id_seq OWNER TO "user";

--
-- Name: transactions_transaction_id_seq; Type: SEQUENCE OWNED BY; Schema: public; Owner: user
--

ALTER SEQUENCE transactions_transaction_id_seq OWNED BY transactions.transaction_id;


--
-- Name: user_orgs; Type: TABLE; Schema: public; Owner: user
--

CREATE TABLE user_orgs (
    user_org_id integer NOT NULL,
    user_id integer NOT NULL,
    org_id integer NOT NULL,
    rank integer
);


ALTER TABLE user_orgs OWNER TO "user";

--
-- Name: user_orgs_user_org_id_seq; Type: SEQUENCE; Schema: public; Owner: user
--

CREATE SEQUENCE user_orgs_user_org_id_seq
    START WITH 1
    INCREMENT BY 1
    NO MINVALUE
    NO MAXVALUE
    CACHE 1;


ALTER TABLE user_orgs_user_org_id_seq OWNER TO "user";

--
-- Name: user_orgs_user_org_id_seq; Type: SEQUENCE OWNED BY; Schema: public; Owner: user
--

ALTER SEQUENCE user_orgs_user_org_id_seq OWNED BY user_orgs.user_org_id;


--
-- Name: users; Type: TABLE; Schema: public; Owner: user
--

CREATE TABLE users (
    user_id integer NOT NULL,
    user_email character varying(64) NOT NULL,
    password character varying(150) NOT NULL,
    fname character varying(15) NOT NULL,
    lname character varying(30) NOT NULL,
    age integer,
    zipcode character varying(5),
    state_code character varying(4),
    default_amount double precision NOT NULL,
    phone character varying(15),
    created_at timestamp without time zone NOT NULL,
    last_login timestamp without time zone NOT NULL,
    set_password boolean DEFAULT true
);


ALTER TABLE users OWNER TO "user";

--
-- Name: users_user_id_seq; Type: SEQUENCE; Schema: public; Owner: user
--

CREATE SEQUENCE users_user_id_seq
    START WITH 1
    INCREMENT BY 1
    NO MINVALUE
    NO MAXVALUE
    CACHE 1;


ALTER TABLE users_user_id_seq OWNER TO "user";

--
-- Name: users_user_id_seq; Type: SEQUENCE OWNED BY; Schema: public; Owner: user
--

ALTER SEQUENCE users_user_id_seq OWNED BY users.user_id;


--
-- Name: org_id; Type: DEFAULT; Schema: public; Owner: user
--

ALTER TABLE ONLY organizations ALTER COLUMN org_id SET DEFAULT nextval('organizations_org_id_seq'::regclass);


--
-- Name: ref_id; Type: DEFAULT; Schema: public; Owner: user
--

ALTER TABLE ONLY referrals ALTER COLUMN ref_id SET DEFAULT nextval('referrals_ref_id_seq'::regclass);


--
-- Name: transaction_id; Type: DEFAULT; Schema: public; Owner: user
--

ALTER TABLE ONLY transactions ALTER COLUMN transaction_id SET DEFAULT nextval('transactions_transaction_id_seq'::regclass);


--
-- Name: user_org_id; Type: DEFAULT; Schema: public; Owner: user
--

ALTER TABLE ONLY user_orgs ALTER COLUMN user_org_id SET DEFAULT nextval('user_orgs_user_org_id_seq'::regclass);


--
-- Name: user_id; Type: DEFAULT; Schema: public; Owner: user
--

ALTER TABLE ONLY users ALTER COLUMN user_id SET DEFAULT nextval('users_user_id_seq'::regclass);


--
-- Data for Name: organizations; Type: TABLE DATA; Schema: public; Owner: user
--

COPY organizations (org_id, name, payee_email, logo_url, mission_statement, website_url, has_chapters, twitter_url, short_name) FROM stdin;
8	Institute of Finishing Projects	beccarosenthal-facilitator@gmail.com	https://media.makeameme.org/created/how-about-getting.jpg	At the Institute of Finishing Projects, we finish proje	http://www.pawneeindiana.com/	f	@unfinishthought	IFP
9	Rent-A-Swag	beccarosenthal-facilitator-1@gmail.com	https://ih1.redbubble.net/image.294685880.6679/flat,800x800,075,f.jpg	At Rent-A-Swag, we bring you the dopest shirts, the swankiest jackets, the slickest cardigans, the flashiest fedoras, the hottest ties, the snazziest canes and more!	http://parksandrecreation.wikia.com/wiki/Rent-A-Swag	f	@ItsTomHaverford	Rent-A-Swag
13	Alternative US National Parks Service	altnps@gmail.com	http://bit.ly/2ySo6D7	45 messed with the wrong set of vested park rangers.	https://twitter.com/altnatparkser?lang=en	f	@ALTUSNPS	Alt NPS
15	The Derek Zoolander Center For Kids Who Can't Read Good And Wanna Learn To Do Other Stuff Good Too	readingcenter@gmail.com	http://bit.ly/2iq2LuI	We teach you that there's more to life than being really, really good looking	https://dzssite.wordpress.com/	f	@ACenterForAnts	Zoolander Center
16	Alt ACLU	altaclu@gmail.com	http://bit.ly/2hMlwex	An organization that strives to achieve all of the goals of the ACLU with none of the resources.	http://ortho.ucla.edu/sports-medicine	t	@ACLU	Alt ACLU
\.


--
-- Name: organizations_org_id_seq; Type: SEQUENCE SET; Schema: public; Owner: user
--

SELECT pg_catalog.setval('organizations_org_id_seq', 16, true);


--
-- Data for Name: referrals; Type: TABLE DATA; Schema: public; Owner: user
--

COPY referrals (ref_id, referrer_id, referred_id) FROM stdin;
1	16	17
2	16	22
3	22	15
4	15	23
9	23	30
10	20	31
11	23	32
12	16	33
\.


--
-- Name: referrals_ref_id_seq; Type: SEQUENCE SET; Schema: public; Owner: user
--

SELECT pg_catalog.setval('referrals_ref_id_seq', 12, true);


--
-- Data for Name: states; Type: TABLE DATA; Schema: public; Owner: user
--

COPY states (code, name) FROM stdin;
AK	Alaska\n
AZ	Arizona\n
AR	Arkansas\n
CA	California\n
CO	Colorado\n
CT	Connecticut\n
DE	Delaware\n
DC	District of Columbia\n
FL	Florida\n
GA	Georgia\n
HI	Hawaii\n
ID	Idaho\n
IL	Illinois\n
IN	Indiana\n
IA	Iowa\n
KS	Kansas\n
KY	Kentucky\n
LA	Louisiana\n
ME	Maine\n
MD	Maryland\n
MA	Massachusetts\n
MI	Michigan\n
MN	Minnesota\n
MS	Mississippi\n
MO	Missouri\n
MT	Montana\n
NE	Nebraska\n
NV	Nevada\n
NH	New Hampshire\n
NJ	New Jersey\n
NM	New Mexico\n
NY	New York\n
NC	North Carolina\n
ND	North Dakota\n
OH	Ohio\n
OK	Oklahoma\n
OR	Oregon\n
PA	Pennsylvania\n
PR	Puerto Rico\n
RI	Rhode Island\n
SC	South Carolina\n
SD	South Dakota\n
TN	Tennessee\n
TX	Texas\n
UT	Utah\n
VT	Vermont\n
VA	Virginia\n
WA	Washington\n
WV	West Virginia\n
WI	Wisconsin\n
WY	Wyoming\n
AL	Alabama
\.


--
-- Data for Name: transactions; Type: TABLE DATA; Schema: public; Owner: user
--

COPY transactions (transaction_id, org_id, user_id, payment_id, amount, "timestamp", status) FROM stdin;
144	13	31	PAY-7WG94077XF457050DLIKI44A	1	2017-11-21 20:37:03.665919	pending delivery to org
35	8	16	insert valid payment_id here	1	2017-11-09 23:15:18.607708	pending delivery to org
146	16	32	PAY-4HB18612AA740002VLIKK2IA	1	2017-11-21 22:47:54.381357	pending delivery to org
36	8	17	PAY-0TH27171V8654210FLICOFZA	1	2017-11-09 23:21:07.21415	pending delivery to org
71	8	17	PAY-4G344979HS960754CLIDDT5Q	1	2017-11-10 23:44:53.167617	pending delivery to org
97	9	17	PAY-5LK376456J651290FLIFCWMA	1	2017-11-13 23:30:54.011873	pending delivery to org
54	9	17	PAY-13099643BN378464CLICR2SI	1	2017-11-10 03:30:13.774835	pending delivery to org
81	8	15	PAY-9SG885538C8035604LIDZMGQ	1	2017-11-12 00:30:13.99119	pending delivery to org
148	9	33	PAY-63995858C2519452BLIKPL4I	1	2017-11-22 03:58:38.600089	pending delivery to org
56	8	16	PAY-8YH737846R155454LLIC65QY	1	2017-11-10 18:24:02.144469	pending delivery to org
58	9	17	PAY-5RV82910RS263183YLIDBMII	1	2017-11-10 21:12:00.744933	pending delivery to org
88	9	17	PAY-7MS40158AJ1805400LIE7A3Y	1	2017-11-13 19:20:13.805819	pending delivery to org
82	9	15	PAY-65G14888R3148142ELIDZMXY	1	2017-11-12 00:31:26.592939	pending delivery to org
67	8	17	PAY-3B525776ES8696119LIDCA4I	1	2017-11-10 21:55:57.950865	pending delivery to org
93	9	17	PAY-58T14199JT3838204LIFCFXA	1	2017-11-13 22:55:22.655029	pending delivery to org
77	8	17	PAY-3EY037353X121194DLIDXYNI	1	2017-11-11 22:39:46.953158	pending delivery to org
89	9	17	PAY-97R27153000882052LIE7G3A	1	2017-11-13 19:32:47.599025	pending delivery to org
84	9	16	PAY-4FT17276386324948LID2OSA	1	2017-11-12 01:43:35.790855	pending delivery to org
78	8	17	PAY-6K155929ME0327738LIDX4XQ	1	2017-11-11 22:49:00.341086	pending delivery to org
79	8	17	PAY-59123976KX186845DLIDYQUY	1	2017-11-11 23:31:25.588547	pending delivery to org
85	9	16	PAY-8PJ7075621748753KLIE5MAY	1	2017-11-13 17:27:28.398072	pending delivery to org
90	8	16	PAY-0PP10291UJ016353FLIE7IQA	1	2017-11-13 19:36:29.251849	pending delivery to org
86	9	17	PAY-45D5819946353872ULIE5M7I	1	2017-11-13 17:29:31.091005	pending delivery to org
100	15	17	PAY-1CR30319DP127223ALIFDRPI	1	2017-11-14 00:28:43.717789	pending delivery to org
91	8	17	PAY-1FJ398898N180720TLIFCDFY	1	2017-11-13 22:49:57.507758	pending delivery to org
96	8	17	PAY-30U65395VF4922504LIFCVYY	1	2017-11-13 23:29:37.851206	pending delivery to org
99	13	17	PAY-7CK41217EB0946344LIFDHGQ	1	2017-11-14 00:06:49.380952	pending delivery to org
103	15	16	PAY-6A356375P4748663CLIFD4XI	1	2017-11-14 00:52:44.433343	pending delivery to org
101	13	16	PAY-16U61370A2215290CLIFDSDY	1	2017-11-14 00:30:06.818075	pending delivery to org
70	9	17	PAY-28P90279MM774333NLIDDRYY	1	2017-11-10 23:40:18.189063	pending delivery to org
102	13	16	PAY-9YP069191X4450701LIFD4FQ	1	2017-11-14 00:51:30.965819	pending delivery to org
104	16	16	PAY-1GF228788X209021KLIFEJVQ	1	2017-11-14 01:20:20.765129	pending delivery to org
106	16	16	PAY-3FU93943YR874761ALIFUGZA	1	2017-11-14 19:26:26.174883	pending delivery to org
107	8	16	PAY-6PY202840X335321SLIFUIRQ	1	2017-11-14 19:29:58.757966	pending delivery to org
108	9	16	PAY-1R885537CY238715GLIFWH4Q	1	2017-11-14 21:45:20.148098	pending delivery to org
109	9	22	PAY-1N0652796R3888336LIF3JCI	1	2017-11-15 03:29:11.36234	pending delivery to org
110	15	22	PAY-75Y15807V3444513SLIF3KBQ	1	2017-11-15 03:31:16.889663	pending delivery to org
111	16	16	PAY-62D5161183904624YLIF5U6A	1	2017-11-15 06:10:39.919817	pending delivery to org
112	9	15	PAY-4AT21635XF1611823LIGLMVY	1	2017-11-15 21:49:03.767609	pending delivery to org
113	16	15	PAY-8X647050L1944882JLIGLM7A	1	2017-11-15 21:49:46.598321	pending delivery to org
114	16	23	PAY-9PP57812E4754033YLIHBALI	1	2017-11-16 22:24:43.977206	pending delivery to org
115	16	23	PAY-30R8406069881852ULIHG5EQ	1	2017-11-17 05:07:03.392449	pending delivery to org
116	13	23	PAY-0KF848189S7725242LIHG5RA	1	2017-11-17 05:08:16.81669	pending delivery to org
118	9	20	PAY-63C3422285366423CLIHHAGI	1	2017-11-17 05:14:00.697669	pending delivery to org
119	16	16	PAY-6HR25324VS620715DLIHUVCQ	1	2017-11-17 20:46:00.253287	pending delivery to org
120	16	23	PAY-6TV32220AT4643157LIHVSXI	5	2017-11-17 21:49:11.682272	pending delivery to org
121	16	23	PAY-2HH93817NK717992VLIHW43Q	10	2017-11-17 23:19:09.389972	pending delivery to org
122	13	23	PAY-4VD18096PK197800XLIHW7RY	10	2017-11-17 23:24:54.777449	pending delivery to org
142	16	30	PAY-32Y9143033211063FLIJYN6I	1	2017-11-21 01:52:46.70705	pending delivery to org
123	8	20	PAY-1KK69503R63637446LIIRYNY	1	2017-11-19 05:52:43.751863	pending delivery to org
124	15	20	PAY-1PE99442JH818873ULIITC7A	1	2017-11-19 07:23:37.676274	pending delivery to org
147	13	17	PAY-7HB38767JL352490TLIKMQZI	1	2017-11-22 00:44:14.889525	pending delivery to org
126	16	20	PAY-4MH94135M15215534LIJB4QA	1	2017-11-20 00:13:49.062516	pending delivery to org
128	9	16	PAY-1V138884RH1420400LIJTSXI	2	2017-11-20 20:21:45.626432	pending delivery to org
129	15	16	PAY-1LK19632L2928664PLIJUGDI	2	2017-11-20 21:03:05.524336	pending delivery to org
151	15	959	Call this a payment ID	1	2017-10-22 18:20:41	pending delivery to org
152	16	728	Call this a payment ID	4	2017-02-25 12:27:05	pending delivery to org
153	15	819	Call this a payment ID	3	2017-01-14 18:32:50	pending delivery to org
154	15	623	Call this a payment ID	5	2017-01-11 23:33:54	pending delivery to org
155	9	458	Call this a payment ID	4	2017-01-27 08:11:46	pending delivery to org
156	16	952	Call this a payment ID	2	2017-01-17 08:37:49	pending delivery to org
157	16	883	Call this a payment ID	5	2017-01-18 10:01:31	pending delivery to org
158	9	592	Call this a payment ID	4	2017-04-17 00:17:42	pending delivery to org
159	15	911	Call this a payment ID	1	2017-08-08 00:55:27	pending delivery to org
160	15	910	Call this a payment ID	4	2017-04-14 18:10:49	pending delivery to org
161	9	345	Call this a payment ID	1	2017-04-14 16:00:03	pending delivery to org
162	16	279	Call this a payment ID	1	2017-01-18 00:27:26	pending delivery to org
163	9	847	Call this a payment ID	5	2017-04-08 01:03:33	pending delivery to org
164	15	447	Call this a payment ID	3	2017-10-15 13:50:47	pending delivery to org
165	9	975	Call this a payment ID	5	2017-11-27 09:36:08	pending delivery to org
166	16	657	Call this a payment ID	5	2017-10-17 16:58:37	pending delivery to org
167	15	810	Call this a payment ID	2	2017-01-14 08:22:10	pending delivery to org
168	16	310	Call this a payment ID	1	2017-10-31 22:27:49	pending delivery to org
169	15	642	Call this a payment ID	4	2017-07-31 16:29:04	pending delivery to org
170	8	331	Call this a payment ID	4	2017-03-03 10:21:24	pending delivery to org
171	16	274	Call this a payment ID	4	2017-08-25 20:09:03	pending delivery to org
172	15	522	Call this a payment ID	4	2017-09-15 15:39:48	pending delivery to org
173	16	620	Call this a payment ID	2	2017-11-18 05:03:56	pending delivery to org
174	15	318	Call this a payment ID	1	2017-04-08 02:47:29	pending delivery to org
175	16	221	Call this a payment ID	5	2017-06-03 16:00:38	pending delivery to org
176	9	426	Call this a payment ID	4	2017-04-23 16:26:27	pending delivery to org
177	13	205	Call this a payment ID	5	2017-03-03 07:38:34	pending delivery to org
178	8	456	Call this a payment ID	4	2017-02-28 09:18:28	pending delivery to org
179	16	969	Call this a payment ID	4	2017-03-17 07:18:41	pending delivery to org
180	9	760	Call this a payment ID	3	2017-07-26 23:48:16	pending delivery to org
181	16	737	Call this a payment ID	5	2017-01-29 17:34:24	pending delivery to org
182	9	906	Call this a payment ID	4	2017-03-30 06:37:41	pending delivery to org
183	16	664	Call this a payment ID	3	2017-08-13 16:30:38	pending delivery to org
184	13	933	Call this a payment ID	2	2017-05-12 20:55:28	pending delivery to org
185	9	199	Call this a payment ID	4	2017-11-26 18:11:47	pending delivery to org
186	16	957	Call this a payment ID	5	2017-02-04 20:25:37	pending delivery to org
187	8	394	Call this a payment ID	2	2017-09-08 04:15:22	pending delivery to org
188	15	536	Call this a payment ID	4	2017-01-21 22:49:00	pending delivery to org
189	9	633	Call this a payment ID	2	2017-11-16 10:40:45	pending delivery to org
190	9	317	Call this a payment ID	5	2017-09-23 20:30:56	pending delivery to org
191	15	467	Call this a payment ID	5	2017-03-14 10:45:01	pending delivery to org
192	8	976	Call this a payment ID	5	2017-09-24 06:45:22	pending delivery to org
193	8	595	Call this a payment ID	1	2017-03-26 10:09:39	pending delivery to org
194	15	515	Call this a payment ID	4	2017-02-25 05:32:56	pending delivery to org
195	16	185	Call this a payment ID	4	2017-04-13 02:26:51	pending delivery to org
196	16	573	Call this a payment ID	2	2017-04-01 06:46:07	pending delivery to org
197	8	334	Call this a payment ID	4	2017-03-01 09:02:38	pending delivery to org
198	15	992	Call this a payment ID	4	2017-06-09 17:55:40	pending delivery to org
199	8	832	Call this a payment ID	4	2017-08-19 08:46:44	pending delivery to org
200	16	927	Call this a payment ID	1	2017-09-10 15:05:04	pending delivery to org
201	13	814	Call this a payment ID	3	2017-02-13 02:07:44	pending delivery to org
202	8	362	Call this a payment ID	5	2017-06-25 23:21:38	pending delivery to org
203	9	113	Call this a payment ID	4	2017-10-22 13:09:49	pending delivery to org
204	16	769	Call this a payment ID	3	2017-02-19 09:32:50	pending delivery to org
205	16	875	Call this a payment ID	2	2017-02-28 09:53:58	pending delivery to org
206	8	360	Call this a payment ID	4	2017-08-21 04:55:45	pending delivery to org
207	15	865	Call this a payment ID	1	2017-08-09 11:26:15	pending delivery to org
208	8	310	Call this a payment ID	1	2017-06-21 19:34:47	pending delivery to org
209	15	545	Call this a payment ID	1	2017-02-03 06:51:08	pending delivery to org
210	13	556	Call this a payment ID	5	2017-05-15 05:43:06	pending delivery to org
211	16	600	Call this a payment ID	2	2017-03-19 13:49:54	pending delivery to org
212	9	275	Call this a payment ID	2	2017-06-20 08:36:57	pending delivery to org
213	9	186	Call this a payment ID	4	2017-04-28 03:44:00	pending delivery to org
214	16	688	Call this a payment ID	2	2017-02-10 06:29:55	pending delivery to org
215	13	540	Call this a payment ID	1	2017-05-04 16:14:54	pending delivery to org
216	9	411	Call this a payment ID	5	2017-11-23 06:31:03	pending delivery to org
217	9	179	Call this a payment ID	1	2017-08-12 08:38:22	pending delivery to org
218	8	367	Call this a payment ID	1	2017-02-13 22:11:30	pending delivery to org
219	9	846	Call this a payment ID	1	2017-09-05 01:47:09	pending delivery to org
220	15	803	Call this a payment ID	1	2017-05-28 07:41:33	pending delivery to org
221	13	205	Call this a payment ID	5	2017-08-29 19:44:41	pending delivery to org
222	9	690	Call this a payment ID	3	2017-02-22 12:57:52	pending delivery to org
223	9	598	Call this a payment ID	3	2017-10-24 12:21:02	pending delivery to org
224	8	736	Call this a payment ID	1	2017-04-21 11:04:08	pending delivery to org
225	15	376	Call this a payment ID	2	2017-07-13 08:11:49	pending delivery to org
226	16	985	Call this a payment ID	3	2017-02-18 02:05:43	pending delivery to org
227	13	424	Call this a payment ID	5	2017-01-17 12:34:58	pending delivery to org
228	15	737	Call this a payment ID	5	2017-05-28 15:57:16	pending delivery to org
229	8	859	Call this a payment ID	5	2017-01-23 21:52:16	pending delivery to org
230	9	696	Call this a payment ID	2	2017-11-19 16:11:59	pending delivery to org
231	13	897	Call this a payment ID	2	2017-05-28 17:15:01	pending delivery to org
232	9	453	Call this a payment ID	4	2017-09-26 22:19:00	pending delivery to org
233	15	835	Call this a payment ID	5	2017-04-08 21:09:28	pending delivery to org
234	15	319	Call this a payment ID	5	2017-01-14 12:58:06	pending delivery to org
235	13	113	Call this a payment ID	4	2017-10-29 19:57:50	pending delivery to org
236	16	470	Call this a payment ID	5	2017-04-07 04:39:35	pending delivery to org
237	16	744	Call this a payment ID	2	2017-10-26 11:53:37	pending delivery to org
238	9	650	Call this a payment ID	3	2017-06-15 22:22:47	pending delivery to org
239	15	244	Call this a payment ID	3	2017-06-18 21:55:18	pending delivery to org
240	15	708	Call this a payment ID	5	2017-01-24 11:47:22	pending delivery to org
241	15	136	Call this a payment ID	5	2017-08-14 13:14:06	pending delivery to org
242	9	904	Call this a payment ID	5	2017-08-13 03:21:56	pending delivery to org
243	8	698	Call this a payment ID	3	2017-04-02 08:32:20	pending delivery to org
244	8	774	Call this a payment ID	3	2017-04-11 21:14:13	pending delivery to org
245	8	801	Call this a payment ID	1	2017-03-30 11:05:40	pending delivery to org
246	9	424	Call this a payment ID	5	2017-04-01 22:57:41	pending delivery to org
247	9	403	Call this a payment ID	3	2017-11-13 02:15:19	pending delivery to org
248	9	820	Call this a payment ID	2	2017-04-30 08:13:38	pending delivery to org
249	13	356	Call this a payment ID	5	2017-06-26 05:22:38	pending delivery to org
250	16	339	Call this a payment ID	4	2017-09-03 09:22:13	pending delivery to org
251	8	332	Call this a payment ID	5	2017-04-09 03:26:47	pending delivery to org
252	16	752	Call this a payment ID	3	2017-03-24 01:20:27	pending delivery to org
253	15	311	Call this a payment ID	5	2017-08-26 13:21:44	pending delivery to org
254	16	434	Call this a payment ID	4	2017-02-10 08:10:03	pending delivery to org
255	16	635	Call this a payment ID	1	2017-09-15 20:20:10	pending delivery to org
256	8	624	Call this a payment ID	2	2017-05-25 00:27:40	pending delivery to org
257	16	505	Call this a payment ID	5	2017-08-07 20:38:31	pending delivery to org
258	13	274	Call this a payment ID	4	2017-04-13 02:41:12	pending delivery to org
259	9	638	Call this a payment ID	3	2017-01-02 15:47:06	pending delivery to org
260	16	965	Call this a payment ID	1	2017-10-15 14:04:40	pending delivery to org
261	15	716	Call this a payment ID	5	2017-03-10 18:42:02	pending delivery to org
262	15	679	Call this a payment ID	1	2017-01-21 20:56:59	pending delivery to org
263	8	474	Call this a payment ID	4	2017-05-19 11:24:39	pending delivery to org
264	16	652	Call this a payment ID	4	2017-03-20 02:47:11	pending delivery to org
265	8	881	Call this a payment ID	2	2017-01-27 13:01:54	pending delivery to org
266	9	773	Call this a payment ID	1	2017-08-09 07:17:02	pending delivery to org
267	16	530	Call this a payment ID	5	2017-02-27 08:43:37	pending delivery to org
268	8	717	Call this a payment ID	1	2017-04-16 04:38:32	pending delivery to org
269	8	912	Call this a payment ID	4	2017-08-27 15:13:37	pending delivery to org
270	16	494	Call this a payment ID	4	2017-05-06 07:49:51	pending delivery to org
271	8	970	Call this a payment ID	2	2017-05-24 17:33:19	pending delivery to org
272	15	878	Call this a payment ID	3	2017-04-17 23:52:56	pending delivery to org
273	8	458	Call this a payment ID	4	2017-04-09 02:54:16	pending delivery to org
274	15	395	Call this a payment ID	4	2017-02-12 19:36:10	pending delivery to org
275	8	784	Call this a payment ID	3	2017-09-12 03:09:26	pending delivery to org
276	8	575	Call this a payment ID	3	2017-06-27 23:11:04	pending delivery to org
277	15	263	Call this a payment ID	4	2017-03-09 13:39:05	pending delivery to org
278	9	32	Call this a payment ID	1	2017-09-08 13:46:47	pending delivery to org
279	9	483	Call this a payment ID	4	2017-06-01 14:42:06	pending delivery to org
280	16	576	Call this a payment ID	2	2017-03-15 23:29:47	pending delivery to org
281	15	511	Call this a payment ID	2	2017-01-15 02:40:20	pending delivery to org
282	15	586	Call this a payment ID	1	2017-05-08 19:30:28	pending delivery to org
283	9	133	Call this a payment ID	2	2017-07-02 05:08:54	pending delivery to org
284	15	994	Call this a payment ID	2	2017-10-03 11:46:07	pending delivery to org
285	8	880	Call this a payment ID	1	2017-07-11 00:35:25	pending delivery to org
286	15	430	Call this a payment ID	4	2017-02-04 21:35:41	pending delivery to org
287	16	378	Call this a payment ID	1	2017-08-28 18:09:56	pending delivery to org
288	16	22	Call this a payment ID	1	2017-04-14 02:35:56	pending delivery to org
289	15	757	Call this a payment ID	5	2017-05-04 06:15:36	pending delivery to org
290	8	606	Call this a payment ID	5	2017-08-19 03:09:11	pending delivery to org
291	16	684	Call this a payment ID	5	2017-04-09 08:32:23	pending delivery to org
292	9	878	Call this a payment ID	3	2017-05-07 19:06:34	pending delivery to org
293	13	583	Call this a payment ID	3	2017-06-20 10:10:27	pending delivery to org
294	13	213	Call this a payment ID	4	2017-04-15 14:00:43	pending delivery to org
295	15	507	Call this a payment ID	5	2017-02-13 15:12:53	pending delivery to org
296	8	666	Call this a payment ID	5	2017-11-22 19:57:16	pending delivery to org
297	16	606	Call this a payment ID	5	2017-08-14 11:30:25	pending delivery to org
298	8	259	Call this a payment ID	2	2017-07-18 09:40:00	pending delivery to org
299	16	986	Call this a payment ID	4	2017-06-22 11:34:42	pending delivery to org
300	15	325	Call this a payment ID	3	2017-07-21 00:58:48	pending delivery to org
301	8	950	Call this a payment ID	5	2017-03-22 14:07:42	pending delivery to org
302	16	545	Call this a payment ID	1	2017-03-21 22:24:26	pending delivery to org
303	15	189	Call this a payment ID	1	2017-03-10 15:02:44	pending delivery to org
304	16	912	Call this a payment ID	4	2017-05-20 06:01:32	pending delivery to org
305	16	248	Call this a payment ID	4	2017-10-30 11:35:26	pending delivery to org
306	8	190	Call this a payment ID	5	2017-11-14 19:11:31	pending delivery to org
307	16	490	Call this a payment ID	2	2017-06-14 10:16:42	pending delivery to org
308	9	401	Call this a payment ID	1	2017-08-02 09:22:33	pending delivery to org
309	9	808	Call this a payment ID	5	2017-02-26 18:58:00	pending delivery to org
310	16	424	Call this a payment ID	5	2017-11-22 06:56:31	pending delivery to org
311	8	397	Call this a payment ID	5	2017-11-12 23:41:25	pending delivery to org
312	13	940	Call this a payment ID	4	2017-01-13 19:04:17	pending delivery to org
313	15	508	Call this a payment ID	3	2017-05-05 11:48:26	pending delivery to org
314	9	542	Call this a payment ID	3	2017-04-12 19:57:35	pending delivery to org
315	9	489	Call this a payment ID	2	2017-08-12 16:16:23	pending delivery to org
316	9	22	Call this a payment ID	1	2017-07-24 03:39:34	pending delivery to org
317	16	472	Call this a payment ID	5	2017-05-13 14:40:53	pending delivery to org
318	16	878	Call this a payment ID	3	2017-04-18 17:32:49	pending delivery to org
319	13	695	Call this a payment ID	1	2017-08-12 17:12:48	pending delivery to org
320	8	437	Call this a payment ID	5	2017-10-30 18:09:55	pending delivery to org
321	8	722	Call this a payment ID	2	2017-01-17 16:03:29	pending delivery to org
322	8	910	Call this a payment ID	4	2017-11-25 11:49:17	pending delivery to org
323	15	290	Call this a payment ID	3	2017-09-01 14:57:33	pending delivery to org
324	15	269	Call this a payment ID	2	2017-04-18 17:47:22	pending delivery to org
325	15	186	Call this a payment ID	4	2017-03-24 21:02:30	pending delivery to org
326	13	383	Call this a payment ID	3	2017-01-08 16:22:53	pending delivery to org
327	16	732	Call this a payment ID	1	2017-11-01 12:58:44	pending delivery to org
328	15	617	Call this a payment ID	4	2017-07-14 03:46:50	pending delivery to org
329	9	898	Call this a payment ID	1	2017-07-23 13:53:49	pending delivery to org
330	15	878	Call this a payment ID	3	2017-08-27 14:58:46	pending delivery to org
331	13	283	Call this a payment ID	1	2017-05-02 14:39:41	pending delivery to org
332	16	606	Call this a payment ID	5	2017-08-15 19:48:16	pending delivery to org
333	9	995	Call this a payment ID	5	2017-05-29 03:34:30	pending delivery to org
334	9	917	Call this a payment ID	5	2017-09-14 09:29:00	pending delivery to org
335	9	836	Call this a payment ID	2	2017-06-04 21:47:51	pending delivery to org
336	8	459	Call this a payment ID	3	2017-03-14 02:28:50	pending delivery to org
337	13	754	Call this a payment ID	3	2017-05-04 23:32:14	pending delivery to org
338	13	145	Call this a payment ID	3	2017-06-20 11:59:42	pending delivery to org
339	15	403	Call this a payment ID	3	2017-02-01 05:11:35	pending delivery to org
340	8	520	Call this a payment ID	4	2017-03-03 13:36:23	pending delivery to org
341	8	730	Call this a payment ID	2	2017-04-30 22:30:06	pending delivery to org
342	15	240	Call this a payment ID	4	2017-08-01 03:19:03	pending delivery to org
343	8	208	Call this a payment ID	3	2017-03-17 22:33:23	pending delivery to org
344	9	862	Call this a payment ID	1	2017-06-25 21:19:23	pending delivery to org
345	15	183	Call this a payment ID	4	2017-07-06 05:43:58	pending delivery to org
346	8	519	Call this a payment ID	5	2017-01-01 10:52:28	pending delivery to org
347	8	718	Call this a payment ID	5	2017-07-17 05:33:06	pending delivery to org
348	16	199	Call this a payment ID	4	2017-09-23 08:47:50	pending delivery to org
349	9	628	Call this a payment ID	3	2017-08-03 03:45:55	pending delivery to org
350	16	944	Call this a payment ID	4	2017-10-06 03:32:23	pending delivery to org
351	8	775	Call this a payment ID	1	2017-05-06 05:21:18	pending delivery to org
352	9	906	Call this a payment ID	4	2017-03-07 14:15:22	pending delivery to org
353	15	504	Call this a payment ID	5	2017-05-22 22:05:59	pending delivery to org
354	8	245	Call this a payment ID	2	2017-11-11 22:19:00	pending delivery to org
355	13	520	Call this a payment ID	4	2017-05-18 12:17:58	pending delivery to org
356	16	249	Call this a payment ID	5	2017-02-05 09:44:14	pending delivery to org
357	8	907	Call this a payment ID	2	2017-02-04 10:12:44	pending delivery to org
358	15	281	Call this a payment ID	2	2017-03-02 19:08:39	pending delivery to org
359	15	596	Call this a payment ID	1	2017-10-28 22:55:17	pending delivery to org
360	13	176	Call this a payment ID	3	2017-11-30 03:47:24	pending delivery to org
361	9	661	Call this a payment ID	1	2017-07-10 07:41:23	pending delivery to org
362	9	589	Call this a payment ID	3	2017-11-12 22:25:53	pending delivery to org
363	8	709	Call this a payment ID	5	2017-06-30 20:15:30	pending delivery to org
364	15	436	Call this a payment ID	2	2017-01-08 18:12:01	pending delivery to org
365	9	131	Call this a payment ID	1	2017-11-18 04:05:23	pending delivery to org
367	15	477	Call this a payment ID	5	2017-05-29 03:31:27	pending delivery to org
368	8	229	Call this a payment ID	3	2017-01-28 02:49:45	pending delivery to org
369	15	990	Call this a payment ID	4	2017-10-15 13:54:35	pending delivery to org
370	8	530	Call this a payment ID	5	2017-06-23 20:10:20	pending delivery to org
371	9	477	Call this a payment ID	5	2017-04-30 17:19:51	pending delivery to org
372	16	941	Call this a payment ID	4	2017-09-24 06:39:29	pending delivery to org
373	13	480	Call this a payment ID	3	2017-09-09 01:04:10	pending delivery to org
374	16	653	Call this a payment ID	5	2017-02-24 21:56:55	pending delivery to org
375	9	180	Call this a payment ID	3	2017-10-10 14:34:04	pending delivery to org
376	16	966	Call this a payment ID	4	2017-07-06 14:35:38	pending delivery to org
377	8	394	Call this a payment ID	2	2017-07-21 17:21:29	pending delivery to org
378	13	895	Call this a payment ID	3	2017-06-30 07:33:00	pending delivery to org
379	16	822	Call this a payment ID	2	2017-10-21 08:30:34	pending delivery to org
380	15	315	Call this a payment ID	4	2017-08-20 06:14:26	pending delivery to org
381	9	919	Call this a payment ID	5	2017-02-12 11:13:29	pending delivery to org
382	15	671	Call this a payment ID	1	2017-03-08 19:25:54	pending delivery to org
383	16	218	Call this a payment ID	1	2017-10-25 18:47:00	pending delivery to org
384	16	154	Call this a payment ID	4	2017-08-25 05:53:10	pending delivery to org
385	9	823	Call this a payment ID	5	2017-01-29 06:02:31	pending delivery to org
386	13	130	Call this a payment ID	5	2017-10-09 19:38:56	pending delivery to org
387	9	746	Call this a payment ID	4	2017-10-23 16:57:24	pending delivery to org
388	16	179	Call this a payment ID	1	2017-03-09 05:37:56	pending delivery to org
389	8	185	Call this a payment ID	4	2017-07-21 20:28:24	pending delivery to org
390	9	164	Call this a payment ID	2	2017-03-10 12:00:12	pending delivery to org
391	15	507	Call this a payment ID	5	2017-12-04 03:59:08	pending delivery to org
392	9	275	Call this a payment ID	2	2017-07-09 13:59:42	pending delivery to org
393	15	452	Call this a payment ID	5	2017-05-30 11:25:53	pending delivery to org
394	8	662	Call this a payment ID	1	2017-09-21 16:50:46	pending delivery to org
395	9	175	Call this a payment ID	5	2017-02-26 13:46:52	pending delivery to org
396	9	591	Call this a payment ID	4	2017-09-15 19:56:05	pending delivery to org
397	13	972	Call this a payment ID	3	2017-11-02 18:13:48	pending delivery to org
398	16	159	Call this a payment ID	1	2017-02-20 23:56:43	pending delivery to org
399	9	235	Call this a payment ID	4	2017-01-06 18:26:23	pending delivery to org
400	8	165	Call this a payment ID	5	2017-04-15 11:45:02	pending delivery to org
401	15	470	Call this a payment ID	5	2017-07-10 09:35:07	pending delivery to org
402	9	986	Call this a payment ID	4	2017-09-23 04:24:58	pending delivery to org
403	9	627	Call this a payment ID	3	2017-01-30 01:23:07	pending delivery to org
404	16	928	Call this a payment ID	4	2017-07-16 07:39:18	pending delivery to org
405	8	984	Call this a payment ID	4	2017-08-23 14:35:58	pending delivery to org
406	13	760	Call this a payment ID	3	2017-08-06 10:49:35	pending delivery to org
407	16	136	Call this a payment ID	5	2017-12-03 14:36:30	pending delivery to org
408	8	573	Call this a payment ID	2	2017-05-11 03:00:52	pending delivery to org
409	16	431	Call this a payment ID	5	2017-01-25 16:34:54	pending delivery to org
410	16	969	Call this a payment ID	4	2017-11-11 03:27:14	pending delivery to org
411	9	628	Call this a payment ID	3	2017-11-09 04:42:44	pending delivery to org
412	15	134	Call this a payment ID	2	2017-05-26 05:31:49	pending delivery to org
413	8	834	Call this a payment ID	5	2017-02-14 20:18:49	pending delivery to org
414	13	545	Call this a payment ID	1	2017-05-18 10:56:47	pending delivery to org
415	8	728	Call this a payment ID	4	2017-10-16 19:14:25	pending delivery to org
416	9	461	Call this a payment ID	4	2017-10-10 18:08:26	pending delivery to org
417	8	804	Call this a payment ID	2	2017-09-05 20:06:53	pending delivery to org
418	13	232	Call this a payment ID	3	2017-08-02 12:49:31	pending delivery to org
419	13	483	Call this a payment ID	4	2017-08-05 17:45:18	pending delivery to org
420	9	878	Call this a payment ID	3	2017-09-14 03:36:18	pending delivery to org
421	8	162	Call this a payment ID	1	2017-10-08 16:39:51	pending delivery to org
422	15	733	Call this a payment ID	5	2017-10-19 12:19:34	pending delivery to org
423	9	844	Call this a payment ID	3	2017-07-24 22:22:39	pending delivery to org
424	8	285	Call this a payment ID	1	2017-05-03 05:49:00	pending delivery to org
425	15	548	Call this a payment ID	2	2017-12-02 13:32:35	pending delivery to org
426	15	549	Call this a payment ID	2	2017-01-05 02:43:47	pending delivery to org
427	16	677	Call this a payment ID	1	2017-06-13 08:08:33	pending delivery to org
428	16	482	Call this a payment ID	4	2017-11-11 04:22:15	pending delivery to org
429	13	402	Call this a payment ID	5	2017-05-15 18:35:43	pending delivery to org
430	16	241	Call this a payment ID	5	2017-04-01 12:40:48	pending delivery to org
431	15	645	Call this a payment ID	4	2017-04-06 03:33:37	pending delivery to org
432	16	691	Call this a payment ID	3	2017-10-09 03:30:41	pending delivery to org
433	9	756	Call this a payment ID	4	2017-04-20 04:54:50	pending delivery to org
434	8	369	Call this a payment ID	5	2017-07-15 21:08:21	pending delivery to org
435	8	485	Call this a payment ID	3	2017-01-10 21:30:43	pending delivery to org
436	8	818	Call this a payment ID	1	2017-05-15 18:44:15	pending delivery to org
437	15	848	Call this a payment ID	4	2017-07-06 21:10:20	pending delivery to org
438	8	241	Call this a payment ID	5	2017-11-16 12:20:26	pending delivery to org
439	9	656	Call this a payment ID	4	2017-08-27 20:13:53	pending delivery to org
440	9	706	Call this a payment ID	3	2017-02-17 19:30:04	pending delivery to org
441	9	652	Call this a payment ID	4	2017-11-23 14:50:55	pending delivery to org
442	13	234	Call this a payment ID	2	2017-07-23 04:13:03	pending delivery to org
443	9	440	Call this a payment ID	5	2017-02-23 01:22:06	pending delivery to org
444	8	426	Call this a payment ID	4	2017-07-15 23:02:00	pending delivery to org
445	15	483	Call this a payment ID	4	2017-09-14 12:06:03	pending delivery to org
446	13	525	Call this a payment ID	5	2017-10-28 15:31:45	pending delivery to org
447	15	155	Call this a payment ID	4	2017-09-06 00:53:40	pending delivery to org
448	16	464	Call this a payment ID	5	2017-08-01 19:31:42	pending delivery to org
449	9	128	Call this a payment ID	1	2017-11-03 11:07:57	pending delivery to org
450	13	990	Call this a payment ID	4	2017-08-08 07:35:00	pending delivery to org
451	16	886	Call this a payment ID	3	2017-11-13 16:07:39	pending delivery to org
452	9	490	Call this a payment ID	2	2017-02-10 15:28:52	pending delivery to org
453	13	490	Call this a payment ID	2	2017-11-15 14:29:43	pending delivery to org
454	9	732	Call this a payment ID	1	2017-05-25 06:47:49	pending delivery to org
455	9	720	Call this a payment ID	1	2017-03-03 10:31:40	pending delivery to org
456	15	949	Call this a payment ID	5	2017-05-07 11:17:51	pending delivery to org
457	8	940	Call this a payment ID	4	2017-02-24 18:46:55	pending delivery to org
458	16	446	Call this a payment ID	5	2017-10-05 03:58:01	pending delivery to org
459	16	812	Call this a payment ID	2	2017-08-23 01:27:59	pending delivery to org
460	13	921	Call this a payment ID	1	2017-01-05 21:16:33	pending delivery to org
461	9	664	Call this a payment ID	3	2017-07-18 02:11:39	pending delivery to org
462	15	512	Call this a payment ID	3	2017-06-03 18:39:23	pending delivery to org
463	9	881	Call this a payment ID	2	2017-02-12 20:36:02	pending delivery to org
464	13	651	Call this a payment ID	1	2017-11-12 05:48:32	pending delivery to org
465	9	810	Call this a payment ID	2	2017-07-25 14:27:22	pending delivery to org
466	9	200	Call this a payment ID	4	2017-04-13 09:17:16	pending delivery to org
467	16	383	Call this a payment ID	3	2017-05-03 17:30:52	pending delivery to org
468	9	451	Call this a payment ID	1	2017-01-31 14:12:29	pending delivery to org
469	13	663	Call this a payment ID	4	2017-11-27 02:56:10	pending delivery to org
470	15	355	Call this a payment ID	2	2017-11-28 01:48:47	pending delivery to org
471	16	554	Call this a payment ID	4	2017-09-20 05:19:52	pending delivery to org
472	13	97	Call this a payment ID	4	2017-02-24 07:52:06	pending delivery to org
473	16	661	Call this a payment ID	1	2017-11-13 13:59:19	pending delivery to org
474	16	518	Call this a payment ID	5	2017-10-17 23:30:39	pending delivery to org
475	13	563	Call this a payment ID	2	2017-05-19 00:14:27	pending delivery to org
476	8	227	Call this a payment ID	4	2017-12-03 17:58:51	pending delivery to org
477	8	527	Call this a payment ID	4	2017-09-16 20:17:34	pending delivery to org
478	13	15	Call this a payment ID	1	2017-09-19 07:22:59	pending delivery to org
479	13	177	Call this a payment ID	1	2017-11-01 01:54:50	pending delivery to org
480	9	920	Call this a payment ID	2	2017-05-13 01:43:01	pending delivery to org
481	9	638	Call this a payment ID	3	2017-05-15 16:56:49	pending delivery to org
482	13	652	Call this a payment ID	4	2017-09-15 23:10:52	pending delivery to org
483	9	676	Call this a payment ID	3	2017-01-27 04:17:46	pending delivery to org
484	15	661	Call this a payment ID	1	2017-05-14 22:47:26	pending delivery to org
485	9	936	Call this a payment ID	1	2017-02-01 20:16:23	pending delivery to org
486	15	550	Call this a payment ID	1	2017-01-15 04:54:09	pending delivery to org
487	13	431	Call this a payment ID	5	2017-04-13 00:34:34	pending delivery to org
488	16	730	Call this a payment ID	2	2017-08-23 03:23:51	pending delivery to org
489	9	672	Call this a payment ID	2	2017-04-08 22:27:29	pending delivery to org
490	8	329	Call this a payment ID	5	2017-04-23 02:00:17	pending delivery to org
491	13	707	Call this a payment ID	1	2017-02-22 04:26:50	pending delivery to org
492	16	536	Call this a payment ID	4	2017-03-16 06:52:36	pending delivery to org
493	13	390	Call this a payment ID	2	2017-06-04 03:36:46	pending delivery to org
494	9	963	Call this a payment ID	3	2017-02-07 18:30:21	pending delivery to org
495	13	959	Call this a payment ID	1	2017-09-21 22:45:33	pending delivery to org
496	16	960	Call this a payment ID	4	2017-01-31 08:47:55	pending delivery to org
497	8	900	Call this a payment ID	2	2017-10-02 18:03:21	pending delivery to org
498	13	699	Call this a payment ID	2	2017-10-19 07:09:48	pending delivery to org
499	13	342	Call this a payment ID	1	2017-10-08 12:29:28	pending delivery to org
500	8	530	Call this a payment ID	5	2017-04-28 18:22:00	pending delivery to org
501	8	789	Call this a payment ID	1	2017-01-20 02:36:57	pending delivery to org
502	13	107	Call this a payment ID	1	2017-01-27 15:35:06	pending delivery to org
503	13	551	Call this a payment ID	4	2017-10-06 09:26:58	pending delivery to org
504	16	873	Call this a payment ID	4	2017-09-26 00:56:52	pending delivery to org
505	16	309	Call this a payment ID	5	2017-11-07 14:46:31	pending delivery to org
506	16	604	Call this a payment ID	4	2017-03-02 22:49:09	pending delivery to org
507	13	244	Call this a payment ID	3	2017-06-15 20:20:34	pending delivery to org
508	9	959	Call this a payment ID	1	2017-09-07 06:18:05	pending delivery to org
509	9	20	Call this a payment ID	2	2017-06-22 04:27:07	pending delivery to org
510	15	318	Call this a payment ID	1	2017-08-18 07:18:09	pending delivery to org
511	9	99	Call this a payment ID	3	2017-11-25 01:25:18	pending delivery to org
512	15	548	Call this a payment ID	2	2017-01-30 01:57:21	pending delivery to org
513	13	719	Call this a payment ID	5	2017-08-29 16:50:34	pending delivery to org
514	13	313	Call this a payment ID	1	2017-07-07 11:00:31	pending delivery to org
515	13	241	Call this a payment ID	5	2017-03-22 19:29:10	pending delivery to org
516	15	954	Call this a payment ID	4	2017-03-12 12:34:22	pending delivery to org
517	9	737	Call this a payment ID	5	2017-06-25 13:35:57	pending delivery to org
518	16	922	Call this a payment ID	1	2017-05-20 16:02:29	pending delivery to org
519	16	264	Call this a payment ID	2	2017-02-08 09:42:57	pending delivery to org
520	8	281	Call this a payment ID	2	2017-07-07 16:11:09	pending delivery to org
521	16	297	Call this a payment ID	1	2017-06-04 23:44:30	pending delivery to org
522	13	300	Call this a payment ID	1	2017-05-23 15:37:43	pending delivery to org
523	8	965	Call this a payment ID	1	2017-01-31 21:20:20	pending delivery to org
524	9	352	Call this a payment ID	5	2017-11-04 19:11:53	pending delivery to org
525	13	548	Call this a payment ID	2	2017-06-26 13:35:42	pending delivery to org
526	15	234	Call this a payment ID	2	2017-04-08 22:00:57	pending delivery to org
527	15	468	Call this a payment ID	2	2017-07-19 23:01:33	pending delivery to org
528	8	622	Call this a payment ID	5	2017-09-19 01:40:01	pending delivery to org
529	13	997	Call this a payment ID	4	2017-11-10 09:17:03	pending delivery to org
530	13	754	Call this a payment ID	3	2017-04-28 00:05:51	pending delivery to org
531	15	742	Call this a payment ID	1	2017-03-31 18:37:21	pending delivery to org
532	16	999	Call this a payment ID	1	2017-01-17 02:12:08	pending delivery to org
533	8	959	Call this a payment ID	1	2017-07-09 19:42:51	pending delivery to org
534	15	282	Call this a payment ID	1	2017-03-26 17:56:39	pending delivery to org
535	15	423	Call this a payment ID	2	2017-05-13 03:24:24	pending delivery to org
536	16	236	Call this a payment ID	4	2017-03-31 15:49:28	pending delivery to org
537	13	244	Call this a payment ID	3	2017-06-22 02:13:01	pending delivery to org
538	15	758	Call this a payment ID	1	2017-05-12 21:28:57	pending delivery to org
539	13	439	Call this a payment ID	3	2017-01-01 09:59:04	pending delivery to org
540	8	416	Call this a payment ID	5	2017-02-09 17:48:37	pending delivery to org
541	13	845	Call this a payment ID	3	2017-08-09 22:27:24	pending delivery to org
542	8	942	Call this a payment ID	5	2017-06-03 16:13:16	pending delivery to org
543	15	298	Call this a payment ID	4	2017-08-07 12:04:26	pending delivery to org
544	13	510	Call this a payment ID	5	2017-05-13 14:40:44	pending delivery to org
545	8	718	Call this a payment ID	5	2017-06-23 03:09:46	pending delivery to org
546	8	516	Call this a payment ID	1	2017-03-27 22:00:27	pending delivery to org
547	8	266	Call this a payment ID	5	2017-08-26 03:24:48	pending delivery to org
548	16	711	Call this a payment ID	4	2017-10-05 20:45:39	pending delivery to org
549	15	881	Call this a payment ID	2	2017-04-11 12:04:36	pending delivery to org
550	9	506	Call this a payment ID	4	2017-05-29 10:54:59	pending delivery to org
551	13	653	Call this a payment ID	5	2017-07-03 07:44:00	pending delivery to org
552	8	199	Call this a payment ID	4	2017-07-20 13:28:42	pending delivery to org
553	9	436	Call this a payment ID	2	2017-09-19 08:16:26	pending delivery to org
554	8	802	Call this a payment ID	3	2017-08-07 17:03:16	pending delivery to org
555	15	837	Call this a payment ID	1	2017-03-11 02:42:24	pending delivery to org
556	16	401	Call this a payment ID	1	2017-03-08 16:03:49	pending delivery to org
557	8	218	Call this a payment ID	1	2017-06-06 13:43:59	pending delivery to org
558	9	822	Call this a payment ID	2	2017-07-19 17:16:58	pending delivery to org
559	15	213	Call this a payment ID	4	2017-11-25 15:07:59	pending delivery to org
560	9	356	Call this a payment ID	5	2017-04-17 10:18:56	pending delivery to org
561	8	246	Call this a payment ID	5	2017-10-02 13:21:41	pending delivery to org
562	13	169	Call this a payment ID	4	2017-01-16 06:50:08	pending delivery to org
563	9	572	Call this a payment ID	2	2017-10-21 11:29:55	pending delivery to org
564	15	328	Call this a payment ID	2	2017-05-11 15:04:22	pending delivery to org
565	16	560	Call this a payment ID	5	2017-09-20 12:39:35	pending delivery to org
566	13	945	Call this a payment ID	1	2017-10-03 14:03:04	pending delivery to org
567	9	970	Call this a payment ID	2	2017-06-03 05:58:27	pending delivery to org
568	15	714	Call this a payment ID	5	2017-03-17 23:04:32	pending delivery to org
569	9	916	Call this a payment ID	1	2017-02-16 01:35:41	pending delivery to org
570	13	170	Call this a payment ID	2	2017-04-10 00:15:42	pending delivery to org
571	15	568	Call this a payment ID	2	2017-06-12 09:37:52	pending delivery to org
572	13	592	Call this a payment ID	4	2017-08-04 05:57:25	pending delivery to org
573	13	367	Call this a payment ID	1	2017-05-10 17:48:05	pending delivery to org
574	8	215	Call this a payment ID	2	2017-11-04 21:12:44	pending delivery to org
575	13	99	Call this a payment ID	3	2017-04-15 23:43:44	pending delivery to org
576	13	717	Call this a payment ID	1	2017-01-27 14:26:52	pending delivery to org
577	9	527	Call this a payment ID	4	2017-09-28 20:23:10	pending delivery to org
578	8	622	Call this a payment ID	5	2017-05-19 17:26:33	pending delivery to org
579	13	105	Call this a payment ID	2	2017-06-24 14:59:47	pending delivery to org
580	16	971	Call this a payment ID	1	2017-01-30 14:32:14	pending delivery to org
581	16	510	Call this a payment ID	5	2017-11-18 10:22:35	pending delivery to org
582	13	935	Call this a payment ID	1	2017-06-28 13:00:15	pending delivery to org
583	16	757	Call this a payment ID	5	2017-06-08 08:12:57	pending delivery to org
584	16	769	Call this a payment ID	3	2017-08-27 08:50:31	pending delivery to org
585	8	316	Call this a payment ID	3	2017-09-18 17:36:11	pending delivery to org
586	15	453	Call this a payment ID	4	2017-06-14 11:50:16	pending delivery to org
587	9	157	Call this a payment ID	5	2017-06-28 20:25:52	pending delivery to org
588	8	392	Call this a payment ID	1	2017-05-02 07:32:34	pending delivery to org
589	15	529	Call this a payment ID	3	2017-08-01 03:13:40	pending delivery to org
590	9	201	Call this a payment ID	5	2017-07-06 23:28:28	pending delivery to org
591	13	840	Call this a payment ID	5	2017-01-05 06:46:16	pending delivery to org
592	9	663	Call this a payment ID	4	2017-10-02 12:23:56	pending delivery to org
593	8	798	Call this a payment ID	3	2017-09-13 06:08:35	pending delivery to org
594	13	902	Call this a payment ID	4	2017-02-08 19:28:06	pending delivery to org
595	15	182	Call this a payment ID	2	2017-10-20 05:10:16	pending delivery to org
596	13	266	Call this a payment ID	5	2017-01-20 05:36:04	pending delivery to org
597	13	20	Call this a payment ID	2	2017-06-02 13:43:27	pending delivery to org
598	15	942	Call this a payment ID	5	2017-03-30 00:00:54	pending delivery to org
599	15	861	Call this a payment ID	1	2017-09-30 20:20:08	pending delivery to org
600	16	256	Call this a payment ID	5	2017-06-30 06:23:27	pending delivery to org
601	15	860	Call this a payment ID	4	2017-11-08 09:33:55	pending delivery to org
602	16	33	Call this a payment ID	1	2017-01-13 01:03:48	pending delivery to org
603	16	969	Call this a payment ID	4	2017-08-02 23:03:00	pending delivery to org
604	8	673	Call this a payment ID	4	2017-11-24 08:28:07	pending delivery to org
605	15	139	Call this a payment ID	2	2017-09-14 09:47:53	pending delivery to org
606	9	848	Call this a payment ID	4	2017-11-21 12:51:33	pending delivery to org
607	15	459	Call this a payment ID	3	2017-02-19 21:59:33	pending delivery to org
608	16	970	Call this a payment ID	2	2017-02-10 00:35:50	pending delivery to org
609	9	506	Call this a payment ID	4	2017-01-09 21:37:33	pending delivery to org
610	15	220	Call this a payment ID	5	2017-04-30 14:44:25	pending delivery to org
611	15	150	Call this a payment ID	1	2017-08-01 08:42:43	pending delivery to org
612	8	147	Call this a payment ID	5	2017-11-13 02:34:27	pending delivery to org
613	15	954	Call this a payment ID	4	2017-03-21 02:17:44	pending delivery to org
614	16	743	Call this a payment ID	1	2017-11-04 23:20:48	pending delivery to org
615	9	424	Call this a payment ID	5	2017-03-28 01:29:43	pending delivery to org
616	8	496	Call this a payment ID	1	2017-01-25 17:21:41	pending delivery to org
617	16	477	Call this a payment ID	5	2017-03-16 16:50:06	pending delivery to org
618	13	500	Call this a payment ID	4	2017-03-21 05:59:57	pending delivery to org
619	8	579	Call this a payment ID	4	2017-03-21 21:26:38	pending delivery to org
620	8	607	Call this a payment ID	2	2017-08-28 01:24:32	pending delivery to org
621	13	457	Call this a payment ID	1	2017-09-26 17:23:47	pending delivery to org
622	15	491	Call this a payment ID	2	2017-08-26 18:30:27	pending delivery to org
623	9	243	Call this a payment ID	5	2017-07-15 01:19:58	pending delivery to org
624	13	256	Call this a payment ID	5	2017-08-15 03:25:49	pending delivery to org
625	13	161	Call this a payment ID	2	2017-08-06 14:55:00	pending delivery to org
626	16	649	Call this a payment ID	1	2017-02-26 22:42:11	pending delivery to org
627	15	674	Call this a payment ID	5	2017-05-24 18:46:26	pending delivery to org
628	9	226	Call this a payment ID	3	2017-01-23 23:16:08	pending delivery to org
629	8	982	Call this a payment ID	1	2017-07-08 11:08:38	pending delivery to org
630	9	178	Call this a payment ID	5	2017-07-20 13:17:50	pending delivery to org
631	13	296	Call this a payment ID	4	2017-07-17 17:47:47	pending delivery to org
632	8	319	Call this a payment ID	5	2017-03-08 06:35:49	pending delivery to org
633	13	521	Call this a payment ID	1	2017-11-26 17:34:34	pending delivery to org
634	8	692	Call this a payment ID	3	2017-03-29 20:00:06	pending delivery to org
635	15	310	Call this a payment ID	1	2017-01-05 07:50:18	pending delivery to org
636	15	983	Call this a payment ID	3	2017-10-16 12:54:32	pending delivery to org
637	16	644	Call this a payment ID	4	2017-11-14 18:20:40	pending delivery to org
638	9	133	Call this a payment ID	2	2017-02-26 08:24:33	pending delivery to org
639	8	536	Call this a payment ID	4	2017-11-12 10:53:05	pending delivery to org
640	15	855	Call this a payment ID	4	2017-06-13 01:47:50	pending delivery to org
641	15	370	Call this a payment ID	2	2017-04-16 23:10:11	pending delivery to org
642	9	415	Call this a payment ID	4	2017-03-31 20:46:56	pending delivery to org
643	13	200	Call this a payment ID	4	2017-02-13 09:48:49	pending delivery to org
644	8	365	Call this a payment ID	3	2017-01-11 12:53:48	pending delivery to org
645	16	382	Call this a payment ID	3	2017-05-05 07:22:44	pending delivery to org
646	8	183	Call this a payment ID	4	2017-01-24 08:10:02	pending delivery to org
647	13	614	Call this a payment ID	4	2017-10-30 04:11:51	pending delivery to org
648	9	299	Call this a payment ID	2	2017-09-19 01:08:57	pending delivery to org
649	9	233	Call this a payment ID	4	2017-05-14 11:39:12	pending delivery to org
650	9	426	Call this a payment ID	4	2017-01-13 03:12:24	pending delivery to org
651	8	343	Call this a payment ID	5	2017-06-22 15:46:24	pending delivery to org
652	13	155	Call this a payment ID	4	2017-06-03 10:14:50	pending delivery to org
653	16	429	Call this a payment ID	4	2017-07-15 12:53:39	pending delivery to org
654	16	793	Call this a payment ID	5	2017-07-16 19:25:23	pending delivery to org
655	9	339	Call this a payment ID	4	2017-04-30 08:59:20	pending delivery to org
656	8	103	Call this a payment ID	1	2017-07-28 20:09:03	pending delivery to org
657	16	865	Call this a payment ID	1	2017-04-23 15:09:54	pending delivery to org
658	16	904	Call this a payment ID	5	2017-01-04 02:14:15	pending delivery to org
659	9	826	Call this a payment ID	5	2017-01-12 21:24:11	pending delivery to org
660	15	700	Call this a payment ID	5	2017-09-20 17:09:42	pending delivery to org
661	8	307	Call this a payment ID	5	2017-10-10 09:20:08	pending delivery to org
662	13	626	Call this a payment ID	4	2017-01-14 02:08:10	pending delivery to org
663	9	588	Call this a payment ID	4	2017-03-28 07:07:05	pending delivery to org
664	13	634	Call this a payment ID	3	2017-02-01 15:09:18	pending delivery to org
665	15	370	Call this a payment ID	2	2017-08-05 06:44:51	pending delivery to org
666	16	712	Call this a payment ID	5	2017-07-14 08:35:27	pending delivery to org
667	9	537	Call this a payment ID	1	2017-07-07 20:25:25	pending delivery to org
668	13	542	Call this a payment ID	3	2017-08-16 00:43:02	pending delivery to org
669	15	836	Call this a payment ID	2	2017-04-26 06:16:05	pending delivery to org
670	13	586	Call this a payment ID	1	2017-02-03 11:34:57	pending delivery to org
671	13	682	Call this a payment ID	4	2017-05-08 08:39:10	pending delivery to org
672	13	541	Call this a payment ID	5	2017-09-08 22:49:45	pending delivery to org
673	16	231	Call this a payment ID	1	2017-04-10 22:41:53	pending delivery to org
674	16	221	Call this a payment ID	5	2017-08-01 14:46:12	pending delivery to org
675	9	779	Call this a payment ID	4	2017-01-09 01:49:58	pending delivery to org
676	15	741	Call this a payment ID	3	2017-03-04 18:17:08	pending delivery to org
677	16	530	Call this a payment ID	5	2017-04-03 03:29:07	pending delivery to org
678	9	814	Call this a payment ID	3	2017-01-24 01:19:38	pending delivery to org
679	9	264	Call this a payment ID	2	2017-06-07 02:39:34	pending delivery to org
680	16	96	Call this a payment ID	3	2017-11-13 01:34:16	pending delivery to org
681	9	401	Call this a payment ID	1	2017-05-25 16:36:00	pending delivery to org
682	13	949	Call this a payment ID	5	2017-07-25 21:48:53	pending delivery to org
683	9	497	Call this a payment ID	4	2017-02-11 16:14:46	pending delivery to org
684	13	240	Call this a payment ID	4	2017-03-22 09:58:37	pending delivery to org
685	15	722	Call this a payment ID	2	2017-01-06 17:37:31	pending delivery to org
686	15	700	Call this a payment ID	5	2017-05-12 16:02:04	pending delivery to org
687	15	856	Call this a payment ID	2	2017-07-14 20:37:51	pending delivery to org
688	16	467	Call this a payment ID	5	2017-09-04 18:01:25	pending delivery to org
689	13	605	Call this a payment ID	1	2017-11-24 01:32:21	pending delivery to org
690	16	644	Call this a payment ID	4	2017-04-14 13:20:52	pending delivery to org
691	8	337	Call this a payment ID	2	2017-06-18 01:34:24	pending delivery to org
692	8	856	Call this a payment ID	2	2017-06-25 23:09:07	pending delivery to org
693	16	801	Call this a payment ID	1	2017-12-03 21:28:55	pending delivery to org
694	8	670	Call this a payment ID	5	2017-02-06 06:37:53	pending delivery to org
695	16	764	Call this a payment ID	1	2017-02-04 13:50:10	pending delivery to org
696	13	814	Call this a payment ID	3	2017-08-14 07:26:48	pending delivery to org
697	16	251	Call this a payment ID	3	2017-06-29 12:19:22	pending delivery to org
698	15	306	Call this a payment ID	5	2017-07-21 06:21:27	pending delivery to org
699	9	102	Call this a payment ID	4	2017-10-22 12:58:53	pending delivery to org
700	8	126	Call this a payment ID	4	2017-08-06 13:06:48	pending delivery to org
701	13	747	Call this a payment ID	3	2017-06-04 23:13:10	pending delivery to org
702	8	511	Call this a payment ID	2	2017-04-08 20:43:25	pending delivery to org
703	15	129	Call this a payment ID	3	2017-06-12 12:51:02	pending delivery to org
704	8	410	Call this a payment ID	5	2017-12-03 22:55:25	pending delivery to org
705	9	122	Call this a payment ID	1	2017-03-12 02:39:12	pending delivery to org
706	13	180	Call this a payment ID	3	2017-06-02 20:45:47	pending delivery to org
707	8	254	Call this a payment ID	5	2017-06-30 06:15:05	pending delivery to org
708	15	548	Call this a payment ID	2	2017-03-18 22:42:07	pending delivery to org
709	16	611	Call this a payment ID	5	2017-06-08 22:10:05	pending delivery to org
710	16	791	Call this a payment ID	1	2017-02-01 11:48:39	pending delivery to org
711	15	966	Call this a payment ID	4	2017-01-12 14:24:18	pending delivery to org
712	13	281	Call this a payment ID	2	2017-07-30 02:46:12	pending delivery to org
713	13	751	Call this a payment ID	2	2017-10-05 00:09:19	pending delivery to org
714	9	314	Call this a payment ID	5	2017-11-29 10:48:39	pending delivery to org
715	16	530	Call this a payment ID	5	2017-05-28 19:58:14	pending delivery to org
716	9	863	Call this a payment ID	4	2017-08-06 01:20:03	pending delivery to org
717	8	413	Call this a payment ID	4	2017-10-19 19:22:10	pending delivery to org
718	9	418	Call this a payment ID	3	2017-01-27 07:50:53	pending delivery to org
719	15	699	Call this a payment ID	2	2017-11-15 14:05:35	pending delivery to org
720	15	287	Call this a payment ID	4	2017-01-18 16:41:23	pending delivery to org
721	13	574	Call this a payment ID	1	2017-07-22 07:37:51	pending delivery to org
722	15	181	Call this a payment ID	3	2017-06-13 14:32:38	pending delivery to org
723	9	468	Call this a payment ID	2	2017-01-27 00:51:59	pending delivery to org
724	8	596	Call this a payment ID	1	2017-11-28 05:30:08	pending delivery to org
725	8	934	Call this a payment ID	2	2017-08-25 11:03:38	pending delivery to org
726	8	104	Call this a payment ID	4	2017-05-03 19:35:40	pending delivery to org
727	9	308	Call this a payment ID	3	2017-11-30 09:11:53	pending delivery to org
728	13	407	Call this a payment ID	1	2017-07-04 11:45:56	pending delivery to org
729	8	756	Call this a payment ID	4	2017-01-10 19:01:45	pending delivery to org
730	8	303	Call this a payment ID	1	2017-03-20 12:09:28	pending delivery to org
731	13	246	Call this a payment ID	5	2017-09-22 03:30:37	pending delivery to org
732	9	974	Call this a payment ID	1	2017-02-19 10:09:31	pending delivery to org
733	16	887	Call this a payment ID	3	2017-08-02 13:11:41	pending delivery to org
734	8	815	Call this a payment ID	1	2017-03-12 09:53:38	pending delivery to org
735	8	620	Call this a payment ID	2	2017-10-17 08:48:11	pending delivery to org
736	16	317	Call this a payment ID	5	2017-06-02 05:44:25	pending delivery to org
737	15	167	Call this a payment ID	2	2017-10-17 15:48:33	pending delivery to org
738	9	392	Call this a payment ID	1	2017-09-26 10:07:52	pending delivery to org
739	15	697	Call this a payment ID	3	2017-08-13 11:35:18	pending delivery to org
740	16	122	Call this a payment ID	1	2017-01-22 01:17:38	pending delivery to org
741	16	346	Call this a payment ID	5	2017-12-04 10:09:12	pending delivery to org
742	9	441	Call this a payment ID	2	2017-01-27 02:44:31	pending delivery to org
743	8	370	Call this a payment ID	2	2017-01-03 04:47:17	pending delivery to org
744	16	610	Call this a payment ID	1	2017-11-11 09:26:34	pending delivery to org
745	13	223	Call this a payment ID	3	2017-11-05 22:23:08	pending delivery to org
746	15	718	Call this a payment ID	5	2017-01-28 23:04:28	pending delivery to org
747	8	659	Call this a payment ID	4	2017-02-24 14:53:16	pending delivery to org
748	15	913	Call this a payment ID	5	2017-09-30 01:52:39	pending delivery to org
749	13	990	Call this a payment ID	4	2017-01-11 13:06:16	pending delivery to org
750	16	630	Call this a payment ID	3	2017-01-11 20:19:39	pending delivery to org
751	8	526	Call this a payment ID	4	2017-10-28 23:49:17	pending delivery to org
752	16	691	Call this a payment ID	3	2017-03-08 15:16:37	pending delivery to org
753	13	397	Call this a payment ID	5	2017-09-06 21:14:15	pending delivery to org
754	13	977	Call this a payment ID	5	2017-02-08 21:25:51	pending delivery to org
755	16	902	Call this a payment ID	4	2017-10-12 14:28:31	pending delivery to org
756	16	409	Call this a payment ID	5	2017-02-20 03:49:15	pending delivery to org
757	8	654	Call this a payment ID	1	2017-01-08 03:10:19	pending delivery to org
758	15	628	Call this a payment ID	3	2017-09-25 16:33:39	pending delivery to org
759	16	391	Call this a payment ID	3	2017-07-07 10:16:43	pending delivery to org
760	8	570	Call this a payment ID	4	2017-07-19 13:36:28	pending delivery to org
761	8	284	Call this a payment ID	4	2017-09-15 05:41:00	pending delivery to org
762	13	769	Call this a payment ID	3	2017-10-31 19:58:43	pending delivery to org
763	9	742	Call this a payment ID	1	2017-03-24 23:28:42	pending delivery to org
764	15	221	Call this a payment ID	5	2017-09-28 22:00:27	pending delivery to org
765	15	762	Call this a payment ID	5	2017-01-31 02:22:30	pending delivery to org
766	13	766	Call this a payment ID	3	2017-05-23 16:10:27	pending delivery to org
767	16	303	Call this a payment ID	1	2017-05-05 04:50:38	pending delivery to org
768	15	257	Call this a payment ID	5	2017-01-26 00:13:13	pending delivery to org
769	8	841	Call this a payment ID	2	2017-01-07 07:09:06	pending delivery to org
770	16	776	Call this a payment ID	3	2017-08-18 05:34:35	pending delivery to org
771	15	548	Call this a payment ID	2	2017-01-02 08:57:49	pending delivery to org
772	8	568	Call this a payment ID	2	2017-02-01 08:16:41	pending delivery to org
773	16	274	Call this a payment ID	4	2017-11-18 14:18:52	pending delivery to org
774	15	402	Call this a payment ID	5	2017-11-18 05:19:10	pending delivery to org
775	13	422	Call this a payment ID	1	2017-09-28 09:54:38	pending delivery to org
776	13	528	Call this a payment ID	4	2017-01-24 22:16:46	pending delivery to org
777	16	862	Call this a payment ID	1	2017-05-16 06:51:26	pending delivery to org
778	15	217	Call this a payment ID	4	2017-11-10 04:20:57	pending delivery to org
779	16	779	Call this a payment ID	4	2017-04-10 23:08:24	pending delivery to org
780	15	821	Call this a payment ID	1	2017-08-15 04:54:29	pending delivery to org
781	8	630	Call this a payment ID	3	2017-07-21 14:08:51	pending delivery to org
782	13	281	Call this a payment ID	2	2017-11-10 01:27:58	pending delivery to org
783	15	786	Call this a payment ID	5	2017-02-21 05:10:10	pending delivery to org
784	16	105	Call this a payment ID	2	2017-10-01 22:32:14	pending delivery to org
785	8	469	Call this a payment ID	2	2017-07-24 13:21:52	pending delivery to org
786	13	649	Call this a payment ID	1	2017-07-04 18:10:01	pending delivery to org
787	13	688	Call this a payment ID	2	2017-02-16 06:27:54	pending delivery to org
788	8	270	Call this a payment ID	2	2017-02-06 09:32:37	pending delivery to org
789	13	201	Call this a payment ID	5	2017-10-08 18:04:21	pending delivery to org
790	9	515	Call this a payment ID	4	2017-03-21 21:25:54	pending delivery to org
791	15	281	Call this a payment ID	2	2017-05-03 02:46:26	pending delivery to org
792	15	407	Call this a payment ID	1	2017-09-14 07:32:46	pending delivery to org
793	13	664	Call this a payment ID	3	2017-10-21 21:43:09	pending delivery to org
794	16	601	Call this a payment ID	4	2017-09-22 07:24:45	pending delivery to org
795	16	247	Call this a payment ID	5	2017-10-26 23:38:30	pending delivery to org
796	16	909	Call this a payment ID	4	2017-09-06 09:26:41	pending delivery to org
797	8	265	Call this a payment ID	4	2017-06-21 19:44:39	pending delivery to org
798	16	803	Call this a payment ID	1	2017-07-12 21:28:59	pending delivery to org
799	16	965	Call this a payment ID	1	2017-09-28 16:39:15	pending delivery to org
800	9	633	Call this a payment ID	2	2017-04-12 04:56:57	pending delivery to org
801	16	970	Call this a payment ID	2	2017-03-21 14:19:13	pending delivery to org
802	16	284	Call this a payment ID	4	2017-06-24 00:08:06	pending delivery to org
803	13	116	Call this a payment ID	4	2017-08-09 09:43:58	pending delivery to org
804	16	128	Call this a payment ID	1	2017-05-16 21:45:04	pending delivery to org
805	9	997	Call this a payment ID	4	2017-01-25 18:24:55	pending delivery to org
806	9	962	Call this a payment ID	4	2017-08-07 11:47:50	pending delivery to org
807	15	318	Call this a payment ID	1	2017-04-13 07:44:40	pending delivery to org
808	9	974	Call this a payment ID	1	2017-04-01 10:12:33	pending delivery to org
809	15	253	Call this a payment ID	3	2017-06-11 06:57:00	pending delivery to org
810	9	157	Call this a payment ID	5	2017-05-18 23:46:59	pending delivery to org
811	15	583	Call this a payment ID	3	2017-06-15 02:44:45	pending delivery to org
812	8	105	Call this a payment ID	2	2017-07-07 13:13:52	pending delivery to org
813	8	982	Call this a payment ID	1	2017-10-22 09:33:40	pending delivery to org
814	8	966	Call this a payment ID	4	2017-02-04 15:59:50	pending delivery to org
815	13	591	Call this a payment ID	4	2017-04-01 03:25:37	pending delivery to org
816	9	937	Call this a payment ID	2	2017-05-04 22:14:02	pending delivery to org
817	16	916	Call this a payment ID	1	2017-02-21 14:31:49	pending delivery to org
818	9	146	Call this a payment ID	4	2017-05-05 03:46:18	pending delivery to org
819	13	943	Call this a payment ID	5	2017-02-06 19:10:09	pending delivery to org
820	15	229	Call this a payment ID	3	2017-09-05 00:38:11	pending delivery to org
821	13	333	Call this a payment ID	4	2017-05-13 01:02:11	pending delivery to org
822	8	553	Call this a payment ID	4	2017-11-10 08:30:39	pending delivery to org
823	16	793	Call this a payment ID	5	2017-10-21 13:29:22	pending delivery to org
824	15	649	Call this a payment ID	1	2017-09-11 20:39:29	pending delivery to org
825	15	539	Call this a payment ID	1	2017-03-08 09:02:08	pending delivery to org
826	16	791	Call this a payment ID	1	2017-11-01 21:16:02	pending delivery to org
827	9	451	Call this a payment ID	1	2017-03-15 21:59:35	pending delivery to org
828	9	606	Call this a payment ID	5	2017-10-28 04:24:37	pending delivery to org
829	15	378	Call this a payment ID	1	2017-04-12 12:13:45	pending delivery to org
830	15	158	Call this a payment ID	1	2017-11-28 23:04:29	pending delivery to org
831	9	183	Call this a payment ID	4	2017-08-03 04:39:52	pending delivery to org
832	8	197	Call this a payment ID	4	2017-04-29 04:23:37	pending delivery to org
833	15	434	Call this a payment ID	4	2017-10-23 04:52:38	pending delivery to org
834	9	520	Call this a payment ID	4	2017-06-12 20:00:01	pending delivery to org
835	15	205	Call this a payment ID	5	2017-08-28 11:37:32	pending delivery to org
836	8	31	Call this a payment ID	1	2017-04-07 09:19:44	pending delivery to org
837	16	137	Call this a payment ID	2	2017-05-19 17:18:06	pending delivery to org
838	9	94	Call this a payment ID	4	2017-03-07 22:53:21	pending delivery to org
839	13	419	Call this a payment ID	2	2017-06-23 00:42:46	pending delivery to org
840	16	569	Call this a payment ID	3	2017-06-15 23:45:27	pending delivery to org
841	9	672	Call this a payment ID	2	2017-01-18 11:34:04	pending delivery to org
842	16	629	Call this a payment ID	3	2017-09-17 01:55:12	pending delivery to org
843	13	141	Call this a payment ID	1	2017-03-27 08:44:04	pending delivery to org
844	13	653	Call this a payment ID	5	2017-05-28 10:47:21	pending delivery to org
845	9	667	Call this a payment ID	3	2017-08-10 17:55:55	pending delivery to org
846	16	738	Call this a payment ID	1	2017-07-15 11:15:07	pending delivery to org
847	9	482	Call this a payment ID	4	2017-03-22 17:44:24	pending delivery to org
848	13	725	Call this a payment ID	3	2017-09-02 04:09:02	pending delivery to org
849	13	200	Call this a payment ID	4	2017-10-02 19:53:33	pending delivery to org
850	16	400	Call this a payment ID	1	2017-04-25 17:43:08	pending delivery to org
851	16	802	Call this a payment ID	3	2017-04-24 06:59:16	pending delivery to org
852	13	373	Call this a payment ID	2	2017-09-05 20:43:38	pending delivery to org
853	9	881	Call this a payment ID	2	2017-03-15 19:18:52	pending delivery to org
854	13	300	Call this a payment ID	1	2017-08-23 10:12:55	pending delivery to org
855	8	144	Call this a payment ID	5	2017-07-19 23:12:58	pending delivery to org
856	13	476	Call this a payment ID	5	2017-02-22 16:08:59	pending delivery to org
857	9	312	Call this a payment ID	3	2017-04-05 03:59:13	pending delivery to org
858	8	595	Call this a payment ID	1	2017-02-26 16:12:16	pending delivery to org
859	8	691	Call this a payment ID	3	2017-07-09 00:08:09	pending delivery to org
860	16	469	Call this a payment ID	2	2017-02-04 07:37:06	pending delivery to org
861	16	348	Call this a payment ID	2	2017-04-02 12:12:44	pending delivery to org
862	16	705	Call this a payment ID	1	2017-04-04 03:11:36	pending delivery to org
863	15	603	Call this a payment ID	1	2017-11-27 10:51:39	pending delivery to org
864	16	388	Call this a payment ID	5	2017-04-29 00:06:01	pending delivery to org
865	16	619	Call this a payment ID	4	2017-01-07 09:20:03	pending delivery to org
866	15	190	Call this a payment ID	5	2017-06-22 14:27:55	pending delivery to org
867	9	508	Call this a payment ID	3	2017-09-21 22:22:38	pending delivery to org
868	8	140	Call this a payment ID	2	2017-06-20 05:29:14	pending delivery to org
869	9	998	Call this a payment ID	5	2017-07-13 04:20:48	pending delivery to org
870	9	849	Call this a payment ID	1	2017-10-18 10:30:40	pending delivery to org
871	13	931	Call this a payment ID	4	2017-01-28 06:41:06	pending delivery to org
872	15	657	Call this a payment ID	5	2017-02-14 07:52:33	pending delivery to org
873	15	421	Call this a payment ID	3	2017-02-26 07:59:56	pending delivery to org
874	15	784	Call this a payment ID	3	2017-07-12 09:52:27	pending delivery to org
875	13	346	Call this a payment ID	5	2017-05-07 15:44:58	pending delivery to org
876	16	852	Call this a payment ID	3	2017-12-03 19:34:14	pending delivery to org
877	8	383	Call this a payment ID	3	2017-07-19 14:53:50	pending delivery to org
878	8	943	Call this a payment ID	5	2017-11-29 15:42:15	pending delivery to org
879	9	157	Call this a payment ID	5	2017-10-30 18:48:14	pending delivery to org
880	16	552	Call this a payment ID	5	2017-06-29 07:06:46	pending delivery to org
881	15	308	Call this a payment ID	3	2017-09-04 13:17:28	pending delivery to org
882	16	207	Call this a payment ID	1	2017-02-05 03:40:19	pending delivery to org
883	8	569	Call this a payment ID	3	2017-05-15 18:07:18	pending delivery to org
884	16	186	Call this a payment ID	4	2017-10-12 14:33:50	pending delivery to org
885	15	295	Call this a payment ID	5	2017-09-13 13:46:58	pending delivery to org
886	15	271	Call this a payment ID	4	2017-05-23 17:25:55	pending delivery to org
887	16	377	Call this a payment ID	3	2017-08-06 14:30:48	pending delivery to org
888	16	458	Call this a payment ID	4	2017-09-08 23:15:37	pending delivery to org
889	16	930	Call this a payment ID	3	2017-06-26 04:48:41	pending delivery to org
890	9	918	Call this a payment ID	4	2017-07-04 12:59:17	pending delivery to org
891	8	792	Call this a payment ID	4	2017-05-10 04:57:55	pending delivery to org
892	8	478	Call this a payment ID	1	2017-02-24 15:02:46	pending delivery to org
893	15	899	Call this a payment ID	2	2017-11-22 20:23:00	pending delivery to org
894	9	602	Call this a payment ID	5	2017-05-09 23:18:17	pending delivery to org
895	16	778	Call this a payment ID	1	2017-06-13 08:41:00	pending delivery to org
896	9	325	Call this a payment ID	3	2017-01-16 18:20:48	pending delivery to org
897	16	705	Call this a payment ID	1	2017-03-04 21:49:33	pending delivery to org
898	15	823	Call this a payment ID	5	2017-11-09 09:33:06	pending delivery to org
899	9	643	Call this a payment ID	3	2017-04-28 02:36:10	pending delivery to org
900	16	268	Call this a payment ID	2	2017-06-11 19:37:49	pending delivery to org
901	9	890	Call this a payment ID	2	2017-03-26 10:35:00	pending delivery to org
902	15	969	Call this a payment ID	4	2017-11-29 11:17:49	pending delivery to org
903	13	493	Call this a payment ID	4	2017-09-09 12:24:59	pending delivery to org
904	8	200	Call this a payment ID	4	2017-01-06 00:36:36	pending delivery to org
905	15	27	Call this a payment ID	1	2017-10-23 13:19:28	pending delivery to org
906	15	238	Call this a payment ID	1	2017-01-17 15:27:11	pending delivery to org
907	9	816	Call this a payment ID	1	2017-04-11 03:44:54	pending delivery to org
908	13	17	Call this a payment ID	1	2017-07-17 15:40:36	pending delivery to org
909	9	293	Call this a payment ID	1	2017-04-03 05:57:31	pending delivery to org
910	8	369	Call this a payment ID	5	2017-04-05 08:55:41	pending delivery to org
911	9	474	Call this a payment ID	4	2017-08-13 09:48:53	pending delivery to org
912	15	280	Call this a payment ID	2	2017-07-27 16:32:22	pending delivery to org
913	15	542	Call this a payment ID	3	2017-05-30 13:14:58	pending delivery to org
914	8	338	Call this a payment ID	5	2017-11-10 03:30:43	pending delivery to org
915	15	253	Call this a payment ID	3	2017-05-23 00:40:47	pending delivery to org
916	15	798	Call this a payment ID	3	2017-05-18 23:32:58	pending delivery to org
917	8	957	Call this a payment ID	5	2017-04-15 13:20:59	pending delivery to org
918	16	865	Call this a payment ID	1	2017-01-17 16:33:11	pending delivery to org
919	9	255	Call this a payment ID	3	2017-01-22 23:48:57	pending delivery to org
920	13	103	Call this a payment ID	1	2017-10-18 05:22:19	pending delivery to org
921	9	331	Call this a payment ID	4	2017-02-13 00:12:46	pending delivery to org
922	9	647	Call this a payment ID	2	2017-07-08 11:30:45	pending delivery to org
923	16	449	Call this a payment ID	3	2017-08-19 00:04:34	pending delivery to org
924	16	339	Call this a payment ID	4	2017-05-30 13:31:56	pending delivery to org
925	8	613	Call this a payment ID	1	2017-03-18 07:24:27	pending delivery to org
926	15	386	Call this a payment ID	1	2017-11-24 02:28:27	pending delivery to org
927	8	872	Call this a payment ID	5	2017-09-09 10:32:54	pending delivery to org
928	15	880	Call this a payment ID	1	2017-03-03 04:44:11	pending delivery to org
929	16	527	Call this a payment ID	4	2017-11-02 11:53:56	pending delivery to org
930	13	830	Call this a payment ID	1	2017-02-14 13:23:22	pending delivery to org
931	9	440	Call this a payment ID	5	2017-01-29 13:49:11	pending delivery to org
932	15	464	Call this a payment ID	5	2017-08-22 11:16:09	pending delivery to org
933	15	681	Call this a payment ID	3	2017-06-15 23:50:00	pending delivery to org
934	15	345	Call this a payment ID	1	2017-06-29 09:06:30	pending delivery to org
935	13	328	Call this a payment ID	2	2017-05-07 01:07:03	pending delivery to org
936	8	271	Call this a payment ID	4	2017-11-08 00:49:25	pending delivery to org
937	8	948	Call this a payment ID	1	2017-05-29 16:23:14	pending delivery to org
938	15	419	Call this a payment ID	2	2017-11-05 20:01:47	pending delivery to org
939	15	651	Call this a payment ID	1	2017-11-30 00:37:09	pending delivery to org
940	13	190	Call this a payment ID	5	2017-01-10 14:52:19	pending delivery to org
941	8	807	Call this a payment ID	1	2017-01-19 08:10:42	pending delivery to org
942	15	789	Call this a payment ID	1	2017-09-02 01:29:52	pending delivery to org
943	8	23	Call this a payment ID	10	2017-01-10 15:10:49	pending delivery to org
944	13	273	Call this a payment ID	3	2017-03-08 09:15:57	pending delivery to org
945	9	151	Call this a payment ID	1	2017-11-04 00:51:08	pending delivery to org
946	15	398	Call this a payment ID	4	2017-07-27 10:15:12	pending delivery to org
947	16	637	Call this a payment ID	1	2017-01-02 15:28:41	pending delivery to org
948	8	445	Call this a payment ID	5	2017-08-29 10:34:45	pending delivery to org
949	15	401	Call this a payment ID	1	2017-06-17 05:59:03	pending delivery to org
950	9	486	Call this a payment ID	2	2017-07-25 15:01:13	pending delivery to org
951	8	293	Call this a payment ID	1	2017-05-28 08:09:45	pending delivery to org
952	13	452	Call this a payment ID	5	2017-08-11 13:13:14	pending delivery to org
953	9	885	Call this a payment ID	5	2017-01-27 21:25:13	pending delivery to org
954	9	839	Call this a payment ID	4	2017-12-02 08:04:39	pending delivery to org
955	13	478	Call this a payment ID	1	2017-06-11 12:08:17	pending delivery to org
956	9	538	Call this a payment ID	5	2017-06-12 05:09:04	pending delivery to org
957	13	108	Call this a payment ID	2	2017-08-11 08:09:44	pending delivery to org
958	9	299	Call this a payment ID	2	2017-01-06 05:57:46	pending delivery to org
959	8	429	Call this a payment ID	4	2017-11-15 14:38:28	pending delivery to org
960	8	27	Call this a payment ID	1	2017-06-06 21:20:15	pending delivery to org
961	13	365	Call this a payment ID	3	2017-08-10 04:50:25	pending delivery to org
962	13	953	Call this a payment ID	3	2017-05-05 17:43:39	pending delivery to org
963	13	202	Call this a payment ID	1	2017-03-17 19:09:06	pending delivery to org
964	15	901	Call this a payment ID	3	2017-05-15 03:13:20	pending delivery to org
965	8	931	Call this a payment ID	4	2017-09-20 12:35:41	pending delivery to org
966	16	411	Call this a payment ID	5	2017-03-24 09:23:49	pending delivery to org
967	16	326	Call this a payment ID	3	2017-03-07 23:21:19	pending delivery to org
968	16	889	Call this a payment ID	3	2017-02-19 14:17:41	pending delivery to org
969	15	303	Call this a payment ID	1	2017-09-20 09:46:44	pending delivery to org
970	9	732	Call this a payment ID	1	2017-02-16 13:21:03	pending delivery to org
971	16	919	Call this a payment ID	5	2017-10-09 16:14:08	pending delivery to org
972	13	346	Call this a payment ID	5	2017-07-14 12:00:55	pending delivery to org
973	9	935	Call this a payment ID	1	2017-06-26 00:05:53	pending delivery to org
974	9	188	Call this a payment ID	1	2017-07-14 07:05:37	pending delivery to org
975	8	342	Call this a payment ID	1	2017-09-18 21:10:29	pending delivery to org
976	13	389	Call this a payment ID	1	2017-06-08 08:36:50	pending delivery to org
977	8	617	Call this a payment ID	4	2017-04-23 16:42:55	pending delivery to org
978	15	585	Call this a payment ID	2	2017-02-20 00:54:36	pending delivery to org
979	8	854	Call this a payment ID	5	2017-07-18 22:57:28	pending delivery to org
980	15	349	Call this a payment ID	4	2017-06-23 20:30:37	pending delivery to org
981	13	957	Call this a payment ID	5	2017-06-25 20:18:15	pending delivery to org
982	8	475	Call this a payment ID	3	2017-03-04 09:13:36	pending delivery to org
983	16	724	Call this a payment ID	1	2017-10-09 19:15:37	pending delivery to org
984	9	103	Call this a payment ID	1	2017-06-02 03:25:36	pending delivery to org
985	16	553	Call this a payment ID	4	2017-02-26 22:42:20	pending delivery to org
986	15	275	Call this a payment ID	2	2017-03-28 03:38:33	pending delivery to org
987	13	368	Call this a payment ID	3	2017-11-17 13:10:07	pending delivery to org
988	9	183	Call this a payment ID	4	2017-05-01 21:28:46	pending delivery to org
989	15	779	Call this a payment ID	4	2017-10-19 17:45:40	pending delivery to org
990	15	615	Call this a payment ID	4	2017-09-02 00:31:03	pending delivery to org
991	9	685	Call this a payment ID	1	2017-06-06 11:00:33	pending delivery to org
992	9	778	Call this a payment ID	1	2017-08-08 00:14:15	pending delivery to org
993	16	131	Call this a payment ID	1	2017-10-10 01:07:45	pending delivery to org
994	9	898	Call this a payment ID	1	2017-09-24 03:55:59	pending delivery to org
995	9	275	Call this a payment ID	2	2017-01-12 18:02:38	pending delivery to org
996	15	482	Call this a payment ID	4	2017-02-03 04:08:50	pending delivery to org
997	9	870	Call this a payment ID	4	2017-04-07 22:31:28	pending delivery to org
998	13	310	Call this a payment ID	1	2017-07-29 10:18:12	pending delivery to org
999	15	927	Call this a payment ID	1	2017-05-29 16:07:33	pending delivery to org
1000	16	524	Call this a payment ID	2	2017-06-07 06:46:26	pending delivery to org
1001	8	421	Call this a payment ID	3	2017-11-02 05:44:18	pending delivery to org
1002	16	235	Call this a payment ID	4	2017-03-22 12:54:09	pending delivery to org
1003	15	949	Call this a payment ID	5	2017-05-24 18:51:04	pending delivery to org
1004	9	406	Call this a payment ID	2	2017-08-29 15:57:31	pending delivery to org
1005	16	550	Call this a payment ID	1	2017-10-10 17:02:47	pending delivery to org
1006	9	279	Call this a payment ID	1	2017-11-02 00:27:36	pending delivery to org
1007	13	145	Call this a payment ID	3	2017-02-25 16:49:50	pending delivery to org
1008	8	943	Call this a payment ID	5	2017-02-05 18:57:52	pending delivery to org
1009	9	394	Call this a payment ID	2	2017-10-29 05:32:22	pending delivery to org
1010	8	755	Call this a payment ID	3	2017-08-17 08:36:52	pending delivery to org
1011	8	136	Call this a payment ID	5	2017-12-04 00:26:46	pending delivery to org
1012	15	764	Call this a payment ID	1	2017-08-17 15:46:52	pending delivery to org
1013	13	970	Call this a payment ID	2	2017-04-30 08:29:37	pending delivery to org
1014	8	572	Call this a payment ID	2	2017-05-24 00:52:20	pending delivery to org
1015	9	779	Call this a payment ID	4	2017-05-11 13:27:16	pending delivery to org
1016	9	412	Call this a payment ID	3	2017-09-18 05:35:41	pending delivery to org
1017	9	438	Call this a payment ID	1	2017-08-22 21:59:56	pending delivery to org
1018	16	602	Call this a payment ID	5	2017-07-18 09:34:08	pending delivery to org
1019	13	631	Call this a payment ID	2	2017-05-10 01:39:42	pending delivery to org
1020	15	171	Call this a payment ID	1	2017-07-09 16:28:58	pending delivery to org
1021	15	137	Call this a payment ID	2	2017-10-08 11:30:21	pending delivery to org
1022	13	308	Call this a payment ID	3	2017-04-24 22:22:06	pending delivery to org
1023	8	811	Call this a payment ID	3	2017-01-31 03:23:59	pending delivery to org
1024	15	404	Call this a payment ID	5	2017-10-01 04:45:55	pending delivery to org
1025	13	440	Call this a payment ID	5	2017-03-27 22:48:53	pending delivery to org
1026	16	753	Call this a payment ID	1	2017-02-15 11:27:08	pending delivery to org
1027	8	601	Call this a payment ID	4	2017-01-11 08:45:50	pending delivery to org
1028	15	274	Call this a payment ID	4	2017-04-02 06:30:44	pending delivery to org
1029	9	270	Call this a payment ID	2	2017-08-21 02:38:16	pending delivery to org
1030	8	405	Call this a payment ID	3	2017-03-25 10:30:24	pending delivery to org
1031	9	650	Call this a payment ID	3	2017-03-23 01:49:59	pending delivery to org
1032	8	544	Call this a payment ID	1	2017-01-27 21:19:52	pending delivery to org
1033	16	518	Call this a payment ID	5	2017-11-28 09:28:21	pending delivery to org
1034	15	426	Call this a payment ID	4	2017-11-01 05:08:26	pending delivery to org
1035	15	185	Call this a payment ID	4	2017-06-06 14:04:07	pending delivery to org
1036	9	484	Call this a payment ID	3	2017-07-03 11:11:04	pending delivery to org
1037	13	256	Call this a payment ID	5	2017-08-11 03:19:01	pending delivery to org
1038	16	561	Call this a payment ID	2	2017-03-30 17:09:39	pending delivery to org
1039	13	832	Call this a payment ID	4	2017-01-22 00:42:19	pending delivery to org
1040	15	146	Call this a payment ID	4	2017-02-09 07:35:11	pending delivery to org
1041	13	192	Call this a payment ID	5	2017-04-01 00:03:54	pending delivery to org
1042	16	896	Call this a payment ID	1	2017-11-02 03:09:42	pending delivery to org
1043	15	725	Call this a payment ID	3	2017-06-22 22:16:50	pending delivery to org
1044	8	823	Call this a payment ID	5	2017-03-30 02:16:38	pending delivery to org
1045	9	523	Call this a payment ID	2	2017-06-09 14:50:30	pending delivery to org
1046	9	973	Call this a payment ID	3	2017-07-21 02:29:47	pending delivery to org
1047	16	808	Call this a payment ID	5	2017-11-30 12:51:32	pending delivery to org
1048	8	205	Call this a payment ID	5	2017-10-31 08:24:06	pending delivery to org
1049	9	765	Call this a payment ID	2	2017-04-24 16:31:45	pending delivery to org
1050	15	535	Call this a payment ID	1	2017-07-07 17:01:12	pending delivery to org
1051	9	233	Call this a payment ID	4	2017-02-23 19:30:47	pending delivery to org
1052	16	755	Call this a payment ID	3	2017-06-20 18:15:34	pending delivery to org
1053	8	828	Call this a payment ID	1	2017-04-13 20:48:21	pending delivery to org
1054	8	146	Call this a payment ID	4	2017-09-15 01:48:34	pending delivery to org
1055	15	392	Call this a payment ID	1	2017-05-29 13:34:16	pending delivery to org
1056	8	173	Call this a payment ID	4	2017-07-17 03:05:05	pending delivery to org
1057	16	589	Call this a payment ID	3	2017-08-03 09:18:01	pending delivery to org
1058	16	494	Call this a payment ID	4	2017-03-09 01:03:43	pending delivery to org
1059	15	987	Call this a payment ID	2	2017-06-17 05:31:59	pending delivery to org
1060	16	242	Call this a payment ID	1	2017-06-14 13:19:08	pending delivery to org
1061	13	177	Call this a payment ID	1	2017-11-28 00:36:04	pending delivery to org
1062	16	906	Call this a payment ID	4	2017-01-30 14:48:56	pending delivery to org
1063	13	430	Call this a payment ID	4	2017-07-18 05:17:59	pending delivery to org
1064	8	920	Call this a payment ID	2	2017-03-12 08:25:20	pending delivery to org
1065	15	366	Call this a payment ID	1	2017-05-05 08:43:44	pending delivery to org
1066	13	921	Call this a payment ID	1	2017-10-26 20:36:13	pending delivery to org
1067	16	968	Call this a payment ID	4	2017-09-01 23:37:41	pending delivery to org
1068	9	318	Call this a payment ID	1	2017-09-05 22:29:54	pending delivery to org
1069	16	668	Call this a payment ID	3	2017-06-19 16:09:06	pending delivery to org
1070	15	717	Call this a payment ID	1	2017-10-28 12:48:51	pending delivery to org
1071	9	100	Call this a payment ID	4	2017-02-05 14:51:54	pending delivery to org
1072	16	906	Call this a payment ID	4	2017-04-21 23:04:16	pending delivery to org
1073	15	241	Call this a payment ID	5	2017-01-02 21:12:35	pending delivery to org
1074	15	689	Call this a payment ID	5	2017-04-26 08:32:22	pending delivery to org
1075	15	125	Call this a payment ID	4	2017-01-28 08:36:36	pending delivery to org
1076	15	950	Call this a payment ID	5	2017-04-24 16:47:11	pending delivery to org
1077	8	27	Call this a payment ID	1	2017-01-30 18:42:44	pending delivery to org
1078	16	504	Call this a payment ID	5	2017-10-02 12:22:23	pending delivery to org
1079	8	673	Call this a payment ID	4	2017-07-06 13:36:13	pending delivery to org
1080	15	99	Call this a payment ID	3	2017-10-31 23:23:22	pending delivery to org
1081	9	33	Call this a payment ID	1	2017-02-01 11:39:25	pending delivery to org
1082	8	654	Call this a payment ID	1	2017-09-03 02:21:49	pending delivery to org
1083	9	314	Call this a payment ID	5	2017-10-20 18:57:51	pending delivery to org
1084	15	613	Call this a payment ID	1	2017-02-16 15:58:15	pending delivery to org
1085	13	794	Call this a payment ID	4	2017-10-19 14:51:49	pending delivery to org
1086	15	892	Call this a payment ID	3	2017-09-08 05:15:31	pending delivery to org
1087	8	131	Call this a payment ID	1	2017-02-02 06:58:02	pending delivery to org
1088	15	724	Call this a payment ID	1	2017-04-30 18:11:27	pending delivery to org
1089	9	608	Call this a payment ID	2	2017-02-04 21:43:06	pending delivery to org
1090	8	317	Call this a payment ID	5	2017-07-26 14:41:35	pending delivery to org
1091	9	153	Call this a payment ID	5	2017-08-07 15:07:18	pending delivery to org
1092	16	718	Call this a payment ID	5	2017-03-27 09:10:25	pending delivery to org
1093	13	130	Call this a payment ID	5	2017-06-18 22:28:55	pending delivery to org
1094	9	872	Call this a payment ID	5	2017-10-10 14:45:29	pending delivery to org
1095	8	616	Call this a payment ID	1	2017-04-30 18:13:52	pending delivery to org
1096	15	660	Call this a payment ID	2	2017-05-26 01:06:33	pending delivery to org
1097	15	624	Call this a payment ID	2	2017-10-29 21:45:55	pending delivery to org
1098	15	936	Call this a payment ID	1	2017-11-12 02:38:24	pending delivery to org
1099	15	789	Call this a payment ID	1	2017-09-17 23:05:13	pending delivery to org
1100	15	150	Call this a payment ID	1	2017-02-21 02:42:15	pending delivery to org
1101	13	694	Call this a payment ID	4	2017-07-25 23:48:24	pending delivery to org
1102	15	321	Call this a payment ID	5	2017-04-19 17:37:55	pending delivery to org
1103	13	923	Call this a payment ID	4	2017-03-18 09:14:33	pending delivery to org
1104	9	822	Call this a payment ID	2	2017-09-14 09:11:37	pending delivery to org
1105	13	817	Call this a payment ID	1	2017-02-09 02:56:33	pending delivery to org
1106	16	113	Call this a payment ID	4	2017-03-29 02:02:41	pending delivery to org
1107	13	655	Call this a payment ID	5	2017-06-14 09:58:05	pending delivery to org
1108	9	426	Call this a payment ID	4	2017-01-13 03:58:05	pending delivery to org
1109	16	996	Call this a payment ID	5	2017-04-01 13:40:39	pending delivery to org
1110	15	684	Call this a payment ID	5	2017-05-15 07:06:39	pending delivery to org
1111	9	862	Call this a payment ID	1	2017-07-28 18:04:42	pending delivery to org
1112	9	631	Call this a payment ID	2	2017-09-22 22:13:38	pending delivery to org
1113	13	769	Call this a payment ID	3	2017-03-05 05:59:06	pending delivery to org
1114	9	277	Call this a payment ID	2	2017-05-22 23:05:53	pending delivery to org
1115	8	863	Call this a payment ID	4	2017-03-01 01:35:29	pending delivery to org
1116	9	440	Call this a payment ID	5	2017-01-05 05:38:40	pending delivery to org
1117	9	351	Call this a payment ID	1	2017-02-14 21:40:18	pending delivery to org
1118	8	396	Call this a payment ID	2	2017-05-13 14:38:46	pending delivery to org
1119	16	900	Call this a payment ID	2	2017-09-01 14:42:19	pending delivery to org
1120	13	159	Call this a payment ID	1	2017-02-11 23:49:53	pending delivery to org
1121	13	108	Call this a payment ID	2	2017-04-29 05:41:20	pending delivery to org
1122	9	834	Call this a payment ID	5	2017-06-23 08:57:33	pending delivery to org
1123	16	510	Call this a payment ID	5	2017-06-07 15:18:50	pending delivery to org
1124	8	422	Call this a payment ID	1	2017-01-03 12:49:32	pending delivery to org
1125	13	261	Call this a payment ID	5	2017-05-23 02:11:20	pending delivery to org
1126	16	862	Call this a payment ID	1	2017-06-01 03:57:34	pending delivery to org
1127	9	433	Call this a payment ID	2	2017-05-03 05:55:30	pending delivery to org
1128	8	410	Call this a payment ID	5	2017-10-19 09:49:00	pending delivery to org
1129	8	232	Call this a payment ID	3	2017-10-28 20:41:49	pending delivery to org
1130	8	402	Call this a payment ID	5	2017-01-01 19:51:08	pending delivery to org
1131	16	229	Call this a payment ID	3	2017-01-19 20:32:20	pending delivery to org
1132	16	936	Call this a payment ID	1	2017-09-28 11:08:21	pending delivery to org
1133	15	999	Call this a payment ID	1	2017-08-20 05:53:33	pending delivery to org
1134	16	425	Call this a payment ID	5	2017-07-10 11:51:06	pending delivery to org
1135	13	731	Call this a payment ID	2	2017-08-08 01:17:19	pending delivery to org
1136	15	983	Call this a payment ID	3	2017-09-09 14:53:06	pending delivery to org
1137	13	436	Call this a payment ID	2	2017-03-03 04:29:37	pending delivery to org
1138	15	784	Call this a payment ID	3	2017-01-16 21:02:10	pending delivery to org
1139	15	114	Call this a payment ID	4	2017-02-05 20:35:01	pending delivery to org
1140	9	320	Call this a payment ID	3	2017-05-21 04:30:04	pending delivery to org
1141	8	686	Call this a payment ID	5	2017-07-20 14:12:55	pending delivery to org
1142	15	324	Call this a payment ID	2	2017-06-02 23:48:34	pending delivery to org
1143	16	103	Call this a payment ID	1	2017-07-20 15:31:21	pending delivery to org
1144	15	697	Call this a payment ID	3	2017-08-07 13:52:49	pending delivery to org
1145	8	390	Call this a payment ID	2	2017-05-11 06:41:22	pending delivery to org
1146	8	527	Call this a payment ID	4	2017-02-02 21:21:40	pending delivery to org
1147	16	679	Call this a payment ID	1	2017-07-14 14:43:06	pending delivery to org
1148	8	702	Call this a payment ID	1	2017-03-29 23:28:03	pending delivery to org
1149	9	472	Call this a payment ID	5	2017-01-27 14:44:06	pending delivery to org
1150	8	929	Call this a payment ID	3	2017-06-09 22:31:41	pending delivery to org
\.


--
-- Name: transactions_transaction_id_seq; Type: SEQUENCE SET; Schema: public; Owner: user
--

SELECT pg_catalog.setval('transactions_transaction_id_seq', 1150, true);


--
-- Data for Name: user_orgs; Type: TABLE DATA; Schema: public; Owner: user
--

COPY user_orgs (user_org_id, user_id, org_id, rank) FROM stdin;
5	16	9	1
18	15	15	1
6	15	16	2
19	15	13	3
20	22	15	1
21	22	9	2
22	22	8	3
24	16	16	2
25	16	13	3
23	23	16	1
28	23	9	2
29	23	13	3
30	20	13	1
31	20	8	2
32	17	15	1
33	17	13	2
34	17	16	3
35	15	13	1
36	17	13	1
37	22	16	1
38	23	8	1
39	16	8	1
40	20	13	1
42	94	9	1
43	96	16	1
44	97	13	1
45	99	13	1
46	100	9	1
47	102	9	1
48	103	9	1
49	104	8	1
50	105	13	1
51	107	13	1
52	108	13	1
53	113	16	1
54	114	15	1
55	116	13	1
56	122	16	1
57	125	15	1
58	126	8	1
59	128	16	1
60	129	15	1
61	130	13	1
62	131	8	1
63	133	9	1
64	134	15	1
65	136	15	1
66	137	16	1
67	139	15	1
68	140	8	1
69	141	13	1
70	144	8	1
71	145	13	1
72	146	15	1
73	147	8	1
74	150	15	1
75	151	9	1
76	153	9	1
77	154	16	1
78	155	13	1
79	157	9	1
80	158	15	1
81	159	13	1
82	161	13	1
83	162	8	1
84	164	9	1
85	165	8	1
86	167	15	1
87	169	13	1
88	170	13	1
89	171	15	1
90	173	8	1
91	175	9	1
92	176	13	1
93	177	13	1
94	178	9	1
95	179	16	1
96	180	13	1
97	181	15	1
98	182	15	1
99	183	8	1
100	185	16	1
101	186	15	1
102	188	9	1
103	189	15	1
104	190	13	1
105	192	13	1
106	197	8	1
107	199	8	1
108	200	8	1
109	201	9	1
110	202	13	1
111	205	13	1
112	207	16	1
113	208	8	1
114	213	13	1
115	215	8	1
116	217	15	1
117	218	8	1
118	220	15	1
119	221	16	1
120	223	13	1
121	226	9	1
122	227	8	1
123	229	16	1
124	231	16	1
125	232	13	1
126	233	9	1
127	234	15	1
128	235	9	1
129	236	16	1
130	238	15	1
131	240	13	1
132	241	15	1
133	242	16	1
134	243	9	1
135	244	13	1
136	245	8	1
137	246	13	1
138	247	16	1
139	248	16	1
140	249	16	1
141	251	16	1
142	253	15	1
143	254	8	1
144	255	9	1
145	256	16	1
146	257	15	1
147	259	8	1
148	261	13	1
149	263	15	1
150	264	16	1
151	265	8	1
152	266	13	1
153	268	16	1
154	269	15	1
155	270	8	1
156	271	15	1
157	273	13	1
158	274	15	1
159	275	9	1
160	277	9	1
161	279	16	1
162	280	15	1
163	281	15	1
164	282	15	1
165	283	13	1
166	284	16	1
167	285	8	1
168	287	15	1
169	290	15	1
170	293	9	1
171	295	15	1
172	296	13	1
173	297	16	1
174	298	15	1
175	299	9	1
176	300	13	1
177	303	8	1
178	306	15	1
179	307	8	1
180	308	13	1
181	309	16	1
182	310	15	1
183	311	15	1
184	312	9	1
185	313	13	1
186	314	9	1
187	315	15	1
188	316	8	1
189	317	16	1
190	318	15	1
191	319	15	1
192	320	9	1
193	321	15	1
194	324	15	1
195	325	9	1
196	326	16	1
197	328	13	1
198	329	8	1
199	331	9	1
200	332	8	1
201	333	13	1
202	334	8	1
203	337	8	1
204	338	8	1
205	339	9	1
206	342	8	1
207	343	8	1
208	345	9	1
209	346	13	1
210	348	16	1
211	349	15	1
212	351	9	1
213	352	9	1
214	355	15	1
215	356	9	1
216	360	8	1
217	362	8	1
218	365	8	1
219	366	15	1
220	367	8	1
221	368	13	1
222	369	8	1
223	370	8	1
224	373	13	1
225	376	15	1
226	377	16	1
227	378	15	1
228	382	16	1
229	383	13	1
230	386	15	1
231	388	16	1
232	389	13	1
233	390	8	1
234	391	16	1
235	392	8	1
236	394	8	1
237	395	15	1
238	396	8	1
239	397	13	1
240	398	15	1
241	400	16	1
242	401	16	1
243	402	8	1
244	403	15	1
245	404	15	1
246	405	8	1
247	406	9	1
248	407	13	1
249	409	16	1
250	410	8	1
251	411	16	1
252	412	9	1
253	413	8	1
254	415	9	1
255	416	8	1
256	418	9	1
257	419	13	1
258	421	15	1
259	422	8	1
260	423	15	1
261	424	13	1
262	425	16	1
263	426	9	1
264	429	16	1
265	430	15	1
266	431	16	1
267	433	9	1
268	434	16	1
269	436	15	1
270	437	8	1
271	438	9	1
272	439	13	1
273	440	9	1
274	441	9	1
275	445	8	1
276	446	16	1
277	447	15	1
278	449	16	1
279	451	9	1
280	452	15	1
281	453	15	1
282	456	8	1
283	457	13	1
284	458	9	1
285	459	15	1
286	461	9	1
287	464	16	1
288	467	15	1
289	468	9	1
290	469	16	1
291	470	16	1
292	472	9	1
293	474	8	1
294	475	8	1
295	476	13	1
296	477	16	1
297	478	8	1
298	480	13	1
299	482	15	1
300	483	9	1
301	484	9	1
302	485	8	1
303	486	9	1
304	489	9	1
305	490	9	1
306	491	15	1
307	493	13	1
308	494	16	1
309	496	8	1
310	497	9	1
311	500	13	1
312	504	15	1
313	505	16	1
314	506	9	1
315	507	15	1
316	508	15	1
317	510	13	1
318	511	15	1
319	512	15	1
320	515	15	1
321	516	8	1
322	518	16	1
323	519	8	1
324	520	8	1
325	521	13	1
326	522	15	1
327	523	9	1
328	524	16	1
329	525	13	1
330	526	8	1
331	527	8	1
332	528	13	1
333	529	15	1
334	530	16	1
335	535	15	1
336	536	15	1
337	537	9	1
338	538	9	1
339	539	15	1
340	540	13	1
341	541	13	1
342	542	9	1
343	544	8	1
344	545	15	1
345	548	15	1
346	549	15	1
347	550	15	1
348	551	13	1
349	552	16	1
350	553	16	1
351	554	16	1
352	556	13	1
353	560	16	1
354	561	16	1
355	563	13	1
356	568	8	1
357	569	8	1
358	570	8	1
359	572	8	1
360	573	16	1
361	574	13	1
362	575	8	1
363	576	16	1
364	579	8	1
365	583	15	1
366	585	15	1
367	586	13	1
368	588	9	1
369	589	16	1
370	591	13	1
371	592	9	1
372	595	8	1
373	596	15	1
374	598	9	1
375	600	16	1
376	601	8	1
377	602	9	1
378	603	15	1
379	604	16	1
380	605	13	1
381	606	16	1
382	607	8	1
383	608	9	1
384	610	16	1
385	611	16	1
386	613	15	1
387	614	13	1
388	615	15	1
389	616	8	1
390	617	8	1
391	619	16	1
392	620	8	1
393	622	8	1
394	623	15	1
395	624	8	1
396	626	13	1
397	627	9	1
398	628	9	1
399	629	16	1
400	630	16	1
401	631	13	1
402	633	9	1
403	634	13	1
404	635	16	1
405	637	16	1
406	638	9	1
407	642	15	1
408	643	9	1
409	644	16	1
410	645	15	1
411	647	9	1
412	649	16	1
413	650	9	1
414	651	13	1
415	652	16	1
416	653	16	1
417	654	8	1
418	655	13	1
419	656	9	1
420	657	15	1
421	659	8	1
422	660	15	1
423	661	15	1
424	662	8	1
425	663	9	1
426	664	9	1
427	666	8	1
428	667	9	1
429	668	16	1
430	670	8	1
431	671	15	1
432	672	9	1
433	673	8	1
434	674	15	1
435	676	9	1
436	677	16	1
437	679	15	1
438	681	15	1
439	682	13	1
440	684	16	1
441	685	9	1
442	686	8	1
443	688	16	1
444	689	15	1
445	690	9	1
446	691	16	1
447	692	8	1
448	694	13	1
449	695	13	1
450	696	9	1
451	697	15	1
452	698	8	1
453	699	13	1
454	700	15	1
455	702	8	1
456	744	16	1
457	705	16	1
458	706	9	1
459	707	13	1
460	708	15	1
461	709	8	1
462	711	16	1
463	712	16	1
464	714	15	1
465	716	15	1
466	717	13	1
467	718	15	1
468	719	13	1
469	720	9	1
470	722	15	1
471	724	15	1
472	725	15	1
473	728	16	1
474	730	8	1
475	731	13	1
476	732	9	1
477	733	15	1
478	736	8	1
479	737	16	1
480	738	16	1
481	741	15	1
482	742	9	1
483	743	16	1
484	746	9	1
485	747	13	1
486	751	13	1
487	752	16	1
488	753	16	1
489	754	13	1
490	755	16	1
491	756	8	1
492	757	15	1
493	758	15	1
494	760	9	1
495	762	15	1
496	764	16	1
497	765	9	1
498	766	13	1
499	769	16	1
500	773	9	1
501	774	8	1
502	775	8	1
503	776	16	1
504	778	16	1
505	779	9	1
506	784	15	1
507	786	15	1
508	789	8	1
509	791	16	1
510	792	8	1
511	793	16	1
512	794	13	1
513	798	15	1
514	801	8	1
515	802	16	1
516	803	15	1
517	804	8	1
518	807	8	1
519	808	9	1
520	810	15	1
521	811	8	1
522	812	16	1
523	814	9	1
524	815	8	1
525	816	9	1
526	817	13	1
527	818	8	1
528	819	15	1
529	820	9	1
530	821	15	1
531	822	9	1
532	823	9	1
533	826	9	1
534	828	8	1
535	830	13	1
536	832	13	1
537	834	8	1
538	835	15	1
539	836	15	1
540	837	15	1
541	839	9	1
542	840	13	1
543	841	8	1
544	844	9	1
545	845	13	1
546	846	9	1
547	847	9	1
548	848	15	1
549	849	9	1
550	852	16	1
551	854	8	1
552	855	15	1
553	856	8	1
554	859	8	1
555	860	15	1
556	861	15	1
557	862	16	1
558	863	8	1
559	865	16	1
560	870	9	1
561	872	8	1
562	873	16	1
563	875	16	1
564	878	15	1
565	880	15	1
566	881	8	1
567	883	16	1
568	885	9	1
569	886	16	1
570	887	16	1
571	889	16	1
572	890	9	1
573	892	15	1
574	895	13	1
575	896	16	1
576	897	13	1
577	898	9	1
578	899	15	1
579	900	16	1
580	901	15	1
581	902	13	1
582	904	16	1
583	906	16	1
584	907	8	1
585	909	16	1
586	910	15	1
587	911	15	1
588	912	16	1
589	913	15	1
590	916	9	1
591	917	9	1
592	918	9	1
593	919	9	1
594	920	8	1
595	921	13	1
596	922	16	1
597	923	13	1
598	927	15	1
599	928	16	1
600	929	8	1
601	930	16	1
602	931	13	1
603	933	13	1
604	934	8	1
605	935	9	1
606	936	9	1
607	937	9	1
608	940	13	1
609	941	16	1
610	942	15	1
611	943	8	1
612	944	16	1
613	945	13	1
614	948	8	1
615	949	15	1
616	950	8	1
617	952	16	1
618	953	13	1
619	954	15	1
620	957	16	1
621	959	8	1
622	960	16	1
623	962	9	1
624	963	9	1
625	965	8	1
626	966	15	1
627	968	16	1
628	969	16	1
629	970	16	1
630	971	16	1
631	972	13	1
632	973	9	1
633	974	9	1
634	975	9	1
635	976	8	1
636	977	13	1
637	982	8	1
638	983	15	1
639	984	8	1
640	985	16	1
641	986	16	1
642	987	15	1
643	990	13	1
644	992	15	1
645	994	15	1
646	995	9	1
647	996	16	1
648	997	9	1
649	998	9	1
650	999	16	1
651	27	8	1
652	30	16	1
653	31	8	1
654	32	9	1
655	33	16	1
\.


--
-- Name: user_orgs_user_org_id_seq; Type: SEQUENCE SET; Schema: public; Owner: user
--

SELECT pg_catalog.setval('user_orgs_user_org_id_seq', 655, true);


--
-- Data for Name: users; Type: TABLE DATA; Schema: public; Owner: user
--

COPY users (user_id, user_email, password, fname, lname, age, zipcode, state_code, default_amount, phone, created_at, last_login, set_password) FROM stdin;
15	fuckingperfect@iampink.com	$2b$10$Gn3KoZJFpVLv/DdKiHCBfuzo8vifZJ3d9oGcZTyWUNUK68BQMjFam	Alicia	Moore	38	90210	CA	1	3108008135	2017-11-09 23:15:18.593836	2017-11-09 23:15:18.593844	t
17	beccarosenthal-buyer-1@gmail.com	$2b$10$CvvqL8McViaYqBlADuZQ8OSjxbtwqzvCe.8geRLrjiE0YNGMhKXOO	Chinandler	Bong	40	10012	NY	1	4087379192	2017-11-09 23:15:18.597031	2017-11-09 23:15:18.597036	t
22	hello@itsme.com	$2b$10$zTIk8Lpy7pLk64mOGdJqZ.2kPzgby81Wm0bMxcPhP3fESqV0VJdYy	Adele	Atkins	28	94644	CA	1	8184898484	2017-11-15 00:24:42.617496	2017-11-15 00:24:42.617512	t
23	beccarosenthal-buyer-2@gmail.com	$2b$10$deWlU8Lx2lkrqNuDsRRwDOble9V/f8NHCuv.XRlaAz8QkO.ZdzdKi	Rebecca	Bunch	29	91723	CA	10	9175225614	2017-11-16 21:53:43.716692	2017-11-16 21:53:43.716705	t
16	beccarosenthal-buyer@gmail.com	$2b$10$oymYTQqFKfP2OYZaxgPrDOll96E80zQ85miBEKztTrPb44o9etqfm	Glen	Coco	17	94611	CA	2	4087379192	2017-11-09 23:15:18.596606	2017-11-09 23:15:18.596611	t
20	vomitfreesince93@mosbiusdesign.com	$2b$10$hHTf1ddsD2HxGPyr0r.28OP1tC2V2XW1HvaWZg5ZZw4JGExTkUfau	Ted	Mosby	52	02251	DE	2	6546546541	2017-11-10 03:47:24.575641	2017-11-10 03:47:24.575647	t
94	brimour0@exblog.jp	$2b$10$deWlU8Lx2lkrqNuDsRRwDOble9V/f8NHCuv.XRlaAz8QkO.ZdzdKi	Bron	Rimour	\N	71213	LA	4	318 774 8184	2017-07-15 04:57:58	2017-12-04 20:34:05.642521	t
95	mbaitson1@google.fr	$2b$10$deWlU8Lx2lkrqNuDsRRwDOble9V/f8NHCuv.XRlaAz8QkO.ZdzdKi	Magdalen	Baitson	\N	11210	NY	1	347 571 1738	2016-12-24 05:03:09	2017-12-04 20:34:05.644139	f
96	ewillimot2@merriam-webster.com	$2b$10$deWlU8Lx2lkrqNuDsRRwDOble9V/f8NHCuv.XRlaAz8QkO.ZdzdKi	Elvin	Willimot	\N	20036	DC	3	202 324 4700	2016-12-18 10:52:42	2017-12-04 20:34:05.644621	f
97	jroget3@harvard.edu	$2b$10$deWlU8Lx2lkrqNuDsRRwDOble9V/f8NHCuv.XRlaAz8QkO.ZdzdKi	Jaine	Roget	\N	45505	OH	4	937 585 8043	2017-01-27 05:29:21	2017-12-04 20:34:05.645054	f
98	lgeorgins4@wisc.edu	$2b$10$deWlU8Lx2lkrqNuDsRRwDOble9V/f8NHCuv.XRlaAz8QkO.ZdzdKi	Leonelle	Georgins	\N	66220	KS	2	913 523 8305	2017-01-19 07:15:46	2017-12-04 20:34:05.645636	f
99	mworlidge5@1688.com	$2b$10$deWlU8Lx2lkrqNuDsRRwDOble9V/f8NHCuv.XRlaAz8QkO.ZdzdKi	Mortimer	Worlidge	\N	20456	DC	3	202 354 1777	2017-08-29 04:00:43	2017-12-04 20:34:05.646112	f
100	lcolston6@wordpress.org	$2b$10$deWlU8Lx2lkrqNuDsRRwDOble9V/f8NHCuv.XRlaAz8QkO.ZdzdKi	Lea	Colston	\N	77713	TX	4	409 817 9075	2017-07-04 02:11:13	2017-12-04 20:34:05.646548	f
101	rgillopp7@dedecms.com	$2b$10$deWlU8Lx2lkrqNuDsRRwDOble9V/f8NHCuv.XRlaAz8QkO.ZdzdKi	Rozalie	Gillopp	\N	40586	KY	2	859 307 1655	2017-01-14 11:27:13	2017-12-04 20:34:05.646941	t
102	ogarment8@lycos.com	$2b$10$deWlU8Lx2lkrqNuDsRRwDOble9V/f8NHCuv.XRlaAz8QkO.ZdzdKi	Ollie	Garment	\N	93311	CA	4	805 896 3941	2017-10-09 07:41:04	2017-12-04 20:34:05.647323	t
103	ggiacomuzzi9@xrea.com	$2b$10$deWlU8Lx2lkrqNuDsRRwDOble9V/f8NHCuv.XRlaAz8QkO.ZdzdKi	Guillemette	Giacomuzzi	\N	27150	NC	1	336 773 0913	2017-09-18 13:14:41	2017-12-04 20:34:05.647694	f
104	pantata@spiegel.de	$2b$10$deWlU8Lx2lkrqNuDsRRwDOble9V/f8NHCuv.XRlaAz8QkO.ZdzdKi	Pattie	Antat	\N	38114	TN	4	901 649 4426	2017-08-15 11:00:19	2017-12-04 20:34:05.648075	t
105	mrozyckib@google.de	$2b$10$deWlU8Lx2lkrqNuDsRRwDOble9V/f8NHCuv.XRlaAz8QkO.ZdzdKi	Minta	Rozycki	\N	55436	MN	2	612 319 5162	2017-03-27 00:13:07	2017-12-04 20:34:05.648448	f
106	isydesc@hubpages.com	$2b$10$deWlU8Lx2lkrqNuDsRRwDOble9V/f8NHCuv.XRlaAz8QkO.ZdzdKi	Isaac	Sydes	\N	10459	NY	5	718 126 4988	2017-08-26 03:09:24	2017-12-04 20:34:05.648813	t
107	mcrannad@icio.us	$2b$10$deWlU8Lx2lkrqNuDsRRwDOble9V/f8NHCuv.XRlaAz8QkO.ZdzdKi	Mallory	Cranna	\N	30323	GA	1	678 398 6557	2017-04-22 18:30:29	2017-12-04 20:34:05.649196	t
108	agirke@blogger.com	$2b$10$deWlU8Lx2lkrqNuDsRRwDOble9V/f8NHCuv.XRlaAz8QkO.ZdzdKi	Abie	Girk	\N	85246	AZ	2	602 560 3323	2016-12-08 12:06:42	2017-12-04 20:34:05.649561	t
109	gondrousekf@state.tx.us	$2b$10$deWlU8Lx2lkrqNuDsRRwDOble9V/f8NHCuv.XRlaAz8QkO.ZdzdKi	Gleda	Ondrousek	\N	40233	KY	1	502 574 4887	2017-09-17 18:26:39	2017-12-04 20:34:05.649948	f
110	dseverg@webs.com	$2b$10$deWlU8Lx2lkrqNuDsRRwDOble9V/f8NHCuv.XRlaAz8QkO.ZdzdKi	Donn	Sever	\N	92424	CA	4	909 540 9643	2017-02-27 05:35:16	2017-12-04 20:34:05.650322	f
111	ccorthesh@stumbleupon.com	$2b$10$deWlU8Lx2lkrqNuDsRRwDOble9V/f8NHCuv.XRlaAz8QkO.ZdzdKi	Conrad	Corthes	\N	29403	SC	1	843 673 6307	2017-03-11 16:03:10	2017-12-04 20:34:05.650692	f
112	amustooi@businessinsider.com	$2b$10$deWlU8Lx2lkrqNuDsRRwDOble9V/f8NHCuv.XRlaAz8QkO.ZdzdKi	Avril	Mustoo	\N	29319	SC	3	864 108 5140	2017-04-07 15:28:02	2017-12-04 20:34:05.651056	t
113	hbessettj@samsung.com	$2b$10$deWlU8Lx2lkrqNuDsRRwDOble9V/f8NHCuv.XRlaAz8QkO.ZdzdKi	Hedwig	Bessett	\N	76505	TX	4	254 270 8726	2017-03-17 05:00:41	2017-12-04 20:34:05.651434	f
114	sdemarek@marriott.com	$2b$10$deWlU8Lx2lkrqNuDsRRwDOble9V/f8NHCuv.XRlaAz8QkO.ZdzdKi	Sharia	Demare	\N	32118	FL	4	407 214 3350	2017-06-09 13:39:57	2017-12-04 20:34:05.651808	f
115	bmcgingl@amazon.co.jp	$2b$10$deWlU8Lx2lkrqNuDsRRwDOble9V/f8NHCuv.XRlaAz8QkO.ZdzdKi	Burk	McGing	\N	61825	IL	2	217 645 6933	2017-09-06 11:14:21	2017-12-04 20:34:05.652173	t
116	rmaffeom@angelfire.com	$2b$10$deWlU8Lx2lkrqNuDsRRwDOble9V/f8NHCuv.XRlaAz8QkO.ZdzdKi	Regine	Maffeo	\N	77090	TX	4	281 903 3248	2017-02-14 22:36:32	2017-12-04 20:34:05.652543	f
117	edabinettn@adobe.com	$2b$10$deWlU8Lx2lkrqNuDsRRwDOble9V/f8NHCuv.XRlaAz8QkO.ZdzdKi	Emmye	Dabinett	\N	90087	CA	1	213 125 9588	2017-06-01 18:12:30	2017-12-04 20:34:05.652921	f
118	vschurickeo@jalbum.net	$2b$10$deWlU8Lx2lkrqNuDsRRwDOble9V/f8NHCuv.XRlaAz8QkO.ZdzdKi	Valentine	Schuricke	\N	53234	WI	1	414 277 3545	2017-11-02 13:44:41	2017-12-04 20:34:05.653278	f
119	spassmanp@youtube.com	$2b$10$deWlU8Lx2lkrqNuDsRRwDOble9V/f8NHCuv.XRlaAz8QkO.ZdzdKi	Stoddard	Passman	\N	36125	AL	2	334 422 1894	2017-03-15 16:37:45	2017-12-04 20:34:05.653648	f
120	fchurchlowq@auda.org.au	$2b$10$deWlU8Lx2lkrqNuDsRRwDOble9V/f8NHCuv.XRlaAz8QkO.ZdzdKi	Flem	Churchlow	\N	91199	CA	3	626 830 6777	2016-12-20 10:21:05	2017-12-04 20:34:05.654047	f
121	egraver@webmd.com	$2b$10$deWlU8Lx2lkrqNuDsRRwDOble9V/f8NHCuv.XRlaAz8QkO.ZdzdKi	Emerson	Grave	\N	92612	CA	2	949 172 5226	2017-01-12 00:02:13	2017-12-04 20:34:05.654425	t
122	bguiels@amazonaws.com	$2b$10$deWlU8Lx2lkrqNuDsRRwDOble9V/f8NHCuv.XRlaAz8QkO.ZdzdKi	Bondon	Guiel	\N	63136	MO	1	314 820 7660	2017-09-06 19:40:57	2017-12-04 20:34:05.654793	t
123	scornillt@jiathis.com	$2b$10$deWlU8Lx2lkrqNuDsRRwDOble9V/f8NHCuv.XRlaAz8QkO.ZdzdKi	Saul	Cornill	\N	96154	CA	2	530 744 4241	2017-05-27 14:55:17	2017-12-04 20:34:05.655165	f
124	psentinellau@lulu.com	$2b$10$deWlU8Lx2lkrqNuDsRRwDOble9V/f8NHCuv.XRlaAz8QkO.ZdzdKi	Poul	Sentinella	\N	77250	TX	3	713 235 3195	2017-04-29 17:07:25	2017-12-04 20:34:05.655533	t
125	tjoycev@ucla.edu	$2b$10$deWlU8Lx2lkrqNuDsRRwDOble9V/f8NHCuv.XRlaAz8QkO.ZdzdKi	Tove	Joyce	\N	31998	GA	4	706 846 0931	2017-08-29 02:44:11	2017-12-04 20:34:05.655899	t
126	flynthalw@hexun.com	$2b$10$deWlU8Lx2lkrqNuDsRRwDOble9V/f8NHCuv.XRlaAz8QkO.ZdzdKi	Frank	Lynthal	\N	33487	FL	4	561 847 0596	2017-03-01 09:36:03	2017-12-04 20:34:05.656273	t
127	njankovicx@deviantart.com	$2b$10$deWlU8Lx2lkrqNuDsRRwDOble9V/f8NHCuv.XRlaAz8QkO.ZdzdKi	Nero	Jankovic	\N	44720	OH	2	234 773 4245	2017-04-07 06:04:48	2017-12-04 20:34:05.656633	t
128	mawiny@nbcnews.com	$2b$10$deWlU8Lx2lkrqNuDsRRwDOble9V/f8NHCuv.XRlaAz8QkO.ZdzdKi	Mada	Awin	\N	44321	OH	1	330 669 6161	2017-09-11 10:33:48	2017-12-04 20:34:05.656994	f
129	baindriuz@canalblog.com	$2b$10$deWlU8Lx2lkrqNuDsRRwDOble9V/f8NHCuv.XRlaAz8QkO.ZdzdKi	Benni	Aindriu	\N	60681	IL	3	312 838 0138	2017-04-30 18:19:11	2017-12-04 20:34:05.65737	f
130	abeckey10@discuz.net	$2b$10$deWlU8Lx2lkrqNuDsRRwDOble9V/f8NHCuv.XRlaAz8QkO.ZdzdKi	Alister	Beckey	\N	33499	FL	5	561 820 1290	2017-08-14 04:30:26	2017-12-04 20:34:05.657726	f
131	abold11@vistaprint.com	$2b$10$deWlU8Lx2lkrqNuDsRRwDOble9V/f8NHCuv.XRlaAz8QkO.ZdzdKi	Akim	Bold	\N	20051	DC	1	202 585 7621	2017-11-20 00:25:53	2017-12-04 20:34:05.658106	t
132	rbarkaway12@printfriendly.com	$2b$10$deWlU8Lx2lkrqNuDsRRwDOble9V/f8NHCuv.XRlaAz8QkO.ZdzdKi	Rebe	Barkaway	\N	43615	OH	4	419 925 3891	2017-08-19 20:35:43	2017-12-04 20:34:05.65848	f
133	aholehouse13@china.com.cn	$2b$10$deWlU8Lx2lkrqNuDsRRwDOble9V/f8NHCuv.XRlaAz8QkO.ZdzdKi	Asa	Holehouse	\N	10131	NY	2	212 399 8941	2017-11-05 03:41:46	2017-12-04 20:34:05.658838	t
134	cselway14@technorati.com	$2b$10$deWlU8Lx2lkrqNuDsRRwDOble9V/f8NHCuv.XRlaAz8QkO.ZdzdKi	Corena	Selway	\N	55146	MN	2	651 187 0198	2017-06-14 01:51:54	2017-12-04 20:34:05.659195	f
135	eport15@nasa.gov	$2b$10$deWlU8Lx2lkrqNuDsRRwDOble9V/f8NHCuv.XRlaAz8QkO.ZdzdKi	Ebonee	Port	\N	53215	WI	2	414 659 3484	2017-02-12 03:16:51	2017-12-04 20:34:05.659563	f
136	rdawes16@is.gd	$2b$10$deWlU8Lx2lkrqNuDsRRwDOble9V/f8NHCuv.XRlaAz8QkO.ZdzdKi	Rickie	Dawes	\N	12227	NY	5	518 665 4804	2017-02-06 15:41:12	2017-12-04 20:34:05.659922	f
137	gherity17@nsw.gov.au	$2b$10$deWlU8Lx2lkrqNuDsRRwDOble9V/f8NHCuv.XRlaAz8QkO.ZdzdKi	Giavani	Herity	\N	21747	MD	2	240 841 3881	2017-03-16 17:06:37	2017-12-04 20:34:05.660289	f
138	wakess18@java.com	$2b$10$deWlU8Lx2lkrqNuDsRRwDOble9V/f8NHCuv.XRlaAz8QkO.ZdzdKi	Winny	Akess	\N	98411	WA	5	253 261 3928	2017-06-17 13:54:46	2017-12-04 20:34:05.660654	f
139	ghalden19@shinystat.com	$2b$10$deWlU8Lx2lkrqNuDsRRwDOble9V/f8NHCuv.XRlaAz8QkO.ZdzdKi	Gifford	Halden	\N	33325	FL	2	954 754 3572	2017-10-19 01:38:59	2017-12-04 20:34:05.66106	f
140	mjosuweit1a@google.ru	$2b$10$deWlU8Lx2lkrqNuDsRRwDOble9V/f8NHCuv.XRlaAz8QkO.ZdzdKi	Mason	Josuweit	\N	40524	KY	2	859 117 0299	2017-03-31 19:50:53	2017-12-04 20:34:05.661437	t
141	obyer1b@discovery.com	$2b$10$deWlU8Lx2lkrqNuDsRRwDOble9V/f8NHCuv.XRlaAz8QkO.ZdzdKi	Orsola	Byer	\N	48224	MI	1	586 861 9127	2017-11-24 04:41:34	2017-12-04 20:34:05.661802	f
142	vmaskelyne1c@seesaa.net	$2b$10$deWlU8Lx2lkrqNuDsRRwDOble9V/f8NHCuv.XRlaAz8QkO.ZdzdKi	Vevay	Maskelyne	\N	43610	OH	5	419 635 7551	2017-10-19 14:39:36	2017-12-04 20:34:05.662192	f
143	splom1d@canalblog.com	$2b$10$deWlU8Lx2lkrqNuDsRRwDOble9V/f8NHCuv.XRlaAz8QkO.ZdzdKi	Sharline	Plom	\N	80910	CO	4	719 788 7069	2017-06-16 07:34:03	2017-12-04 20:34:05.662567	f
144	abruton1e@nymag.com	$2b$10$deWlU8Lx2lkrqNuDsRRwDOble9V/f8NHCuv.XRlaAz8QkO.ZdzdKi	Arabella	Bruton	\N	93907	CA	5	831 416 3802	2017-07-06 18:59:26	2017-12-04 20:34:05.662932	f
145	hyexley1f@hao123.com	$2b$10$deWlU8Lx2lkrqNuDsRRwDOble9V/f8NHCuv.XRlaAz8QkO.ZdzdKi	Haskel	Yexley	\N	22093	VA	3	571 743 2836	2017-01-02 22:36:21	2017-12-04 20:34:05.663291	f
146	swingatt1g@hubpages.com	$2b$10$deWlU8Lx2lkrqNuDsRRwDOble9V/f8NHCuv.XRlaAz8QkO.ZdzdKi	Sacha	Wingatt	\N	60435	IL	4	815 727 3830	2017-09-12 01:52:07	2017-12-04 20:34:05.663662	f
147	ttilson1h@abc.net.au	$2b$10$deWlU8Lx2lkrqNuDsRRwDOble9V/f8NHCuv.XRlaAz8QkO.ZdzdKi	Tressa	Tilson	\N	98664	WA	5	360 159 7044	2017-03-15 00:53:07	2017-12-04 20:34:05.664029	f
148	dbritto1i@patch.com	$2b$10$deWlU8Lx2lkrqNuDsRRwDOble9V/f8NHCuv.XRlaAz8QkO.ZdzdKi	Desi	Britto	\N	35805	AL	2	256 207 5706	2017-04-16 14:03:52	2017-12-04 20:34:05.664399	f
149	hpaolino1j@yahoo.co.jp	$2b$10$deWlU8Lx2lkrqNuDsRRwDOble9V/f8NHCuv.XRlaAz8QkO.ZdzdKi	Halsy	Paolino	\N	25356	WV	5	304 699 7488	2017-11-13 03:01:14	2017-12-04 20:34:05.66478	t
150	wcoggles1k@jigsy.com	$2b$10$deWlU8Lx2lkrqNuDsRRwDOble9V/f8NHCuv.XRlaAz8QkO.ZdzdKi	Wini	Coggles	\N	89036	NV	1	702 550 3517	2017-05-26 08:14:28	2017-12-04 20:34:05.665157	f
151	scapini1l@businessinsider.com	$2b$10$deWlU8Lx2lkrqNuDsRRwDOble9V/f8NHCuv.XRlaAz8QkO.ZdzdKi	Shay	Capini	\N	29215	SC	1	803 308 0350	2017-10-09 10:43:39	2017-12-04 20:34:05.66553	t
152	smalek1m@senate.gov	$2b$10$deWlU8Lx2lkrqNuDsRRwDOble9V/f8NHCuv.XRlaAz8QkO.ZdzdKi	Sofie	Malek	\N	60663	IL	5	312 770 7364	2017-10-02 03:05:04	2017-12-04 20:34:05.665916	t
153	gkringe1n@tripadvisor.com	$2b$10$deWlU8Lx2lkrqNuDsRRwDOble9V/f8NHCuv.XRlaAz8QkO.ZdzdKi	Gerri	Kringe	\N	94121	CA	5	858 277 6788	2017-05-14 22:33:20	2017-12-04 20:34:05.666296	f
154	ccavolini1o@rambler.ru	$2b$10$deWlU8Lx2lkrqNuDsRRwDOble9V/f8NHCuv.XRlaAz8QkO.ZdzdKi	Cleopatra	Cavolini	\N	92132	CA	4	858 548 3833	2017-02-07 13:00:28	2017-12-04 20:34:05.66667	f
155	jmathis1p@histats.com	$2b$10$deWlU8Lx2lkrqNuDsRRwDOble9V/f8NHCuv.XRlaAz8QkO.ZdzdKi	Joachim	Mathis	\N	64199	MO	4	816 986 0639	2017-09-24 12:25:37	2017-12-04 20:34:05.667031	t
156	plavington1q@delicious.com	$2b$10$deWlU8Lx2lkrqNuDsRRwDOble9V/f8NHCuv.XRlaAz8QkO.ZdzdKi	Pearce	Lavington	\N	62718	IL	2	217 925 7559	2017-05-11 10:21:29	2017-12-04 20:34:05.667406	t
157	mivanaev1r@state.gov	$2b$10$deWlU8Lx2lkrqNuDsRRwDOble9V/f8NHCuv.XRlaAz8QkO.ZdzdKi	Myles	Ivanaev	\N	20210	DC	5	202 970 9909	2017-08-27 09:06:59	2017-12-04 20:34:05.667774	f
158	pgoodluck1s@cam.ac.uk	$2b$10$deWlU8Lx2lkrqNuDsRRwDOble9V/f8NHCuv.XRlaAz8QkO.ZdzdKi	Piggy	Goodluck	\N	20719	MD	1	240 479 9664	2017-01-11 23:17:59	2017-12-04 20:34:05.668137	t
159	nlarkin1t@narod.ru	$2b$10$deWlU8Lx2lkrqNuDsRRwDOble9V/f8NHCuv.XRlaAz8QkO.ZdzdKi	Neilla	Larkin	\N	64142	MO	1	816 786 9862	2017-01-31 16:04:46	2017-12-04 20:34:05.668502	t
160	hennever1u@yandex.ru	$2b$10$deWlU8Lx2lkrqNuDsRRwDOble9V/f8NHCuv.XRlaAz8QkO.ZdzdKi	Hillyer	Ennever	\N	08695	NJ	3	609 135 5768	2017-03-30 12:00:52	2017-12-04 20:34:05.668864	f
161	ltattersill1v@i2i.jp	$2b$10$deWlU8Lx2lkrqNuDsRRwDOble9V/f8NHCuv.XRlaAz8QkO.ZdzdKi	Laurence	Tattersill	\N	01105	MA	2	413 534 4495	2017-02-19 10:00:10	2017-12-04 20:34:05.669234	f
162	abristowe1w@flavors.me	$2b$10$deWlU8Lx2lkrqNuDsRRwDOble9V/f8NHCuv.XRlaAz8QkO.ZdzdKi	Alta	Bristowe	\N	96820	HI	1	808 403 5261	2017-05-09 23:38:23	2017-12-04 20:34:05.669615	t
163	bmozzetti1x@goo.gl	$2b$10$deWlU8Lx2lkrqNuDsRRwDOble9V/f8NHCuv.XRlaAz8QkO.ZdzdKi	Berkly	Mozzetti	\N	95813	CA	1	916 428 3488	2017-02-22 20:18:25	2017-12-04 20:34:05.670007	f
164	kgorham1y@eepurl.com	$2b$10$deWlU8Lx2lkrqNuDsRRwDOble9V/f8NHCuv.XRlaAz8QkO.ZdzdKi	Kevyn	Gorham	\N	79994	TX	2	915 385 3095	2017-06-28 09:24:52	2017-12-04 20:34:05.670376	f
165	rrechert1z@1und1.de	$2b$10$deWlU8Lx2lkrqNuDsRRwDOble9V/f8NHCuv.XRlaAz8QkO.ZdzdKi	Reina	Rechert	\N	79955	TX	5	915 815 8461	2017-01-11 04:05:38	2017-12-04 20:34:05.670749	t
166	rolagene20@themeforest.net	$2b$10$deWlU8Lx2lkrqNuDsRRwDOble9V/f8NHCuv.XRlaAz8QkO.ZdzdKi	Rayner	O'Lagene	\N	44105	OH	4	216 777 2685	2017-10-26 10:12:17	2017-12-04 20:34:05.671121	t
167	zkelcey21@vimeo.com	$2b$10$deWlU8Lx2lkrqNuDsRRwDOble9V/f8NHCuv.XRlaAz8QkO.ZdzdKi	Zeb	Kelcey	\N	78225	TX	2	210 472 7685	2017-05-01 02:45:33	2017-12-04 20:34:05.671495	f
168	mgiral22@reddit.com	$2b$10$deWlU8Lx2lkrqNuDsRRwDOble9V/f8NHCuv.XRlaAz8QkO.ZdzdKi	Mateo	Giral	\N	50305	IA	3	515 282 3100	2017-04-11 06:05:10	2017-12-04 20:34:05.671861	t
169	bgeleman23@ehow.com	$2b$10$deWlU8Lx2lkrqNuDsRRwDOble9V/f8NHCuv.XRlaAz8QkO.ZdzdKi	Bendick	Geleman	\N	85710	AZ	4	520 173 9481	2017-04-06 18:28:02	2017-12-04 20:34:05.672224	t
170	psteanson24@tamu.edu	$2b$10$deWlU8Lx2lkrqNuDsRRwDOble9V/f8NHCuv.XRlaAz8QkO.ZdzdKi	Paquito	Steanson	\N	39505	MS	2	228 868 1470	2017-05-26 11:01:29	2017-12-04 20:34:05.672586	t
171	cheinssen25@gizmodo.com	$2b$10$deWlU8Lx2lkrqNuDsRRwDOble9V/f8NHCuv.XRlaAz8QkO.ZdzdKi	Cordula	Heinssen	\N	79984	TX	1	915 322 8442	2017-10-10 04:53:17	2017-12-04 20:34:05.672947	t
172	csymondson26@hostgator.com	$2b$10$deWlU8Lx2lkrqNuDsRRwDOble9V/f8NHCuv.XRlaAz8QkO.ZdzdKi	Christalle	Symondson	\N	33705	FL	5	813 841 3795	2017-09-12 09:10:10	2017-12-04 20:34:05.673317	f
173	evonoertzen27@unesco.org	$2b$10$deWlU8Lx2lkrqNuDsRRwDOble9V/f8NHCuv.XRlaAz8QkO.ZdzdKi	Erv	Von Oertzen	\N	75705	TX	4	903 732 2558	2017-11-06 15:39:25	2017-12-04 20:34:05.673676	f
174	seaslea28@1und1.de	$2b$10$deWlU8Lx2lkrqNuDsRRwDOble9V/f8NHCuv.XRlaAz8QkO.ZdzdKi	Silvano	Easlea	\N	90101	CA	3	213 563 8472	2017-10-15 04:11:45	2017-12-04 20:34:05.678188	t
175	lartist29@blogger.com	$2b$10$deWlU8Lx2lkrqNuDsRRwDOble9V/f8NHCuv.XRlaAz8QkO.ZdzdKi	Lauree	Artist	\N	07195	NJ	5	862 771 2918	2017-11-24 14:23:58	2017-12-04 20:34:05.67889	t
176	ccapaldo2a@yandex.ru	$2b$10$deWlU8Lx2lkrqNuDsRRwDOble9V/f8NHCuv.XRlaAz8QkO.ZdzdKi	Cornie	Capaldo	\N	31422	GA	3	912 635 6713	2017-09-05 18:14:59	2017-12-04 20:34:05.679466	t
177	mgarnul2b@vk.com	$2b$10$deWlU8Lx2lkrqNuDsRRwDOble9V/f8NHCuv.XRlaAz8QkO.ZdzdKi	Miran	Garnul	\N	77554	TX	1	409 297 9849	2017-05-23 18:50:05	2017-12-04 20:34:05.679986	f
178	dgude2c@weibo.com	$2b$10$deWlU8Lx2lkrqNuDsRRwDOble9V/f8NHCuv.XRlaAz8QkO.ZdzdKi	Dayle	Gude	\N	63167	MO	5	314 314 7986	2017-01-07 21:04:54	2017-12-04 20:34:05.680516	f
179	fledwith2d@illinois.edu	$2b$10$deWlU8Lx2lkrqNuDsRRwDOble9V/f8NHCuv.XRlaAz8QkO.ZdzdKi	Franky	Ledwith	\N	78220	TX	1	210 463 4029	2017-11-16 16:35:18	2017-12-04 20:34:05.681125	t
180	tdoorey2e@un.org	$2b$10$deWlU8Lx2lkrqNuDsRRwDOble9V/f8NHCuv.XRlaAz8QkO.ZdzdKi	Tammie	Doorey	\N	31119	GA	3	770 497 1682	2017-02-15 07:25:28	2017-12-04 20:34:05.681912	t
181	brymmer2f@liveinternet.ru	$2b$10$deWlU8Lx2lkrqNuDsRRwDOble9V/f8NHCuv.XRlaAz8QkO.ZdzdKi	Bernadette	Rymmer	\N	17105	PA	3	717 167 5728	2017-04-21 16:22:51	2017-12-04 20:34:05.68252	t
182	lniesing2g@delicious.com	$2b$10$deWlU8Lx2lkrqNuDsRRwDOble9V/f8NHCuv.XRlaAz8QkO.ZdzdKi	Larry	Niesing	\N	21747	MD	2	240 195 3590	2017-04-16 02:06:44	2017-12-04 20:34:05.683061	f
183	oredemile2h@ustream.tv	$2b$10$deWlU8Lx2lkrqNuDsRRwDOble9V/f8NHCuv.XRlaAz8QkO.ZdzdKi	Oona	Redemile	\N	68531	NE	4	402 552 5188	2017-09-25 00:09:17	2017-12-04 20:34:05.683601	f
184	cpembery2i@wikia.com	$2b$10$deWlU8Lx2lkrqNuDsRRwDOble9V/f8NHCuv.XRlaAz8QkO.ZdzdKi	Charmion	Pembery	\N	62525	IL	5	217 641 9252	2017-05-17 10:18:07	2017-12-04 20:34:05.684177	f
185	lgrave2j@reverbnation.com	$2b$10$deWlU8Lx2lkrqNuDsRRwDOble9V/f8NHCuv.XRlaAz8QkO.ZdzdKi	Lora	Grave	\N	19605	PA	4	610 603 3608	2017-09-18 05:53:35	2017-12-04 20:34:05.684763	f
186	gharburtson2k@boston.com	$2b$10$deWlU8Lx2lkrqNuDsRRwDOble9V/f8NHCuv.XRlaAz8QkO.ZdzdKi	Gwenora	Harburtson	\N	10115	NY	4	212 337 0947	2017-09-18 18:37:52	2017-12-04 20:34:05.685294	t
187	gbambrugh2l@amazonaws.com	$2b$10$deWlU8Lx2lkrqNuDsRRwDOble9V/f8NHCuv.XRlaAz8QkO.ZdzdKi	Gil	Bambrugh	\N	24515	VA	4	434 777 6566	2017-06-08 11:56:32	2017-12-04 20:34:05.685817	t
188	gmars2m@bbb.org	$2b$10$deWlU8Lx2lkrqNuDsRRwDOble9V/f8NHCuv.XRlaAz8QkO.ZdzdKi	Gaile	Mars	\N	60669	IL	1	312 712 0363	2017-11-10 18:44:56	2017-12-04 20:34:05.686369	t
189	gboyson2n@wikia.com	$2b$10$deWlU8Lx2lkrqNuDsRRwDOble9V/f8NHCuv.XRlaAz8QkO.ZdzdKi	Giffard	Boyson	\N	87190	NM	1	505 959 6733	2017-07-05 14:06:19	2017-12-04 20:34:05.686922	f
190	skringe2o@nifty.com	$2b$10$deWlU8Lx2lkrqNuDsRRwDOble9V/f8NHCuv.XRlaAz8QkO.ZdzdKi	Sanderson	Kringe	\N	78210	TX	5	210 447 6036	2017-07-31 04:36:54	2017-12-04 20:34:05.687509	t
191	mdenys2p@bloglines.com	$2b$10$deWlU8Lx2lkrqNuDsRRwDOble9V/f8NHCuv.XRlaAz8QkO.ZdzdKi	Matthias	Denys	\N	20067	DC	2	202 884 4690	2017-11-21 19:10:09	2017-12-04 20:34:05.688044	f
192	lcrichmere2q@moonfruit.com	$2b$10$deWlU8Lx2lkrqNuDsRRwDOble9V/f8NHCuv.XRlaAz8QkO.ZdzdKi	Lucien	Crichmere	\N	19810	DE	5	302 621 1967	2017-01-13 08:50:30	2017-12-04 20:34:05.688586	t
193	cdevil2r@liveinternet.ru	$2b$10$deWlU8Lx2lkrqNuDsRRwDOble9V/f8NHCuv.XRlaAz8QkO.ZdzdKi	Catlin	Devil	\N	68105	NE	4	402 796 7978	2017-08-21 06:53:14	2017-12-04 20:34:05.689103	f
194	wnagle2s@altervista.org	$2b$10$deWlU8Lx2lkrqNuDsRRwDOble9V/f8NHCuv.XRlaAz8QkO.ZdzdKi	Winne	Nagle	\N	85005	AZ	5	480 481 7846	2017-05-28 03:23:21	2017-12-04 20:34:05.689656	f
195	rcashell2t@fastcompany.com	$2b$10$deWlU8Lx2lkrqNuDsRRwDOble9V/f8NHCuv.XRlaAz8QkO.ZdzdKi	Rosalinde	Cashell	\N	38119	TN	4	901 261 1629	2017-10-05 21:52:11	2017-12-04 20:34:05.690247	t
196	dakhurst2u@hhs.gov	$2b$10$deWlU8Lx2lkrqNuDsRRwDOble9V/f8NHCuv.XRlaAz8QkO.ZdzdKi	Damita	Akhurst	\N	32830	FL	3	407 901 1794	2017-10-10 05:05:26	2017-12-04 20:34:05.690792	t
197	cparnall2v@usnews.com	$2b$10$deWlU8Lx2lkrqNuDsRRwDOble9V/f8NHCuv.XRlaAz8QkO.ZdzdKi	Conchita	Parnall	\N	21203	MD	4	410 740 9866	2016-12-06 16:51:18	2017-12-04 20:34:05.691356	f
198	ralliban2w@dot.gov	$2b$10$deWlU8Lx2lkrqNuDsRRwDOble9V/f8NHCuv.XRlaAz8QkO.ZdzdKi	Roxy	Alliban	\N	90410	CA	5	310 279 6595	2017-04-23 14:22:34	2017-12-04 20:34:05.691884	f
199	rtanslie2x@indiegogo.com	$2b$10$deWlU8Lx2lkrqNuDsRRwDOble9V/f8NHCuv.XRlaAz8QkO.ZdzdKi	Reeba	Tanslie	\N	33913	FL	4	239 924 6096	2017-03-21 09:06:24	2017-12-04 20:34:05.69243	t
200	ceakley2y@google.com	$2b$10$deWlU8Lx2lkrqNuDsRRwDOble9V/f8NHCuv.XRlaAz8QkO.ZdzdKi	Caspar	Eakley	\N	16550	PA	4	814 430 2350	2017-07-27 07:47:59	2017-12-04 20:34:05.692999	f
201	dtruran2z@mapquest.com	$2b$10$deWlU8Lx2lkrqNuDsRRwDOble9V/f8NHCuv.XRlaAz8QkO.ZdzdKi	Danny	Truran	\N	67205	KS	5	316 485 0183	2017-02-23 17:33:13	2017-12-04 20:34:05.69353	t
202	abuckwell30@infoseek.co.jp	$2b$10$deWlU8Lx2lkrqNuDsRRwDOble9V/f8NHCuv.XRlaAz8QkO.ZdzdKi	Albie	Buckwell	\N	85045	AZ	1	480 760 4314	2017-11-18 16:36:05	2017-12-04 20:34:05.694077	f
203	wdalloway31@comcast.net	$2b$10$deWlU8Lx2lkrqNuDsRRwDOble9V/f8NHCuv.XRlaAz8QkO.ZdzdKi	Wally	Dalloway	\N	94250	CA	2	916 582 5222	2017-01-03 09:57:18	2017-12-04 20:34:05.694587	t
204	kcosens32@cisco.com	$2b$10$deWlU8Lx2lkrqNuDsRRwDOble9V/f8NHCuv.XRlaAz8QkO.ZdzdKi	Karel	Cosens	\N	77305	TX	2	936 391 5685	2017-11-20 00:45:34	2017-12-04 20:34:05.695156	t
205	ftolan33@cnn.com	$2b$10$deWlU8Lx2lkrqNuDsRRwDOble9V/f8NHCuv.XRlaAz8QkO.ZdzdKi	Fancie	Tolan	\N	50369	IA	5	515 697 0129	2017-07-17 02:22:11	2017-12-04 20:34:05.695742	t
206	egogay34@blogger.com	$2b$10$deWlU8Lx2lkrqNuDsRRwDOble9V/f8NHCuv.XRlaAz8QkO.ZdzdKi	Eleni	Gogay	\N	33028	FL	1	954 840 1201	2017-08-01 09:00:31	2017-12-04 20:34:05.696308	f
207	hrankling35@opensource.org	$2b$10$deWlU8Lx2lkrqNuDsRRwDOble9V/f8NHCuv.XRlaAz8QkO.ZdzdKi	Hadrian	Rankling	\N	20210	DC	1	202 925 5210	2017-11-22 14:06:05	2017-12-04 20:34:05.696847	f
208	yschlagman36@vkontakte.ru	$2b$10$deWlU8Lx2lkrqNuDsRRwDOble9V/f8NHCuv.XRlaAz8QkO.ZdzdKi	Yettie	Schlagman	\N	10464	NY	3	914 371 1128	2017-08-28 14:24:00	2017-12-04 20:34:05.697382	t
209	mcormode37@deliciousdays.com	$2b$10$deWlU8Lx2lkrqNuDsRRwDOble9V/f8NHCuv.XRlaAz8QkO.ZdzdKi	Marjie	Cormode	\N	48901	MI	5	517 968 5534	2017-06-13 01:15:27	2017-12-04 20:34:05.698019	f
210	chouliston38@smugmug.com	$2b$10$deWlU8Lx2lkrqNuDsRRwDOble9V/f8NHCuv.XRlaAz8QkO.ZdzdKi	Christabella	Houliston	\N	30392	GA	1	404 198 2869	2017-10-22 09:36:15	2017-12-04 20:34:05.698601	t
211	sbayne39@tmall.com	$2b$10$deWlU8Lx2lkrqNuDsRRwDOble9V/f8NHCuv.XRlaAz8QkO.ZdzdKi	Stephana	Bayne	\N	79955	TX	5	915 883 0036	2017-08-16 11:48:48	2017-12-04 20:34:05.699168	f
212	smcglaud3a@mit.edu	$2b$10$deWlU8Lx2lkrqNuDsRRwDOble9V/f8NHCuv.XRlaAz8QkO.ZdzdKi	Stephani	McGlaud	\N	23277	VA	4	804 974 3512	2017-07-21 18:31:19	2017-12-04 20:34:05.699702	f
213	ahunnicot3b@icq.com	$2b$10$deWlU8Lx2lkrqNuDsRRwDOble9V/f8NHCuv.XRlaAz8QkO.ZdzdKi	Abramo	Hunnicot	\N	48107	MI	4	734 133 4586	2017-06-08 12:03:50	2017-12-04 20:34:05.700219	t
214	kbrussell3c@ning.com	$2b$10$deWlU8Lx2lkrqNuDsRRwDOble9V/f8NHCuv.XRlaAz8QkO.ZdzdKi	Kerwin	Brussell	\N	64054	MO	3	816 505 9201	2017-03-06 01:27:45	2017-12-04 20:34:05.700787	f
215	bdami3d@diigo.com	$2b$10$deWlU8Lx2lkrqNuDsRRwDOble9V/f8NHCuv.XRlaAz8QkO.ZdzdKi	Boothe	Dami	\N	13505	NY	2	315 333 2748	2017-08-15 17:50:13	2017-12-04 20:34:05.701345	f
216	mkencott3e@google.co.uk	$2b$10$deWlU8Lx2lkrqNuDsRRwDOble9V/f8NHCuv.XRlaAz8QkO.ZdzdKi	Myron	Kencott	\N	77030	TX	1	281 255 2848	2017-09-26 11:30:07	2017-12-04 20:34:05.70193	f
217	dsteinham3f@admin.ch	$2b$10$deWlU8Lx2lkrqNuDsRRwDOble9V/f8NHCuv.XRlaAz8QkO.ZdzdKi	Daryle	Steinham	\N	77212	TX	4	713 483 1120	2017-04-16 03:40:10	2017-12-04 20:34:05.702455	t
218	tsueter3g@tinypic.com	$2b$10$deWlU8Lx2lkrqNuDsRRwDOble9V/f8NHCuv.XRlaAz8QkO.ZdzdKi	Teodor	Sueter	\N	73071	OK	1	405 391 8527	2017-04-21 11:07:53	2017-12-04 20:34:05.703031	t
219	apedroli3h@de.vu	$2b$10$deWlU8Lx2lkrqNuDsRRwDOble9V/f8NHCuv.XRlaAz8QkO.ZdzdKi	Adoree	Pedroli	\N	45490	OH	1	937 682 1123	2017-02-22 01:38:43	2017-12-04 20:34:05.704852	t
220	mmcbrier3i@fastcompany.com	$2b$10$deWlU8Lx2lkrqNuDsRRwDOble9V/f8NHCuv.XRlaAz8QkO.ZdzdKi	Matthaeus	McBrier	\N	80270	CO	5	303 917 6161	2017-05-20 10:50:47	2017-12-04 20:34:05.706215	f
221	kohannay3j@army.mil	$2b$10$deWlU8Lx2lkrqNuDsRRwDOble9V/f8NHCuv.XRlaAz8QkO.ZdzdKi	Kiley	O'Hannay	\N	94544	CA	5	209 954 9320	2017-10-30 11:11:33	2017-12-04 20:34:05.706744	t
222	cluetkemeyer3k@dailymotion.com	$2b$10$deWlU8Lx2lkrqNuDsRRwDOble9V/f8NHCuv.XRlaAz8QkO.ZdzdKi	Ceciley	Luetkemeyer	\N	66699	KS	5	785 849 1744	2017-04-20 04:58:56	2017-12-04 20:34:05.707162	t
223	wkilmary3l@wikipedia.org	$2b$10$deWlU8Lx2lkrqNuDsRRwDOble9V/f8NHCuv.XRlaAz8QkO.ZdzdKi	Wendell	Kilmary	\N	91186	CA	3	626 658 4750	2017-02-16 05:57:08	2017-12-04 20:34:05.707702	f
224	enottingham3m@behance.net	$2b$10$deWlU8Lx2lkrqNuDsRRwDOble9V/f8NHCuv.XRlaAz8QkO.ZdzdKi	Eli	Nottingham	\N	44905	OH	5	419 698 3188	2017-10-19 11:49:38	2017-12-04 20:34:05.70821	t
225	plarderot3n@surveymonkey.com	$2b$10$deWlU8Lx2lkrqNuDsRRwDOble9V/f8NHCuv.XRlaAz8QkO.ZdzdKi	Prue	Larderot	\N	32225	FL	2	904 301 2793	2017-04-16 19:55:50	2017-12-04 20:34:05.708716	f
226	tbuttle3o@apache.org	$2b$10$deWlU8Lx2lkrqNuDsRRwDOble9V/f8NHCuv.XRlaAz8QkO.ZdzdKi	Thomasina	Buttle	\N	31217	GA	3	478 229 5336	2017-08-20 18:23:51	2017-12-04 20:34:05.709196	f
227	dmaccracken3p@trellian.com	$2b$10$deWlU8Lx2lkrqNuDsRRwDOble9V/f8NHCuv.XRlaAz8QkO.ZdzdKi	Denis	MacCracken	\N	81005	CO	4	719 644 6669	2017-02-13 23:16:29	2017-12-04 20:34:05.70974	t
228	mgillino3q@alexa.com	$2b$10$deWlU8Lx2lkrqNuDsRRwDOble9V/f8NHCuv.XRlaAz8QkO.ZdzdKi	Merridie	Gillino	\N	72916	AR	3	479 741 9819	2017-02-14 03:54:17	2017-12-04 20:34:05.710298	f
229	daarons3r@jigsy.com	$2b$10$deWlU8Lx2lkrqNuDsRRwDOble9V/f8NHCuv.XRlaAz8QkO.ZdzdKi	Dido	Aarons	\N	32854	FL	3	407 226 7388	2017-02-07 00:06:12	2017-12-04 20:34:05.710838	t
230	cextall3s@spiegel.de	$2b$10$deWlU8Lx2lkrqNuDsRRwDOble9V/f8NHCuv.XRlaAz8QkO.ZdzdKi	Charlot	Extall	\N	75246	TX	2	214 617 3038	2017-11-08 16:36:28	2017-12-04 20:34:05.711384	f
231	smatfin3t@fema.gov	$2b$10$deWlU8Lx2lkrqNuDsRRwDOble9V/f8NHCuv.XRlaAz8QkO.ZdzdKi	Sherlock	Matfin	\N	93709	CA	1	559 565 4810	2017-03-14 22:36:08	2017-12-04 20:34:05.711931	f
232	fpeddel3u@hibu.com	$2b$10$deWlU8Lx2lkrqNuDsRRwDOble9V/f8NHCuv.XRlaAz8QkO.ZdzdKi	Francklyn	Peddel	\N	03105	NH	3	603 919 9398	2017-02-08 23:57:00	2017-12-04 20:34:05.71248	t
233	alarderot3v@ucsd.edu	$2b$10$deWlU8Lx2lkrqNuDsRRwDOble9V/f8NHCuv.XRlaAz8QkO.ZdzdKi	Alair	Larderot	\N	32505	FL	4	850 334 1860	2017-01-13 23:17:05	2017-12-04 20:34:05.71289	t
234	khemerijk3w@prlog.org	$2b$10$deWlU8Lx2lkrqNuDsRRwDOble9V/f8NHCuv.XRlaAz8QkO.ZdzdKi	Kym	Hemerijk	\N	27499	NC	2	336 318 7758	2017-04-21 17:00:45	2017-12-04 20:34:05.71328	f
235	egrimshaw3x@1und1.de	$2b$10$deWlU8Lx2lkrqNuDsRRwDOble9V/f8NHCuv.XRlaAz8QkO.ZdzdKi	Emmey	Grimshaw	\N	77386	TX	4	832 268 6399	2017-07-04 03:29:24	2017-12-04 20:34:05.713664	f
236	flomasney3y@joomla.org	$2b$10$deWlU8Lx2lkrqNuDsRRwDOble9V/f8NHCuv.XRlaAz8QkO.ZdzdKi	Fae	Lomasney	\N	31196	GA	4	404 722 6346	2017-03-28 00:04:34	2017-12-04 20:34:05.714222	t
237	kpeddersen3z@moonfruit.com	$2b$10$deWlU8Lx2lkrqNuDsRRwDOble9V/f8NHCuv.XRlaAz8QkO.ZdzdKi	Kane	Peddersen	\N	68117	NE	1	402 520 3302	2017-07-24 04:46:30	2017-12-04 20:34:05.714777	t
238	fwaggatt40@mapquest.com	$2b$10$deWlU8Lx2lkrqNuDsRRwDOble9V/f8NHCuv.XRlaAz8QkO.ZdzdKi	Forester	Waggatt	\N	46216	IN	1	317 407 0402	2017-01-26 02:57:57	2017-12-04 20:34:05.715329	t
239	bstelli41@google.com.br	$2b$10$deWlU8Lx2lkrqNuDsRRwDOble9V/f8NHCuv.XRlaAz8QkO.ZdzdKi	Bent	Stelli	\N	96810	HI	3	808 607 9594	2017-08-24 15:24:30	2017-12-04 20:34:05.715873	t
240	nfells42@oracle.com	$2b$10$deWlU8Lx2lkrqNuDsRRwDOble9V/f8NHCuv.XRlaAz8QkO.ZdzdKi	Norine	Fells	\N	75507	TX	4	903 278 3452	2017-10-07 04:30:57	2017-12-04 20:34:05.716414	t
241	jbeyn43@epa.gov	$2b$10$deWlU8Lx2lkrqNuDsRRwDOble9V/f8NHCuv.XRlaAz8QkO.ZdzdKi	Jesse	Beyn	\N	12325	NY	5	518 608 3331	2017-08-25 23:50:24	2017-12-04 20:34:05.716971	t
242	cbrackenbury44@cdbaby.com	$2b$10$deWlU8Lx2lkrqNuDsRRwDOble9V/f8NHCuv.XRlaAz8QkO.ZdzdKi	Cindra	Brackenbury	\N	07104	NJ	1	973 200 8045	2017-07-31 08:33:27	2017-12-04 20:34:05.717514	f
243	sgilkison45@photobucket.com	$2b$10$deWlU8Lx2lkrqNuDsRRwDOble9V/f8NHCuv.XRlaAz8QkO.ZdzdKi	Susanna	Gilkison	\N	35205	AL	5	205 577 4477	2017-05-04 02:09:19	2017-12-04 20:34:05.718036	f
244	apeskett46@shop-pro.jp	$2b$10$deWlU8Lx2lkrqNuDsRRwDOble9V/f8NHCuv.XRlaAz8QkO.ZdzdKi	Ad	Peskett	\N	22903	VA	3	434 800 7860	2017-01-19 21:04:32	2017-12-04 20:34:05.718586	t
245	mmiroy47@yelp.com	$2b$10$deWlU8Lx2lkrqNuDsRRwDOble9V/f8NHCuv.XRlaAz8QkO.ZdzdKi	Mariel	Miroy	\N	33261	FL	2	305 653 3822	2017-06-27 08:42:14	2017-12-04 20:34:05.719057	t
246	jgoane48@washington.edu	$2b$10$deWlU8Lx2lkrqNuDsRRwDOble9V/f8NHCuv.XRlaAz8QkO.ZdzdKi	Jo	Goane	\N	22217	VA	5	571 453 5291	2017-10-09 08:48:53	2017-12-04 20:34:05.719508	f
247	llatchmore49@reuters.com	$2b$10$deWlU8Lx2lkrqNuDsRRwDOble9V/f8NHCuv.XRlaAz8QkO.ZdzdKi	Letta	Latchmore	\N	48930	MI	5	517 118 5503	2017-11-07 09:59:55	2017-12-04 20:34:05.720006	t
248	thumbell4a@cocolog-nifty.com	$2b$10$deWlU8Lx2lkrqNuDsRRwDOble9V/f8NHCuv.XRlaAz8QkO.ZdzdKi	Torrey	Humbell	\N	20041	DC	4	703 287 4022	2017-06-05 19:57:28	2017-12-04 20:34:05.720493	t
249	mmuspratt4b@nbcnews.com	$2b$10$deWlU8Lx2lkrqNuDsRRwDOble9V/f8NHCuv.XRlaAz8QkO.ZdzdKi	Marilee	Muspratt	\N	48550	MI	5	810 714 6883	2016-12-24 23:55:33	2017-12-04 20:34:05.720981	f
250	cbyass4c@istockphoto.com	$2b$10$deWlU8Lx2lkrqNuDsRRwDOble9V/f8NHCuv.XRlaAz8QkO.ZdzdKi	Carr	Byass	\N	84145	UT	2	801 573 4529	2017-02-11 01:09:31	2017-12-04 20:34:05.721474	f
251	jdaid4d@boston.com	$2b$10$deWlU8Lx2lkrqNuDsRRwDOble9V/f8NHCuv.XRlaAz8QkO.ZdzdKi	Jone	Daid	\N	15205	PA	3	724 108 7602	2016-12-27 13:39:54	2017-12-04 20:34:05.72199	f
252	oandriveaux4e@hp.com	$2b$10$deWlU8Lx2lkrqNuDsRRwDOble9V/f8NHCuv.XRlaAz8QkO.ZdzdKi	Osborne	Andriveaux	\N	40220	KY	1	502 764 3226	2017-05-01 20:56:48	2017-12-04 20:34:05.72249	t
253	zsimone4f@diigo.com	$2b$10$deWlU8Lx2lkrqNuDsRRwDOble9V/f8NHCuv.XRlaAz8QkO.ZdzdKi	Zackariah	Simone	\N	80204	CO	3	720 426 9345	2016-12-24 17:09:58	2017-12-04 20:34:05.722975	f
254	linnman4g@netlog.com	$2b$10$deWlU8Lx2lkrqNuDsRRwDOble9V/f8NHCuv.XRlaAz8QkO.ZdzdKi	Lory	Innman	\N	89519	NV	5	775 640 9990	2017-03-13 10:25:23	2017-12-04 20:34:05.72345	t
255	mrickson4h@seattletimes.com	$2b$10$deWlU8Lx2lkrqNuDsRRwDOble9V/f8NHCuv.XRlaAz8QkO.ZdzdKi	Magnum	Rickson	\N	76016	TX	3	713 305 5540	2016-12-19 18:49:29	2017-12-04 20:34:05.723925	f
256	tfeldberg4i@gmpg.org	$2b$10$deWlU8Lx2lkrqNuDsRRwDOble9V/f8NHCuv.XRlaAz8QkO.ZdzdKi	Terra	Feldberg	\N	37416	TN	5	423 573 8756	2017-02-13 12:55:45	2017-12-04 20:34:05.724408	t
257	rspurden4j@studiopress.com	$2b$10$deWlU8Lx2lkrqNuDsRRwDOble9V/f8NHCuv.XRlaAz8QkO.ZdzdKi	Richmond	Spurden	\N	46202	IN	5	765 607 1069	2017-02-21 23:28:33	2017-12-04 20:34:05.72489	f
258	omccosker4k@tinyurl.com	$2b$10$deWlU8Lx2lkrqNuDsRRwDOble9V/f8NHCuv.XRlaAz8QkO.ZdzdKi	Olympe	McCosker	\N	11436	NY	2	917 817 4144	2017-02-06 11:18:34	2017-12-04 20:34:05.725379	t
259	mbehagg4l@4shared.com	$2b$10$deWlU8Lx2lkrqNuDsRRwDOble9V/f8NHCuv.XRlaAz8QkO.ZdzdKi	Margy	Behagg	\N	48258	MI	2	248 681 1389	2017-11-29 16:27:32	2017-12-04 20:34:05.725866	t
260	jrevett4m@yahoo.com	$2b$10$deWlU8Lx2lkrqNuDsRRwDOble9V/f8NHCuv.XRlaAz8QkO.ZdzdKi	Jamison	Revett	\N	55805	MN	1	218 916 4360	2017-03-18 20:06:44	2017-12-04 20:34:05.726323	f
261	nsalerno4n@wikipedia.org	$2b$10$deWlU8Lx2lkrqNuDsRRwDOble9V/f8NHCuv.XRlaAz8QkO.ZdzdKi	Ninon	Salerno	\N	91520	CA	5	323 825 4203	2017-04-20 07:31:55	2017-12-04 20:34:05.726757	f
262	candrolli4o@telegraph.co.uk	$2b$10$deWlU8Lx2lkrqNuDsRRwDOble9V/f8NHCuv.XRlaAz8QkO.ZdzdKi	Clayborne	Androlli	\N	29215	SC	4	803 378 0505	2016-12-13 19:23:37	2017-12-04 20:34:05.727216	f
263	cgehrts4p@ebay.com	$2b$10$deWlU8Lx2lkrqNuDsRRwDOble9V/f8NHCuv.XRlaAz8QkO.ZdzdKi	Carie	Gehrts	\N	22096	VA	4	571 780 0950	2017-11-16 08:30:30	2017-12-04 20:34:05.727654	f
264	hgives4q@cdc.gov	$2b$10$deWlU8Lx2lkrqNuDsRRwDOble9V/f8NHCuv.XRlaAz8QkO.ZdzdKi	Harrietta	Gives	\N	48107	MI	2	734 912 7880	2017-07-19 02:56:41	2017-12-04 20:34:05.72807	t
265	sfosten4r@dyndns.org	$2b$10$deWlU8Lx2lkrqNuDsRRwDOble9V/f8NHCuv.XRlaAz8QkO.ZdzdKi	Smith	Fosten	\N	47747	IN	4	812 865 2065	2017-10-23 10:15:42	2017-12-04 20:34:05.728485	t
266	bhenken4s@opensource.org	$2b$10$deWlU8Lx2lkrqNuDsRRwDOble9V/f8NHCuv.XRlaAz8QkO.ZdzdKi	Biddie	Henken	\N	20551	DC	5	202 734 5360	2017-11-24 07:13:53	2017-12-04 20:34:05.728893	t
267	lmalpass4t@state.gov	$2b$10$deWlU8Lx2lkrqNuDsRRwDOble9V/f8NHCuv.XRlaAz8QkO.ZdzdKi	Lazare	Malpass	\N	38136	TN	5	901 806 3400	2017-01-30 23:14:40	2017-12-04 20:34:05.729296	f
268	fberrie4u@storify.com	$2b$10$deWlU8Lx2lkrqNuDsRRwDOble9V/f8NHCuv.XRlaAz8QkO.ZdzdKi	Fulton	Berrie	\N	19184	PA	2	215 340 8139	2016-12-19 06:56:04	2017-12-04 20:34:05.729709	t
269	thamsley4v@europa.eu	$2b$10$deWlU8Lx2lkrqNuDsRRwDOble9V/f8NHCuv.XRlaAz8QkO.ZdzdKi	Terrence	Hamsley	\N	70810	LA	2	225 809 9573	2017-09-10 13:12:52	2017-12-04 20:34:05.730126	t
270	lkruse4w@technorati.com	$2b$10$deWlU8Lx2lkrqNuDsRRwDOble9V/f8NHCuv.XRlaAz8QkO.ZdzdKi	Lavena	Kruse	\N	50315	IA	2	515 325 2640	2017-01-15 12:39:44	2017-12-04 20:34:05.730535	t
271	gwaterland4x@princeton.edu	$2b$10$deWlU8Lx2lkrqNuDsRRwDOble9V/f8NHCuv.XRlaAz8QkO.ZdzdKi	Gwenette	Waterland	\N	79452	TX	4	806 993 3477	2017-04-03 14:02:12	2017-12-04 20:34:05.730946	t
272	lminney4y@plala.or.jp	$2b$10$deWlU8Lx2lkrqNuDsRRwDOble9V/f8NHCuv.XRlaAz8QkO.ZdzdKi	Leanor	Minney	\N	75323	TX	5	214 582 7320	2017-05-21 22:23:10	2017-12-04 20:34:05.731354	f
273	akell4z@mail.ru	$2b$10$deWlU8Lx2lkrqNuDsRRwDOble9V/f8NHCuv.XRlaAz8QkO.ZdzdKi	Alejandro	Kell	\N	63150	MO	3	314 682 4832	2017-05-12 02:20:52	2017-12-04 20:34:05.731754	f
274	sbelchamber50@time.com	$2b$10$deWlU8Lx2lkrqNuDsRRwDOble9V/f8NHCuv.XRlaAz8QkO.ZdzdKi	Salvatore	Belchamber	\N	70187	LA	4	504 782 5272	2017-06-03 14:32:49	2017-12-04 20:34:05.732145	t
275	agasticke51@nba.com	$2b$10$deWlU8Lx2lkrqNuDsRRwDOble9V/f8NHCuv.XRlaAz8QkO.ZdzdKi	Antone	Gasticke	\N	55114	MN	2	651 446 4830	2017-05-30 16:29:27	2017-12-04 20:34:05.732542	f
276	cfrancois52@oracle.com	$2b$10$deWlU8Lx2lkrqNuDsRRwDOble9V/f8NHCuv.XRlaAz8QkO.ZdzdKi	Caterina	Francois	\N	06520	CT	1	203 232 8282	2017-07-11 22:39:29	2017-12-04 20:34:05.73295	f
277	lstennes53@sourceforge.net	$2b$10$deWlU8Lx2lkrqNuDsRRwDOble9V/f8NHCuv.XRlaAz8QkO.ZdzdKi	Lesley	Stennes	\N	89087	NV	2	702 442 7663	2017-01-27 21:22:18	2017-12-04 20:34:05.733364	f
278	klaity54@stumbleupon.com	$2b$10$deWlU8Lx2lkrqNuDsRRwDOble9V/f8NHCuv.XRlaAz8QkO.ZdzdKi	Kass	Laity	\N	44315	OH	3	330 534 4325	2017-10-05 21:16:01	2017-12-04 20:34:05.733777	f
279	pmcclay55@yolasite.com	$2b$10$deWlU8Lx2lkrqNuDsRRwDOble9V/f8NHCuv.XRlaAz8QkO.ZdzdKi	Pierson	McClay	\N	90398	CA	1	310 289 8660	2017-10-26 09:40:02	2017-12-04 20:34:05.73418	t
280	nandreasen56@last.fm	$2b$10$deWlU8Lx2lkrqNuDsRRwDOble9V/f8NHCuv.XRlaAz8QkO.ZdzdKi	Nathalia	Andreasen	\N	95123	CA	2	408 393 3215	2017-10-30 17:13:24	2017-12-04 20:34:05.734583	t
281	bwinman57@addthis.com	$2b$10$deWlU8Lx2lkrqNuDsRRwDOble9V/f8NHCuv.XRlaAz8QkO.ZdzdKi	Belinda	Winman	\N	88006	NM	2	505 774 2098	2017-08-27 15:44:59	2017-12-04 20:34:05.734985	f
282	progliero58@networksolutions.com	$2b$10$deWlU8Lx2lkrqNuDsRRwDOble9V/f8NHCuv.XRlaAz8QkO.ZdzdKi	Phoebe	Rogliero	\N	15906	PA	1	814 399 7035	2017-03-31 02:23:15	2017-12-04 20:34:05.735392	t
283	amacandreis59@latimes.com	$2b$10$deWlU8Lx2lkrqNuDsRRwDOble9V/f8NHCuv.XRlaAz8QkO.ZdzdKi	Allene	MacAndreis	\N	71161	LA	1	318 215 8915	2017-07-09 04:45:55	2017-12-04 20:34:05.735801	f
284	athorwarth5a@ox.ac.uk	$2b$10$deWlU8Lx2lkrqNuDsRRwDOble9V/f8NHCuv.XRlaAz8QkO.ZdzdKi	Antoni	Thorwarth	\N	27425	NC	4	336 641 7478	2017-08-02 07:23:15	2017-12-04 20:34:05.736208	t
285	bcambridge5b@desdev.cn	$2b$10$deWlU8Lx2lkrqNuDsRRwDOble9V/f8NHCuv.XRlaAz8QkO.ZdzdKi	Bernarr	Cambridge	\N	98008	WA	1	425 626 3111	2017-11-09 15:42:22	2017-12-04 20:34:05.736613	f
286	dtynan5c@woothemes.com	$2b$10$deWlU8Lx2lkrqNuDsRRwDOble9V/f8NHCuv.XRlaAz8QkO.ZdzdKi	Delmore	Tynan	\N	22313	VA	3	571 936 0195	2017-09-25 11:04:48	2017-12-04 20:34:05.737019	t
287	sgallifont5d@netvibes.com	$2b$10$deWlU8Lx2lkrqNuDsRRwDOble9V/f8NHCuv.XRlaAz8QkO.ZdzdKi	Siouxie	Gallifont	\N	44705	OH	4	330 795 9493	2017-06-21 16:52:45	2017-12-04 20:34:05.737423	f
288	dspry5e@twitter.com	$2b$10$deWlU8Lx2lkrqNuDsRRwDOble9V/f8NHCuv.XRlaAz8QkO.ZdzdKi	Doris	Spry	\N	77266	TX	1	832 445 2870	2017-01-03 15:00:54	2017-12-04 20:34:05.737826	t
289	emazonowicz5f@wp.com	$2b$10$deWlU8Lx2lkrqNuDsRRwDOble9V/f8NHCuv.XRlaAz8QkO.ZdzdKi	Elwin	Mazonowicz	\N	33315	FL	2	954 723 1663	2017-08-28 01:51:46	2017-12-04 20:34:05.738252	f
290	detheredge5g@umich.edu	$2b$10$deWlU8Lx2lkrqNuDsRRwDOble9V/f8NHCuv.XRlaAz8QkO.ZdzdKi	Dmitri	Etheredge	\N	94286	CA	3	916 319 0869	2017-11-11 14:09:44	2017-12-04 20:34:05.738656	f
291	hbarnwall5h@zimbio.com	$2b$10$deWlU8Lx2lkrqNuDsRRwDOble9V/f8NHCuv.XRlaAz8QkO.ZdzdKi	Hedy	Barnwall	\N	02298	MA	2	617 444 9365	2017-03-20 10:10:20	2017-12-04 20:34:05.73906	f
292	bkollach5i@fastcompany.com	$2b$10$deWlU8Lx2lkrqNuDsRRwDOble9V/f8NHCuv.XRlaAz8QkO.ZdzdKi	Brittani	Kollach	\N	46614	IN	5	574 506 1834	2017-04-23 14:12:53	2017-12-04 20:34:05.739464	f
293	amacbrearty5j@ask.com	$2b$10$deWlU8Lx2lkrqNuDsRRwDOble9V/f8NHCuv.XRlaAz8QkO.ZdzdKi	Amye	MacBrearty	\N	32236	FL	1	904 627 4203	2017-06-24 20:26:20	2017-12-04 20:34:05.739867	f
294	wcricket5k@craigslist.org	$2b$10$deWlU8Lx2lkrqNuDsRRwDOble9V/f8NHCuv.XRlaAz8QkO.ZdzdKi	Winni	Cricket	\N	14276	NY	4	716 324 5290	2017-11-08 12:37:23	2017-12-04 20:34:05.740272	t
295	jgrise5l@engadget.com	$2b$10$deWlU8Lx2lkrqNuDsRRwDOble9V/f8NHCuv.XRlaAz8QkO.ZdzdKi	Judith	Grise	\N	27105	NC	5	704 751 1061	2017-05-25 02:44:01	2017-12-04 20:34:05.740679	t
296	bmangan5m@pinterest.com	$2b$10$deWlU8Lx2lkrqNuDsRRwDOble9V/f8NHCuv.XRlaAz8QkO.ZdzdKi	Bird	Mangan	\N	33884	FL	4	407 183 0933	2017-09-05 10:57:07	2017-12-04 20:34:05.741087	f
297	jotter5n@privacy.gov.au	$2b$10$deWlU8Lx2lkrqNuDsRRwDOble9V/f8NHCuv.XRlaAz8QkO.ZdzdKi	Jake	Otter	\N	22217	VA	1	571 352 5801	2017-03-25 14:51:26	2017-12-04 20:34:05.741486	t
298	kcremins5o@hibu.com	$2b$10$deWlU8Lx2lkrqNuDsRRwDOble9V/f8NHCuv.XRlaAz8QkO.ZdzdKi	Katharine	Cremins	\N	91210	CA	4	818 672 3141	2017-08-13 06:57:33	2017-12-04 20:34:05.741912	t
299	tskeates5p@adobe.com	$2b$10$deWlU8Lx2lkrqNuDsRRwDOble9V/f8NHCuv.XRlaAz8QkO.ZdzdKi	Tamqrah	Skeates	\N	89714	NV	2	775 853 6893	2017-06-19 12:18:50	2017-12-04 20:34:05.742313	f
300	rmaxweell5q@indiatimes.com	$2b$10$deWlU8Lx2lkrqNuDsRRwDOble9V/f8NHCuv.XRlaAz8QkO.ZdzdKi	Ray	Maxweell	\N	92165	CA	1	619 630 7436	2016-12-04 23:16:06	2017-12-04 20:34:05.742718	t
301	chuitt5r@ft.com	$2b$10$deWlU8Lx2lkrqNuDsRRwDOble9V/f8NHCuv.XRlaAz8QkO.ZdzdKi	Chrotoem	Huitt	\N	61614	IL	1	309 543 6942	2017-01-10 23:06:03	2017-12-04 20:34:05.743122	t
302	isivill5s@google.com.au	$2b$10$deWlU8Lx2lkrqNuDsRRwDOble9V/f8NHCuv.XRlaAz8QkO.ZdzdKi	Ilyse	Sivill	\N	38188	TN	2	901 202 3433	2017-02-12 03:35:30	2017-12-04 20:34:05.743575	f
303	shaibel5t@people.com.cn	$2b$10$deWlU8Lx2lkrqNuDsRRwDOble9V/f8NHCuv.XRlaAz8QkO.ZdzdKi	Selene	Haibel	\N	14205	NY	1	716 244 2491	2016-12-08 00:18:45	2017-12-04 20:34:05.743984	f
304	acaldes5u@archive.org	$2b$10$deWlU8Lx2lkrqNuDsRRwDOble9V/f8NHCuv.XRlaAz8QkO.ZdzdKi	Andria	Caldes	\N	30336	GA	5	404 648 2865	2017-10-20 04:51:02	2017-12-04 20:34:05.744392	t
305	kbedlington5v@google.de	$2b$10$deWlU8Lx2lkrqNuDsRRwDOble9V/f8NHCuv.XRlaAz8QkO.ZdzdKi	Klarika	Bedlington	\N	74193	OK	3	918 511 2605	2017-08-03 19:56:43	2017-12-04 20:34:05.744789	f
306	tonion5w@noaa.gov	$2b$10$deWlU8Lx2lkrqNuDsRRwDOble9V/f8NHCuv.XRlaAz8QkO.ZdzdKi	Tracy	O'Nion	\N	37220	TN	5	615 391 9512	2017-02-10 06:45:10	2017-12-04 20:34:05.745201	f
307	mangier5x@oakley.com	$2b$10$deWlU8Lx2lkrqNuDsRRwDOble9V/f8NHCuv.XRlaAz8QkO.ZdzdKi	Michal	Angier	\N	30610	GA	5	706 322 7224	2017-05-18 15:27:23	2017-12-04 20:34:05.745614	f
308	cpettican5y@dagondesign.com	$2b$10$deWlU8Lx2lkrqNuDsRRwDOble9V/f8NHCuv.XRlaAz8QkO.ZdzdKi	Concordia	Pettican	\N	48206	MI	3	734 440 7188	2017-06-01 13:52:13	2017-12-04 20:34:05.746018	f
309	ppittel5z@angelfire.com	$2b$10$deWlU8Lx2lkrqNuDsRRwDOble9V/f8NHCuv.XRlaAz8QkO.ZdzdKi	Pamella	Pittel	\N	73104	OK	5	405 328 1721	2017-03-27 12:25:51	2017-12-04 20:34:05.74643	f
310	rbreache60@360.cn	$2b$10$deWlU8Lx2lkrqNuDsRRwDOble9V/f8NHCuv.XRlaAz8QkO.ZdzdKi	Reba	Breache	\N	19172	PA	1	215 157 0637	2017-05-01 12:04:00	2017-12-04 20:34:05.746833	t
311	lfarreil61@nba.com	$2b$10$deWlU8Lx2lkrqNuDsRRwDOble9V/f8NHCuv.XRlaAz8QkO.ZdzdKi	Lavinia	Farreil	\N	11388	NY	5	917 142 6987	2017-06-17 12:20:00	2017-12-04 20:34:05.747235	f
312	lovendale62@gizmodo.com	$2b$10$deWlU8Lx2lkrqNuDsRRwDOble9V/f8NHCuv.XRlaAz8QkO.ZdzdKi	Lilah	Ovendale	\N	63136	MO	3	314 602 5178	2016-12-07 10:30:29	2017-12-04 20:34:05.747645	t
313	mdurek63@squidoo.com	$2b$10$deWlU8Lx2lkrqNuDsRRwDOble9V/f8NHCuv.XRlaAz8QkO.ZdzdKi	Myrah	Durek	\N	22908	VA	1	434 272 1831	2017-07-25 05:45:10	2017-12-04 20:34:05.748049	f
314	mruperti64@dailymail.co.uk	$2b$10$deWlU8Lx2lkrqNuDsRRwDOble9V/f8NHCuv.XRlaAz8QkO.ZdzdKi	Marnia	Ruperti	\N	85210	AZ	5	480 176 5080	2017-03-27 18:31:45	2017-12-04 20:34:05.74846	f
315	hhurdman65@washington.edu	$2b$10$deWlU8Lx2lkrqNuDsRRwDOble9V/f8NHCuv.XRlaAz8QkO.ZdzdKi	Hilliard	Hurdman	\N	29220	SC	4	803 451 0911	2017-10-05 04:01:29	2017-12-04 20:34:05.748862	t
316	ileonardi66@omniture.com	$2b$10$deWlU8Lx2lkrqNuDsRRwDOble9V/f8NHCuv.XRlaAz8QkO.ZdzdKi	Iorgo	Leonardi	\N	23705	VA	3	757 201 9953	2017-07-06 18:46:48	2017-12-04 20:34:05.749262	f
317	bjosovitz67@springer.com	$2b$10$deWlU8Lx2lkrqNuDsRRwDOble9V/f8NHCuv.XRlaAz8QkO.ZdzdKi	Bennett	Josovitz	\N	90005	CA	5	562 256 2771	2017-05-13 19:35:27	2017-12-04 20:34:05.749662	t
318	kdelacote68@businessinsider.com	$2b$10$deWlU8Lx2lkrqNuDsRRwDOble9V/f8NHCuv.XRlaAz8QkO.ZdzdKi	Kristopher	De La Cote	\N	77020	TX	1	713 468 3318	2017-10-11 21:33:52	2017-12-04 20:34:05.750079	t
319	snoor69@amazon.co.uk	$2b$10$deWlU8Lx2lkrqNuDsRRwDOble9V/f8NHCuv.XRlaAz8QkO.ZdzdKi	Staford	Noor	\N	90015	CA	5	323 381 6672	2017-10-19 13:17:16	2017-12-04 20:34:05.750497	f
320	gupham6a@oakley.com	$2b$10$deWlU8Lx2lkrqNuDsRRwDOble9V/f8NHCuv.XRlaAz8QkO.ZdzdKi	Gregorio	Upham	\N	66225	KS	3	913 266 6330	2017-07-16 06:59:59	2017-12-04 20:34:05.750905	t
321	rmarklew6b@instagram.com	$2b$10$deWlU8Lx2lkrqNuDsRRwDOble9V/f8NHCuv.XRlaAz8QkO.ZdzdKi	Randolf	Marklew	\N	20892	MD	5	301 934 8044	2017-04-19 11:35:28	2017-12-04 20:34:05.751315	t
322	abottell6c@google.es	$2b$10$deWlU8Lx2lkrqNuDsRRwDOble9V/f8NHCuv.XRlaAz8QkO.ZdzdKi	Alvis	Bottell	\N	70505	LA	3	337 879 3408	2016-12-18 15:36:02	2017-12-04 20:34:05.751716	t
323	aarno6d@princeton.edu	$2b$10$deWlU8Lx2lkrqNuDsRRwDOble9V/f8NHCuv.XRlaAz8QkO.ZdzdKi	Auberta	Arno	\N	47937	IN	5	765 750 9926	2017-03-26 15:55:05	2017-12-04 20:34:05.752125	t
324	sgoodoune6e@google.es	$2b$10$deWlU8Lx2lkrqNuDsRRwDOble9V/f8NHCuv.XRlaAz8QkO.ZdzdKi	Sarene	Goodoune	\N	90810	CA	2	310 855 8061	2017-07-19 17:34:32	2017-12-04 20:34:05.75252	f
325	ggregr6f@comsenz.com	$2b$10$deWlU8Lx2lkrqNuDsRRwDOble9V/f8NHCuv.XRlaAz8QkO.ZdzdKi	Genevieve	Gregr	\N	32399	FL	3	850 265 4798	2017-01-11 21:10:35	2017-12-04 20:34:05.752919	f
326	agaraway6g@cyberchimps.com	$2b$10$deWlU8Lx2lkrqNuDsRRwDOble9V/f8NHCuv.XRlaAz8QkO.ZdzdKi	Abramo	Garaway	\N	58505	ND	3	701 517 9259	2017-07-18 12:10:44	2017-12-04 20:34:05.753313	t
327	arobeiro6h@uiuc.edu	$2b$10$deWlU8Lx2lkrqNuDsRRwDOble9V/f8NHCuv.XRlaAz8QkO.ZdzdKi	Arnie	Robeiro	\N	67260	KS	1	316 867 0493	2017-07-18 16:02:55	2017-12-04 20:34:05.753711	t
328	gwinsome6i@homestead.com	$2b$10$deWlU8Lx2lkrqNuDsRRwDOble9V/f8NHCuv.XRlaAz8QkO.ZdzdKi	Gwendolen	Winsome	\N	10464	NY	2	718 338 8448	2017-01-05 12:48:16	2017-12-04 20:34:05.754125	f
329	mrozanski6j@tinyurl.com	$2b$10$deWlU8Lx2lkrqNuDsRRwDOble9V/f8NHCuv.XRlaAz8QkO.ZdzdKi	Marika	Rozanski	\N	06120	CT	5	860 461 6958	2017-06-22 09:21:44	2017-12-04 20:34:05.754529	f
330	jyushmanov6k@wordpress.org	$2b$10$deWlU8Lx2lkrqNuDsRRwDOble9V/f8NHCuv.XRlaAz8QkO.ZdzdKi	Jean	Yushmanov	\N	78296	TX	4	210 926 9030	2017-03-27 09:54:00	2017-12-04 20:34:05.754932	t
331	alangford6l@spotify.com	$2b$10$deWlU8Lx2lkrqNuDsRRwDOble9V/f8NHCuv.XRlaAz8QkO.ZdzdKi	Alisander	Langford	\N	51110	IA	4	712 937 2838	2017-04-05 10:29:11	2017-12-04 20:34:05.755335	f
332	jtomovic6m@ezinearticles.com	$2b$10$deWlU8Lx2lkrqNuDsRRwDOble9V/f8NHCuv.XRlaAz8QkO.ZdzdKi	Joyce	Tomovic	\N	13210	NY	5	315 390 9455	2017-07-09 00:30:49	2017-12-04 20:34:05.755727	t
333	bseeman6n@huffingtonpost.com	$2b$10$deWlU8Lx2lkrqNuDsRRwDOble9V/f8NHCuv.XRlaAz8QkO.ZdzdKi	Brade	Seeman	\N	89595	NV	4	775 991 0839	2017-06-23 12:10:12	2017-12-04 20:34:05.75613	t
334	tedelman6o@china.com.cn	$2b$10$deWlU8Lx2lkrqNuDsRRwDOble9V/f8NHCuv.XRlaAz8QkO.ZdzdKi	Thalia	Edelman	\N	21290	MD	4	410 565 4123	2017-05-19 16:17:00	2017-12-04 20:34:05.756533	f
335	lbaud6p@purevolume.com	$2b$10$deWlU8Lx2lkrqNuDsRRwDOble9V/f8NHCuv.XRlaAz8QkO.ZdzdKi	Lilian	Baud	\N	22244	VA	1	571 414 0404	2017-01-17 19:41:03	2017-12-04 20:34:05.756937	f
336	pmacturlough6q@utexas.edu	$2b$10$deWlU8Lx2lkrqNuDsRRwDOble9V/f8NHCuv.XRlaAz8QkO.ZdzdKi	Pepita	MacTurlough	\N	47937	IN	5	765 764 7217	2017-07-19 03:06:05	2017-12-04 20:34:05.757346	t
337	wbucktharp6r@harvard.edu	$2b$10$deWlU8Lx2lkrqNuDsRRwDOble9V/f8NHCuv.XRlaAz8QkO.ZdzdKi	Winny	Bucktharp	\N	85305	AZ	2	623 195 3509	2017-04-04 13:02:08	2017-12-04 20:34:05.757748	t
338	mfransewich6s@businessweek.com	$2b$10$deWlU8Lx2lkrqNuDsRRwDOble9V/f8NHCuv.XRlaAz8QkO.ZdzdKi	Mariya	Fransewich	\N	60697	IL	5	312 843 9640	2017-04-09 05:22:51	2017-12-04 20:34:05.758157	t
339	hkelcey6t@cbslocal.com	$2b$10$deWlU8Lx2lkrqNuDsRRwDOble9V/f8NHCuv.XRlaAz8QkO.ZdzdKi	Howey	Kelcey	\N	33175	FL	4	305 679 8070	2017-03-22 16:56:57	2017-12-04 20:34:05.758572	f
340	sruffles6u@ucla.edu	$2b$10$deWlU8Lx2lkrqNuDsRRwDOble9V/f8NHCuv.XRlaAz8QkO.ZdzdKi	Sheridan	Ruffles	\N	16565	PA	5	814 235 2333	2017-04-08 19:28:48	2017-12-04 20:34:05.75897	t
341	mstopher6v@angelfire.com	$2b$10$deWlU8Lx2lkrqNuDsRRwDOble9V/f8NHCuv.XRlaAz8QkO.ZdzdKi	Marcellus	Stopher	\N	60674	IL	1	312 287 1919	2017-04-07 20:32:53	2017-12-04 20:34:05.759378	f
342	kstockport6w@elegantthemes.com	$2b$10$deWlU8Lx2lkrqNuDsRRwDOble9V/f8NHCuv.XRlaAz8QkO.ZdzdKi	Kitti	Stockport	\N	78296	TX	1	210 339 9425	2017-06-22 06:49:31	2017-12-04 20:34:05.759833	f
343	alowsely6x@cisco.com	$2b$10$deWlU8Lx2lkrqNuDsRRwDOble9V/f8NHCuv.XRlaAz8QkO.ZdzdKi	Arielle	Lowsely	\N	37250	TN	5	615 794 8697	2017-11-12 00:33:27	2017-12-04 20:34:05.760253	f
344	dketley6y@nps.gov	$2b$10$deWlU8Lx2lkrqNuDsRRwDOble9V/f8NHCuv.XRlaAz8QkO.ZdzdKi	Devin	Ketley	\N	33811	FL	3	863 390 3090	2017-02-27 18:18:07	2017-12-04 20:34:05.760658	t
345	ypetyakov6z@delicious.com	$2b$10$deWlU8Lx2lkrqNuDsRRwDOble9V/f8NHCuv.XRlaAz8QkO.ZdzdKi	Yuma	Petyakov	\N	40298	KY	1	502 682 2602	2017-10-29 10:46:10	2017-12-04 20:34:05.761057	t
346	iargont70@boston.com	$2b$10$deWlU8Lx2lkrqNuDsRRwDOble9V/f8NHCuv.XRlaAz8QkO.ZdzdKi	Ichabod	Argont	\N	75236	TX	5	214 907 8017	2017-06-22 09:05:47	2017-12-04 20:34:05.761457	f
347	gbracegirdle71@yolasite.com	$2b$10$deWlU8Lx2lkrqNuDsRRwDOble9V/f8NHCuv.XRlaAz8QkO.ZdzdKi	Gifford	Bracegirdle	\N	21203	MD	5	410 319 9322	2017-05-24 07:20:09	2017-12-04 20:34:05.761889	f
348	khanby72@hp.com	$2b$10$deWlU8Lx2lkrqNuDsRRwDOble9V/f8NHCuv.XRlaAz8QkO.ZdzdKi	Kimberley	Hanby	\N	93778	CA	2	559 339 6099	2017-02-26 06:34:16	2017-12-04 20:34:05.762302	f
349	ddegliantoni73@ebay.com	$2b$10$deWlU8Lx2lkrqNuDsRRwDOble9V/f8NHCuv.XRlaAz8QkO.ZdzdKi	Deerdre	Degli Antoni	\N	95828	CA	4	916 963 8901	2017-09-06 22:56:44	2017-12-04 20:34:05.762769	f
350	fswane74@wisc.edu	$2b$10$deWlU8Lx2lkrqNuDsRRwDOble9V/f8NHCuv.XRlaAz8QkO.ZdzdKi	Fannie	Swane	\N	91841	CA	4	626 592 2953	2017-11-30 17:04:09	2017-12-04 20:34:05.763234	f
351	lboggon75@purevolume.com	$2b$10$deWlU8Lx2lkrqNuDsRRwDOble9V/f8NHCuv.XRlaAz8QkO.ZdzdKi	Libbey	Boggon	\N	79116	TX	1	806 367 1065	2017-09-17 21:41:13	2017-12-04 20:34:05.763712	f
352	gbrekonridge76@barnesandnoble.com	$2b$10$deWlU8Lx2lkrqNuDsRRwDOble9V/f8NHCuv.XRlaAz8QkO.ZdzdKi	Gregorio	Brekonridge	\N	65211	MO	5	573 176 9338	2017-11-27 18:13:59	2017-12-04 20:34:05.76418	f
353	dbarens77@plala.or.jp	$2b$10$deWlU8Lx2lkrqNuDsRRwDOble9V/f8NHCuv.XRlaAz8QkO.ZdzdKi	Dorree	Barens	\N	49560	MI	1	616 623 4504	2017-05-10 18:49:04	2017-12-04 20:34:05.764659	f
354	dcranmor78@salon.com	$2b$10$deWlU8Lx2lkrqNuDsRRwDOble9V/f8NHCuv.XRlaAz8QkO.ZdzdKi	Dermot	Cranmor	\N	53790	WI	2	608 854 2015	2017-07-28 12:14:22	2017-12-04 20:34:05.765131	f
355	pausten79@comsenz.com	$2b$10$deWlU8Lx2lkrqNuDsRRwDOble9V/f8NHCuv.XRlaAz8QkO.ZdzdKi	Paulo	Austen	\N	78465	TX	2	361 156 4109	2017-08-13 04:30:39	2017-12-04 20:34:05.765604	f
356	shaestier7a@discovery.com	$2b$10$deWlU8Lx2lkrqNuDsRRwDOble9V/f8NHCuv.XRlaAz8QkO.ZdzdKi	Symon	Haestier	\N	53710	WI	5	608 957 3310	2017-01-10 16:11:24	2017-12-04 20:34:05.766007	t
357	dilyin7b@ucoz.ru	$2b$10$deWlU8Lx2lkrqNuDsRRwDOble9V/f8NHCuv.XRlaAz8QkO.ZdzdKi	Daffy	Ilyin	\N	79710	TX	1	432 880 9362	2017-04-14 21:48:45	2017-12-04 20:34:05.76649	t
358	ijamme7c@scientificamerican.com	$2b$10$deWlU8Lx2lkrqNuDsRRwDOble9V/f8NHCuv.XRlaAz8QkO.ZdzdKi	Inglis	Jamme	\N	25331	WV	3	304 593 6124	2017-08-19 08:07:38	2017-12-04 20:34:05.766988	f
359	bdarton7d@elegantthemes.com	$2b$10$deWlU8Lx2lkrqNuDsRRwDOble9V/f8NHCuv.XRlaAz8QkO.ZdzdKi	Bondon	Darton	\N	68505	NE	3	402 146 7217	2017-01-20 17:36:27	2017-12-04 20:34:05.767444	f
360	sstansfield7e@artisteer.com	$2b$10$deWlU8Lx2lkrqNuDsRRwDOble9V/f8NHCuv.XRlaAz8QkO.ZdzdKi	Sidnee	Stansfield	\N	70116	LA	4	504 154 9100	2017-03-20 03:52:02	2017-12-04 20:34:05.767885	t
361	amortimer7f@clickbank.net	$2b$10$deWlU8Lx2lkrqNuDsRRwDOble9V/f8NHCuv.XRlaAz8QkO.ZdzdKi	Alikee	Mortimer	\N	11231	NY	3	212 502 9371	2016-12-14 15:49:46	2017-12-04 20:34:05.768323	t
362	kcochet7g@cbc.ca	$2b$10$deWlU8Lx2lkrqNuDsRRwDOble9V/f8NHCuv.XRlaAz8QkO.ZdzdKi	Katina	Cochet	\N	20503	DC	5	202 528 8223	2017-06-05 18:40:37	2017-12-04 20:34:05.768649	f
363	eferroli7h@alibaba.com	$2b$10$deWlU8Lx2lkrqNuDsRRwDOble9V/f8NHCuv.XRlaAz8QkO.ZdzdKi	Evan	Ferroli	\N	28242	NC	2	704 761 7385	2017-08-14 02:51:47	2017-12-04 20:34:05.76896	f
364	ckirley7i@tamu.edu	$2b$10$deWlU8Lx2lkrqNuDsRRwDOble9V/f8NHCuv.XRlaAz8QkO.ZdzdKi	Caspar	Kirley	\N	32505	FL	3	850 970 4395	2017-01-27 13:02:09	2017-12-04 20:34:05.769429	f
365	dskeats7j@ca.gov	$2b$10$deWlU8Lx2lkrqNuDsRRwDOble9V/f8NHCuv.XRlaAz8QkO.ZdzdKi	Demetrius	Skeats	\N	93106	CA	3	805 681 9341	2017-06-06 23:28:15	2017-12-04 20:34:05.769893	t
366	mgrogan7k@1688.com	$2b$10$deWlU8Lx2lkrqNuDsRRwDOble9V/f8NHCuv.XRlaAz8QkO.ZdzdKi	Munmro	Grogan	\N	90094	CA	1	323 519 1109	2017-02-12 11:42:45	2017-12-04 20:34:05.770386	t
367	cwilds7l@hao123.com	$2b$10$deWlU8Lx2lkrqNuDsRRwDOble9V/f8NHCuv.XRlaAz8QkO.ZdzdKi	Corabelle	Wilds	\N	77015	TX	1	281 829 9737	2017-04-11 18:34:07	2017-12-04 20:34:05.770871	f
368	ldillingham7m@tamu.edu	$2b$10$deWlU8Lx2lkrqNuDsRRwDOble9V/f8NHCuv.XRlaAz8QkO.ZdzdKi	Lief	Dillingham	\N	67230	KS	3	316 481 5674	2017-11-30 17:08:33	2017-12-04 20:34:05.771352	f
369	bhumpatch7n@w3.org	$2b$10$deWlU8Lx2lkrqNuDsRRwDOble9V/f8NHCuv.XRlaAz8QkO.ZdzdKi	Beryl	Humpatch	\N	78260	TX	5	210 612 6107	2017-01-02 16:22:08	2017-12-04 20:34:05.771832	f
370	emoreby7o@java.com	$2b$10$deWlU8Lx2lkrqNuDsRRwDOble9V/f8NHCuv.XRlaAz8QkO.ZdzdKi	Elaine	Moreby	\N	43605	OH	2	419 536 9868	2017-06-23 02:10:58	2017-12-04 20:34:05.772311	f
371	cvogeller7p@telegraph.co.uk	$2b$10$deWlU8Lx2lkrqNuDsRRwDOble9V/f8NHCuv.XRlaAz8QkO.ZdzdKi	Cullie	Vogeller	\N	92862	CA	3	714 626 1216	2017-08-04 12:55:32	2017-12-04 20:34:05.77275	f
372	ddutch7q@merriam-webster.com	$2b$10$deWlU8Lx2lkrqNuDsRRwDOble9V/f8NHCuv.XRlaAz8QkO.ZdzdKi	Dori	Dutch	\N	34620	FL	4	727 778 2557	2017-04-03 17:31:04	2017-12-04 20:34:05.773183	t
373	jhubber7r@economist.com	$2b$10$deWlU8Lx2lkrqNuDsRRwDOble9V/f8NHCuv.XRlaAz8QkO.ZdzdKi	Jami	Hubber	\N	36109	AL	2	334 811 0112	2017-11-02 16:06:02	2017-12-04 20:34:05.773651	f
374	pmckelvie7s@unesco.org	$2b$10$deWlU8Lx2lkrqNuDsRRwDOble9V/f8NHCuv.XRlaAz8QkO.ZdzdKi	Petronille	McKelvie	\N	34605	FL	4	352 941 2408	2017-09-30 03:45:45	2017-12-04 20:34:05.774162	t
375	vwidger7t@usgs.gov	$2b$10$deWlU8Lx2lkrqNuDsRRwDOble9V/f8NHCuv.XRlaAz8QkO.ZdzdKi	Vidovik	Widger	\N	58106	ND	4	701 255 6877	2017-04-23 16:25:42	2017-12-04 20:34:05.774655	f
376	jarnout7u@shinystat.com	$2b$10$deWlU8Lx2lkrqNuDsRRwDOble9V/f8NHCuv.XRlaAz8QkO.ZdzdKi	Jillian	Arnout	\N	30905	GA	2	706 401 8814	2017-04-21 01:54:38	2017-12-04 20:34:05.775129	t
377	jfeavyour7v@de.vu	$2b$10$deWlU8Lx2lkrqNuDsRRwDOble9V/f8NHCuv.XRlaAz8QkO.ZdzdKi	Joy	Feavyour	\N	45213	OH	3	513 214 8905	2017-06-30 05:24:19	2017-12-04 20:34:05.775562	t
378	cpalley7w@delicious.com	$2b$10$deWlU8Lx2lkrqNuDsRRwDOble9V/f8NHCuv.XRlaAz8QkO.ZdzdKi	Cecile	Palley	\N	75251	TX	1	469 476 6852	2017-09-03 08:45:57	2017-12-04 20:34:05.77605	t
379	calbrooke7x@shop-pro.jp	$2b$10$deWlU8Lx2lkrqNuDsRRwDOble9V/f8NHCuv.XRlaAz8QkO.ZdzdKi	Chantal	Albrooke	\N	54915	WI	5	920 408 2215	2017-04-15 02:57:19	2017-12-04 20:34:05.776538	t
380	aargyle7y@marriott.com	$2b$10$deWlU8Lx2lkrqNuDsRRwDOble9V/f8NHCuv.XRlaAz8QkO.ZdzdKi	Annalise	Argyle	\N	61105	IL	2	815 657 3523	2016-12-16 19:32:31	2017-12-04 20:34:05.776915	t
381	jtitterington7z@symantec.com	$2b$10$deWlU8Lx2lkrqNuDsRRwDOble9V/f8NHCuv.XRlaAz8QkO.ZdzdKi	Jeannine	Titterington	\N	62705	IL	3	217 330 2777	2017-05-16 23:27:40	2017-12-04 20:34:05.777443	t
382	pfulks80@ed.gov	$2b$10$deWlU8Lx2lkrqNuDsRRwDOble9V/f8NHCuv.XRlaAz8QkO.ZdzdKi	Penn	Fulks	\N	54313	WI	3	920 168 5742	2017-05-06 15:57:26	2017-12-04 20:34:05.777959	f
383	cjerrans81@census.gov	$2b$10$deWlU8Lx2lkrqNuDsRRwDOble9V/f8NHCuv.XRlaAz8QkO.ZdzdKi	Corbie	Jerrans	\N	23285	VA	3	804 675 1303	2017-04-23 07:27:10	2017-12-04 20:34:05.77841	f
384	lmactrustey82@hp.com	$2b$10$deWlU8Lx2lkrqNuDsRRwDOble9V/f8NHCuv.XRlaAz8QkO.ZdzdKi	Lib	MacTrustey	\N	90805	CA	3	562 892 7639	2016-12-10 20:13:04	2017-12-04 20:34:05.778848	t
385	ftomalin83@nasa.gov	$2b$10$deWlU8Lx2lkrqNuDsRRwDOble9V/f8NHCuv.XRlaAz8QkO.ZdzdKi	Fedora	Tomalin	\N	76004	TX	4	817 928 3083	2017-09-01 04:03:15	2017-12-04 20:34:05.779275	t
386	mvinden84@fda.gov	$2b$10$deWlU8Lx2lkrqNuDsRRwDOble9V/f8NHCuv.XRlaAz8QkO.ZdzdKi	Murry	Vinden	\N	90045	CA	1	310 732 4040	2017-04-17 22:09:53	2017-12-04 20:34:05.779693	t
387	mfrackiewicz85@google.ru	$2b$10$deWlU8Lx2lkrqNuDsRRwDOble9V/f8NHCuv.XRlaAz8QkO.ZdzdKi	Mommy	Frackiewicz	\N	64136	MO	4	816 537 4609	2017-11-28 20:36:07	2017-12-04 20:34:05.780113	f
388	jgouldbourn86@ucsd.edu	$2b$10$deWlU8Lx2lkrqNuDsRRwDOble9V/f8NHCuv.XRlaAz8QkO.ZdzdKi	Jacklyn	Gouldbourn	\N	93106	CA	5	805 929 3287	2017-06-09 12:06:07	2017-12-04 20:34:05.780535	f
389	eantonopoulos87@wordpress.org	$2b$10$deWlU8Lx2lkrqNuDsRRwDOble9V/f8NHCuv.XRlaAz8QkO.ZdzdKi	Esmaria	Antonopoulos	\N	48206	MI	1	586 263 6831	2017-05-12 18:00:33	2017-12-04 20:34:05.780948	f
390	byong88@flickr.com	$2b$10$deWlU8Lx2lkrqNuDsRRwDOble9V/f8NHCuv.XRlaAz8QkO.ZdzdKi	Brett	Yong	\N	23285	VA	2	804 883 6986	2017-11-13 03:50:09	2017-12-04 20:34:05.781366	t
391	mphant89@noaa.gov	$2b$10$deWlU8Lx2lkrqNuDsRRwDOble9V/f8NHCuv.XRlaAz8QkO.ZdzdKi	Mayor	Phant	\N	94089	CA	3	650 260 6398	2017-02-08 05:25:17	2017-12-04 20:34:05.78178	t
392	dfarnie8a@illinois.edu	$2b$10$deWlU8Lx2lkrqNuDsRRwDOble9V/f8NHCuv.XRlaAz8QkO.ZdzdKi	Diandra	Farnie	\N	91117	CA	1	626 679 2216	2017-09-05 14:44:53	2017-12-04 20:34:05.782158	f
393	abethune8b@slideshare.net	$2b$10$deWlU8Lx2lkrqNuDsRRwDOble9V/f8NHCuv.XRlaAz8QkO.ZdzdKi	Alexander	Bethune	\N	38114	TN	2	901 622 1528	2017-08-07 23:12:02	2017-12-04 20:34:05.78257	f
394	pnovotna8c@symantec.com	$2b$10$deWlU8Lx2lkrqNuDsRRwDOble9V/f8NHCuv.XRlaAz8QkO.ZdzdKi	Pattie	Novotna	\N	14614	NY	2	585 198 5862	2017-01-13 02:43:24	2017-12-04 20:34:05.782975	t
395	rcumbers8d@un.org	$2b$10$deWlU8Lx2lkrqNuDsRRwDOble9V/f8NHCuv.XRlaAz8QkO.ZdzdKi	Rog	Cumbers	\N	21405	MD	4	443 863 6789	2017-05-13 12:07:58	2017-12-04 20:34:05.783377	t
396	dkeoghane8e@ihg.com	$2b$10$deWlU8Lx2lkrqNuDsRRwDOble9V/f8NHCuv.XRlaAz8QkO.ZdzdKi	Debee	Keoghane	\N	93704	CA	2	209 714 7431	2017-05-12 22:45:36	2017-12-04 20:34:05.783781	f
397	dwingham8f@wikia.com	$2b$10$deWlU8Lx2lkrqNuDsRRwDOble9V/f8NHCuv.XRlaAz8QkO.ZdzdKi	Delinda	Wingham	\N	95194	CA	5	408 520 5504	2017-08-12 14:37:33	2017-12-04 20:34:05.784188	t
398	santoinet8g@4shared.com	$2b$10$deWlU8Lx2lkrqNuDsRRwDOble9V/f8NHCuv.XRlaAz8QkO.ZdzdKi	Stormi	Antoinet	\N	60686	IL	4	312 771 4671	2017-05-04 11:58:00	2017-12-04 20:34:05.784585	f
399	sskiplorne8h@nydailynews.com	$2b$10$deWlU8Lx2lkrqNuDsRRwDOble9V/f8NHCuv.XRlaAz8QkO.ZdzdKi	See	Skiplorne	\N	25705	WV	2	304 445 8351	2017-08-09 23:00:31	2017-12-04 20:34:05.784985	t
400	coboyle8i@jalbum.net	$2b$10$deWlU8Lx2lkrqNuDsRRwDOble9V/f8NHCuv.XRlaAz8QkO.ZdzdKi	Cletis	O'Boyle	\N	90189	CA	1	213 857 0041	2017-10-02 18:24:26	2017-12-04 20:34:05.785396	f
401	ecaplen8j@usatoday.com	$2b$10$deWlU8Lx2lkrqNuDsRRwDOble9V/f8NHCuv.XRlaAz8QkO.ZdzdKi	Evangelin	Caplen	\N	22309	VA	1	703 882 4687	2017-07-19 04:49:23	2017-12-04 20:34:05.785799	f
402	cflahive8k@dedecms.com	$2b$10$deWlU8Lx2lkrqNuDsRRwDOble9V/f8NHCuv.XRlaAz8QkO.ZdzdKi	Cammie	Flahive	\N	32610	FL	5	352 198 1945	2017-11-28 00:06:11	2017-12-04 20:34:05.786227	f
403	cprovest8l@mapy.cz	$2b$10$deWlU8Lx2lkrqNuDsRRwDOble9V/f8NHCuv.XRlaAz8QkO.ZdzdKi	Carce	Provest	\N	79968	TX	3	915 829 6944	2017-08-02 02:50:54	2017-12-04 20:34:05.786633	f
404	bpepin8m@dagondesign.com	$2b$10$deWlU8Lx2lkrqNuDsRRwDOble9V/f8NHCuv.XRlaAz8QkO.ZdzdKi	Beilul	Pepin	\N	99205	WA	5	509 371 8685	2017-09-25 14:42:54	2017-12-04 20:34:05.787046	t
405	beverleigh8n@cdbaby.com	$2b$10$deWlU8Lx2lkrqNuDsRRwDOble9V/f8NHCuv.XRlaAz8QkO.ZdzdKi	Brantley	Everleigh	\N	79705	TX	3	432 957 0324	2017-03-07 16:49:15	2017-12-04 20:34:05.787452	t
406	ssexton8o@ycombinator.com	$2b$10$deWlU8Lx2lkrqNuDsRRwDOble9V/f8NHCuv.XRlaAz8QkO.ZdzdKi	Serene	Sexton	\N	36616	AL	2	251 459 4780	2017-11-27 15:11:59	2017-12-04 20:34:05.787862	t
407	bvalois8p@twitpic.com	$2b$10$deWlU8Lx2lkrqNuDsRRwDOble9V/f8NHCuv.XRlaAz8QkO.ZdzdKi	Bax	Valois	\N	28220	NC	1	704 957 4180	2017-10-31 18:38:56	2017-12-04 20:34:05.788275	t
408	bhowell8q@yandex.ru	$2b$10$deWlU8Lx2lkrqNuDsRRwDOble9V/f8NHCuv.XRlaAz8QkO.ZdzdKi	Brett	Howell	\N	33196	FL	4	786 460 9011	2017-06-06 00:04:20	2017-12-04 20:34:05.788687	f
409	bblaker8r@ft.com	$2b$10$deWlU8Lx2lkrqNuDsRRwDOble9V/f8NHCuv.XRlaAz8QkO.ZdzdKi	Brockie	Blaker	\N	73114	OK	5	405 836 9157	2017-12-02 00:48:24	2017-12-04 20:34:05.789086	t
410	smutter8s@jimdo.com	$2b$10$deWlU8Lx2lkrqNuDsRRwDOble9V/f8NHCuv.XRlaAz8QkO.ZdzdKi	Sully	Mutter	\N	88525	TX	5	915 736 3599	2017-11-23 10:32:04	2017-12-04 20:34:05.7895	f
411	sroderick8t@census.gov	$2b$10$deWlU8Lx2lkrqNuDsRRwDOble9V/f8NHCuv.XRlaAz8QkO.ZdzdKi	Sheppard	Roderick	\N	95150	CA	5	408 266 1642	2017-07-13 16:15:43	2017-12-04 20:34:05.789913	f
412	bpinnigar8u@oaic.gov.au	$2b$10$deWlU8Lx2lkrqNuDsRRwDOble9V/f8NHCuv.XRlaAz8QkO.ZdzdKi	Bartolomeo	Pinnigar	\N	89706	NV	3	775 755 5376	2017-01-08 11:24:26	2017-12-04 20:34:05.790318	f
413	fgreenard8v@godaddy.com	$2b$10$deWlU8Lx2lkrqNuDsRRwDOble9V/f8NHCuv.XRlaAz8QkO.ZdzdKi	Frederico	Greenard	\N	35290	AL	4	205 853 4261	2017-07-28 06:18:37	2017-12-04 20:34:05.79073	t
414	jnichol8w@pinterest.com	$2b$10$deWlU8Lx2lkrqNuDsRRwDOble9V/f8NHCuv.XRlaAz8QkO.ZdzdKi	Jessa	Nichol	\N	97271	OR	4	971 908 4035	2017-08-08 19:53:50	2017-12-04 20:34:05.791145	f
415	btallyn8x@com.com	$2b$10$deWlU8Lx2lkrqNuDsRRwDOble9V/f8NHCuv.XRlaAz8QkO.ZdzdKi	Bonnibelle	Tallyn	\N	95894	CA	4	916 857 1075	2016-12-31 03:11:49	2017-12-04 20:34:05.791555	f
416	bfranceschielli8y@clickbank.net	$2b$10$deWlU8Lx2lkrqNuDsRRwDOble9V/f8NHCuv.XRlaAz8QkO.ZdzdKi	Brannon	Franceschielli	\N	45020	OH	5	937 172 6883	2017-11-08 05:04:13	2017-12-04 20:34:05.791949	t
417	atoward8z@liveinternet.ru	$2b$10$deWlU8Lx2lkrqNuDsRRwDOble9V/f8NHCuv.XRlaAz8QkO.ZdzdKi	Alverta	Toward	\N	19810	DE	4	302 632 3863	2017-04-01 06:06:11	2017-12-04 20:34:05.792459	t
418	dcharlotte90@4shared.com	$2b$10$deWlU8Lx2lkrqNuDsRRwDOble9V/f8NHCuv.XRlaAz8QkO.ZdzdKi	Darcee	Charlotte	\N	22217	VA	3	571 819 1638	2017-04-25 19:17:59	2017-12-04 20:34:05.792955	f
419	fboulde91@fc2.com	$2b$10$deWlU8Lx2lkrqNuDsRRwDOble9V/f8NHCuv.XRlaAz8QkO.ZdzdKi	Fielding	Boulde	\N	23705	VA	2	757 162 8820	2017-05-29 17:40:38	2017-12-04 20:34:05.793406	t
420	twodham92@cmu.edu	$2b$10$deWlU8Lx2lkrqNuDsRRwDOble9V/f8NHCuv.XRlaAz8QkO.ZdzdKi	Taite	Wodham	\N	10125	NY	2	212 452 8990	2017-05-15 00:11:36	2017-12-04 20:34:05.793868	f
421	janton93@hexun.com	$2b$10$deWlU8Lx2lkrqNuDsRRwDOble9V/f8NHCuv.XRlaAz8QkO.ZdzdKi	Janessa	Anton	\N	94237	CA	3	916 980 8717	2017-10-29 06:15:13	2017-12-04 20:34:05.794354	t
422	emcffaden94@ucla.edu	$2b$10$deWlU8Lx2lkrqNuDsRRwDOble9V/f8NHCuv.XRlaAz8QkO.ZdzdKi	Eimile	McFfaden	\N	11205	NY	1	718 768 2152	2017-06-24 04:11:46	2017-12-04 20:34:05.794861	t
423	medmand95@vkontakte.ru	$2b$10$deWlU8Lx2lkrqNuDsRRwDOble9V/f8NHCuv.XRlaAz8QkO.ZdzdKi	Maurie	Edmand	\N	55127	MN	2	612 777 9872	2017-03-04 05:25:03	2017-12-04 20:34:05.795357	t
424	gcoker96@parallels.com	$2b$10$deWlU8Lx2lkrqNuDsRRwDOble9V/f8NHCuv.XRlaAz8QkO.ZdzdKi	Garland	Coker	\N	90398	CA	5	310 371 0428	2017-09-05 09:28:17	2017-12-04 20:34:05.795843	t
425	tshivlin97@wisc.edu	$2b$10$deWlU8Lx2lkrqNuDsRRwDOble9V/f8NHCuv.XRlaAz8QkO.ZdzdKi	Tobe	Shivlin	\N	01152	MA	5	413 505 4769	2017-08-27 16:07:38	2017-12-04 20:34:05.79628	t
426	ahefferon98@theglobeandmail.com	$2b$10$deWlU8Lx2lkrqNuDsRRwDOble9V/f8NHCuv.XRlaAz8QkO.ZdzdKi	Alyson	Hefferon	\N	22908	VA	4	434 943 1093	2017-08-07 01:05:18	2017-12-04 20:34:05.796708	t
427	cdoreward99@g.co	$2b$10$deWlU8Lx2lkrqNuDsRRwDOble9V/f8NHCuv.XRlaAz8QkO.ZdzdKi	Carlie	Doreward	\N	23242	VA	2	804 755 5241	2017-09-29 07:43:06	2017-12-04 20:34:05.797131	f
428	jdumbare9a@360.cn	$2b$10$deWlU8Lx2lkrqNuDsRRwDOble9V/f8NHCuv.XRlaAz8QkO.ZdzdKi	Jesus	Dumbare	\N	87110	NM	2	505 141 5969	2017-04-01 17:44:23	2017-12-04 20:34:05.797601	f
429	ldevonald9b@ehow.com	$2b$10$deWlU8Lx2lkrqNuDsRRwDOble9V/f8NHCuv.XRlaAz8QkO.ZdzdKi	Louise	Devonald	\N	32304	FL	4	850 390 2991	2017-06-03 14:48:42	2017-12-04 20:34:05.798011	t
430	kmcsaul9c@51.la	$2b$10$deWlU8Lx2lkrqNuDsRRwDOble9V/f8NHCuv.XRlaAz8QkO.ZdzdKi	Karly	McSaul	\N	23551	VA	4	757 138 0419	2017-02-02 16:05:46	2017-12-04 20:34:05.798491	t
431	gsimonot9d@jigsy.com	$2b$10$deWlU8Lx2lkrqNuDsRRwDOble9V/f8NHCuv.XRlaAz8QkO.ZdzdKi	Glori	Simonot	\N	48098	MI	5	248 148 8745	2017-10-19 12:25:02	2017-12-04 20:34:05.798982	t
432	hrospars9e@themeforest.net	$2b$10$deWlU8Lx2lkrqNuDsRRwDOble9V/f8NHCuv.XRlaAz8QkO.ZdzdKi	Hilton	Rospars	\N	92878	CA	1	951 130 4581	2017-03-17 18:56:49	2017-12-04 20:34:05.799434	f
433	kturpin9f@umich.edu	$2b$10$deWlU8Lx2lkrqNuDsRRwDOble9V/f8NHCuv.XRlaAz8QkO.ZdzdKi	Karlene	Turpin	\N	23520	VA	2	757 791 8362	2017-02-22 11:07:08	2017-12-04 20:34:05.799872	f
434	plawrie9g@google.nl	$2b$10$deWlU8Lx2lkrqNuDsRRwDOble9V/f8NHCuv.XRlaAz8QkO.ZdzdKi	Phyllis	Lawrie	\N	20551	DC	4	202 339 1003	2017-10-18 06:47:36	2017-12-04 20:34:05.800301	t
435	gbrittin9h@aol.com	$2b$10$deWlU8Lx2lkrqNuDsRRwDOble9V/f8NHCuv.XRlaAz8QkO.ZdzdKi	Graig	Brittin	\N	40581	KY	3	859 610 2745	2016-12-27 19:19:13	2017-12-04 20:34:05.800618	t
436	kwinspear9i@pagesperso-orange.fr	$2b$10$deWlU8Lx2lkrqNuDsRRwDOble9V/f8NHCuv.XRlaAz8QkO.ZdzdKi	Kile	Winspear	\N	40745	KY	2	606 662 0337	2016-12-25 05:17:14	2017-12-04 20:34:05.800936	t
437	porum9j@bloomberg.com	$2b$10$deWlU8Lx2lkrqNuDsRRwDOble9V/f8NHCuv.XRlaAz8QkO.ZdzdKi	Paolo	Orum	\N	34282	FL	5	941 908 3086	2017-01-29 20:22:01	2017-12-04 20:34:05.80133	t
438	cgebbe9k@ezinearticles.com	$2b$10$deWlU8Lx2lkrqNuDsRRwDOble9V/f8NHCuv.XRlaAz8QkO.ZdzdKi	Carrie	Gebbe	\N	06120	CT	1	860 685 8958	2017-08-18 12:16:57	2017-12-04 20:34:05.801801	f
439	gnanetti9l@illinois.edu	$2b$10$deWlU8Lx2lkrqNuDsRRwDOble9V/f8NHCuv.XRlaAz8QkO.ZdzdKi	Georgena	Nanetti	\N	68124	NE	3	402 826 1844	2017-07-02 11:07:10	2017-12-04 20:34:05.802332	f
440	gseiter9m@nature.com	$2b$10$deWlU8Lx2lkrqNuDsRRwDOble9V/f8NHCuv.XRlaAz8QkO.ZdzdKi	Guthrey	Seiter	\N	02305	MA	5	508 853 3651	2017-01-24 18:05:24	2017-12-04 20:34:05.802827	f
441	rwilkowski9n@mayoclinic.com	$2b$10$deWlU8Lx2lkrqNuDsRRwDOble9V/f8NHCuv.XRlaAz8QkO.ZdzdKi	Raeann	Wilkowski	\N	72231	AR	2	501 463 1752	2017-06-16 17:52:19	2017-12-04 20:34:05.803321	f
442	krowley9o@parallels.com	$2b$10$deWlU8Lx2lkrqNuDsRRwDOble9V/f8NHCuv.XRlaAz8QkO.ZdzdKi	Kettie	Rowley	\N	00214	NH	2	603 384 9864	2017-08-15 03:33:25	2017-12-04 20:34:05.803802	f
443	haguirrezabala9p@vk.com	$2b$10$deWlU8Lx2lkrqNuDsRRwDOble9V/f8NHCuv.XRlaAz8QkO.ZdzdKi	Hamilton	Aguirrezabala	\N	90840	CA	2	562 265 3018	2017-11-25 11:35:09	2017-12-04 20:34:05.804252	f
444	hmeharry9q@cbc.ca	$2b$10$deWlU8Lx2lkrqNuDsRRwDOble9V/f8NHCuv.XRlaAz8QkO.ZdzdKi	Harris	Meharry	\N	07195	NJ	4	862 359 1179	2017-03-21 18:21:07	2017-12-04 20:34:05.804686	t
445	rkeast9r@geocities.com	$2b$10$deWlU8Lx2lkrqNuDsRRwDOble9V/f8NHCuv.XRlaAz8QkO.ZdzdKi	Redford	Keast	\N	45020	OH	5	937 145 2871	2017-08-25 23:40:08	2017-12-04 20:34:05.805119	t
446	tjolliff9s@dedecms.com	$2b$10$deWlU8Lx2lkrqNuDsRRwDOble9V/f8NHCuv.XRlaAz8QkO.ZdzdKi	Travus	Jolliff	\N	34205	FL	5	941 795 9552	2017-03-31 12:55:22	2017-12-04 20:34:05.805604	f
447	emoring9t@baidu.com	$2b$10$deWlU8Lx2lkrqNuDsRRwDOble9V/f8NHCuv.XRlaAz8QkO.ZdzdKi	Elga	Moring	\N	33487	FL	3	305 262 3073	2017-02-04 23:16:53	2017-12-04 20:34:05.80608	t
448	gbahike9u@soundcloud.com	$2b$10$deWlU8Lx2lkrqNuDsRRwDOble9V/f8NHCuv.XRlaAz8QkO.ZdzdKi	Galven	Bahike	\N	80270	CO	2	303 454 3808	2017-11-24 11:14:44	2017-12-04 20:34:05.806557	t
449	aekell9v@princeton.edu	$2b$10$deWlU8Lx2lkrqNuDsRRwDOble9V/f8NHCuv.XRlaAz8QkO.ZdzdKi	Amelie	Ekell	\N	60505	IL	3	331 926 9359	2017-11-05 16:57:07	2017-12-04 20:34:05.807004	f
450	emeredith9w@forbes.com	$2b$10$deWlU8Lx2lkrqNuDsRRwDOble9V/f8NHCuv.XRlaAz8QkO.ZdzdKi	Elene	Meredith	\N	22217	VA	4	571 873 8861	2017-11-13 01:27:28	2017-12-04 20:34:05.807442	f
451	spieracci9x@geocities.jp	$2b$10$deWlU8Lx2lkrqNuDsRRwDOble9V/f8NHCuv.XRlaAz8QkO.ZdzdKi	Sarah	Pieracci	\N	92883	CA	1	951 878 6938	2017-04-06 22:53:57	2017-12-04 20:34:05.807902	t
452	rprimak9y@archive.org	$2b$10$deWlU8Lx2lkrqNuDsRRwDOble9V/f8NHCuv.XRlaAz8QkO.ZdzdKi	Rona	Primak	\N	49510	MI	5	616 976 8721	2017-08-08 23:28:04	2017-12-04 20:34:05.808414	f
453	zkeam9z@netscape.com	$2b$10$deWlU8Lx2lkrqNuDsRRwDOble9V/f8NHCuv.XRlaAz8QkO.ZdzdKi	Zorine	Keam	\N	79940	TX	4	915 869 0800	2017-11-24 00:45:04	2017-12-04 20:34:05.808778	t
454	awrightona0@uol.com.br	$2b$10$deWlU8Lx2lkrqNuDsRRwDOble9V/f8NHCuv.XRlaAz8QkO.ZdzdKi	Arnold	Wrighton	\N	49048	MI	3	517 451 8693	2017-06-28 00:33:22	2017-12-04 20:34:05.809123	t
455	mstraughana1@w3.org	$2b$10$deWlU8Lx2lkrqNuDsRRwDOble9V/f8NHCuv.XRlaAz8QkO.ZdzdKi	Melba	Straughan	\N	48919	MI	3	517 437 6537	2017-02-27 08:02:03	2017-12-04 20:34:05.809466	t
456	mhaningtona2@angelfire.com	$2b$10$deWlU8Lx2lkrqNuDsRRwDOble9V/f8NHCuv.XRlaAz8QkO.ZdzdKi	Marris	Hanington	\N	31106	GA	4	404 975 9373	2017-01-13 09:04:20	2017-12-04 20:34:05.809888	f
457	tluttona3@sitemeter.com	$2b$10$deWlU8Lx2lkrqNuDsRRwDOble9V/f8NHCuv.XRlaAz8QkO.ZdzdKi	Theressa	Lutton	\N	29424	SC	1	843 730 5523	2017-08-05 20:15:55	2017-12-04 20:34:05.810378	f
458	hpilmoora4@goo.gl	$2b$10$deWlU8Lx2lkrqNuDsRRwDOble9V/f8NHCuv.XRlaAz8QkO.ZdzdKi	Hodge	Pilmoor	\N	65805	MO	4	417 527 6537	2017-03-27 06:48:59	2017-12-04 20:34:05.810814	t
459	ghinchama5@apache.org	$2b$10$deWlU8Lx2lkrqNuDsRRwDOble9V/f8NHCuv.XRlaAz8QkO.ZdzdKi	Geoff	Hincham	\N	76134	TX	3	817 888 7991	2017-07-05 13:10:50	2017-12-04 20:34:05.811242	f
460	dmcclenana6@usda.gov	$2b$10$deWlU8Lx2lkrqNuDsRRwDOble9V/f8NHCuv.XRlaAz8QkO.ZdzdKi	Doyle	McClenan	\N	77250	TX	5	713 930 3738	2017-05-21 03:06:25	2017-12-04 20:34:05.81167	t
461	ckarusa7@dell.com	$2b$10$deWlU8Lx2lkrqNuDsRRwDOble9V/f8NHCuv.XRlaAz8QkO.ZdzdKi	Claudio	Karus	\N	91505	CA	4	661 462 1570	2017-09-17 22:07:11	2017-12-04 20:34:05.812097	t
462	gplewesa8@zimbio.com	$2b$10$deWlU8Lx2lkrqNuDsRRwDOble9V/f8NHCuv.XRlaAz8QkO.ZdzdKi	Guy	Plewes	\N	80935	CO	5	719 653 2391	2017-01-11 14:09:14	2017-12-04 20:34:05.812514	t
463	cgerlera9@ovh.net	$2b$10$deWlU8Lx2lkrqNuDsRRwDOble9V/f8NHCuv.XRlaAz8QkO.ZdzdKi	Catharina	Gerler	\N	93709	CA	5	559 818 7500	2017-09-22 02:48:06	2017-12-04 20:34:05.813034	f
464	mmuldowneyaa@alexa.com	$2b$10$deWlU8Lx2lkrqNuDsRRwDOble9V/f8NHCuv.XRlaAz8QkO.ZdzdKi	Madison	Muldowney	\N	15250	PA	5	412 302 6371	2017-05-03 03:33:15	2017-12-04 20:34:05.813451	t
465	rwaldingab@epa.gov	$2b$10$deWlU8Lx2lkrqNuDsRRwDOble9V/f8NHCuv.XRlaAz8QkO.ZdzdKi	Ramon	Walding	\N	88589	TX	3	915 318 0314	2017-11-19 12:12:04	2017-12-04 20:34:05.813855	f
466	pjessonac@cdc.gov	$2b$10$deWlU8Lx2lkrqNuDsRRwDOble9V/f8NHCuv.XRlaAz8QkO.ZdzdKi	Patin	Jesson	\N	98405	WA	5	253 470 3301	2017-04-08 05:01:42	2017-12-04 20:34:05.81434	t
467	broncaad@prnewswire.com	$2b$10$deWlU8Lx2lkrqNuDsRRwDOble9V/f8NHCuv.XRlaAz8QkO.ZdzdKi	Belita	Ronca	\N	23260	VA	5	804 497 7723	2016-12-23 01:54:36	2017-12-04 20:34:05.81488	t
468	doflahertyae@lycos.com	$2b$10$deWlU8Lx2lkrqNuDsRRwDOble9V/f8NHCuv.XRlaAz8QkO.ZdzdKi	Dev	O' Flaherty	\N	32803	FL	2	321 559 0027	2017-01-15 21:15:34	2017-12-04 20:34:05.815421	f
469	drentalllaf@twitter.com	$2b$10$deWlU8Lx2lkrqNuDsRRwDOble9V/f8NHCuv.XRlaAz8QkO.ZdzdKi	Dilan	Rentalll	\N	36628	AL	2	251 574 1045	2017-09-05 03:30:26	2017-12-04 20:34:05.815957	t
470	rdommerqueag@networkadvertising.org	$2b$10$deWlU8Lx2lkrqNuDsRRwDOble9V/f8NHCuv.XRlaAz8QkO.ZdzdKi	Rollin	Dommerque	\N	25321	WV	5	304 542 8578	2017-10-23 02:31:28	2017-12-04 20:34:05.816472	f
471	egrisleyah@yellowpages.com	$2b$10$deWlU8Lx2lkrqNuDsRRwDOble9V/f8NHCuv.XRlaAz8QkO.ZdzdKi	Evita	Grisley	\N	28289	NC	3	704 616 7315	2017-11-05 03:22:41	2017-12-04 20:34:05.816979	t
472	tdenisotai@google.fr	$2b$10$deWlU8Lx2lkrqNuDsRRwDOble9V/f8NHCuv.XRlaAz8QkO.ZdzdKi	Tracey	Denisot	\N	63180	MO	5	314 305 0209	2017-08-12 07:28:03	2017-12-04 20:34:05.817465	t
473	tdownhamaj@tiny.cc	$2b$10$deWlU8Lx2lkrqNuDsRRwDOble9V/f8NHCuv.XRlaAz8QkO.ZdzdKi	Thomasina	Downham	\N	79769	TX	1	432 576 6090	2017-03-02 23:06:04	2017-12-04 20:34:05.817998	f
474	rsteventonak@telegraph.co.uk	$2b$10$deWlU8Lx2lkrqNuDsRRwDOble9V/f8NHCuv.XRlaAz8QkO.ZdzdKi	Rossy	Steventon	\N	48232	MI	4	313 778 6530	2017-03-14 00:36:26	2017-12-04 20:34:05.818557	f
475	aloydal@yahoo.co.jp	$2b$10$deWlU8Lx2lkrqNuDsRRwDOble9V/f8NHCuv.XRlaAz8QkO.ZdzdKi	Anderson	Loyd	\N	79705	TX	3	432 319 6609	2017-07-25 03:48:28	2017-12-04 20:34:05.819061	t
476	awheatleyam@sohu.com	$2b$10$deWlU8Lx2lkrqNuDsRRwDOble9V/f8NHCuv.XRlaAz8QkO.ZdzdKi	Anderea	Wheatley	\N	55585	MN	5	763 820 4488	2017-03-05 02:36:53	2017-12-04 20:34:05.819557	t
477	kiacovoan@sourceforge.net	$2b$10$deWlU8Lx2lkrqNuDsRRwDOble9V/f8NHCuv.XRlaAz8QkO.ZdzdKi	Kristien	Iacovo	\N	94627	CA	5	510 638 9701	2016-12-22 21:44:28	2017-12-04 20:34:05.820056	t
478	eandrusao@cargocollective.com	$2b$10$deWlU8Lx2lkrqNuDsRRwDOble9V/f8NHCuv.XRlaAz8QkO.ZdzdKi	Essie	Andrus	\N	31205	GA	1	478 613 0093	2017-12-01 07:17:06	2017-12-04 20:34:05.820507	f
479	kokeyap@posterous.com	$2b$10$deWlU8Lx2lkrqNuDsRRwDOble9V/f8NHCuv.XRlaAz8QkO.ZdzdKi	Krystyna	Okey	\N	34643	FL	5	727 818 0862	2017-03-20 21:28:43	2017-12-04 20:34:05.82094	f
480	cbattinaq@diigo.com	$2b$10$deWlU8Lx2lkrqNuDsRRwDOble9V/f8NHCuv.XRlaAz8QkO.ZdzdKi	Clerkclaude	Battin	\N	98442	WA	3	253 775 2453	2017-06-03 16:16:00	2017-12-04 20:34:05.821373	f
481	gsoppitar@weibo.com	$2b$10$deWlU8Lx2lkrqNuDsRRwDOble9V/f8NHCuv.XRlaAz8QkO.ZdzdKi	Glori	Soppit	\N	55458	MN	1	612 797 2689	2017-09-19 09:07:52	2017-12-04 20:34:05.82182	f
482	sjimeas@nydailynews.com	$2b$10$deWlU8Lx2lkrqNuDsRRwDOble9V/f8NHCuv.XRlaAz8QkO.ZdzdKi	Shoshanna	Jime	\N	56944	DC	4	202 183 3467	2016-12-27 11:41:43	2017-12-04 20:34:05.822289	t
483	alantiffeat@samsung.com	$2b$10$deWlU8Lx2lkrqNuDsRRwDOble9V/f8NHCuv.XRlaAz8QkO.ZdzdKi	Alana	Lantiffe	\N	20530	DC	4	202 296 2998	2017-11-08 22:50:12	2017-12-04 20:34:05.82277	f
484	bmaxworthyau@typepad.com	$2b$10$deWlU8Lx2lkrqNuDsRRwDOble9V/f8NHCuv.XRlaAz8QkO.ZdzdKi	Brittney	Maxworthy	\N	97201	OR	3	503 804 2765	2017-10-20 15:03:14	2017-12-04 20:34:05.823245	t
485	jmorlonav@pcworld.com	$2b$10$deWlU8Lx2lkrqNuDsRRwDOble9V/f8NHCuv.XRlaAz8QkO.ZdzdKi	Josiah	Morlon	\N	90081	CA	3	213 762 2243	2017-04-24 04:45:17	2017-12-04 20:34:05.823736	f
486	jfishleighaw@addtoany.com	$2b$10$deWlU8Lx2lkrqNuDsRRwDOble9V/f8NHCuv.XRlaAz8QkO.ZdzdKi	Jacenta	Fishleigh	\N	92170	CA	2	619 476 6091	2017-09-02 15:29:28	2017-12-04 20:34:05.824189	f
487	emerritonax@addthis.com	$2b$10$deWlU8Lx2lkrqNuDsRRwDOble9V/f8NHCuv.XRlaAz8QkO.ZdzdKi	Efrem	Merriton	\N	95160	CA	5	408 509 4888	2017-08-20 07:46:09	2017-12-04 20:34:05.824612	t
488	gmaccostoay@thetimes.co.uk	$2b$10$deWlU8Lx2lkrqNuDsRRwDOble9V/f8NHCuv.XRlaAz8QkO.ZdzdKi	Gerianne	MacCosto	\N	28805	NC	3	828 777 2154	2016-12-24 19:42:38	2017-12-04 20:34:05.825044	f
489	ahalewoodaz@hao123.com	$2b$10$deWlU8Lx2lkrqNuDsRRwDOble9V/f8NHCuv.XRlaAz8QkO.ZdzdKi	Ambrosius	Halewood	\N	98185	WA	2	206 152 6296	2017-06-29 04:52:18	2017-12-04 20:34:05.825515	t
490	bkilloughb0@t-online.de	$2b$10$deWlU8Lx2lkrqNuDsRRwDOble9V/f8NHCuv.XRlaAz8QkO.ZdzdKi	Brett	Killough	\N	89706	NV	2	775 759 6725	2016-12-30 11:54:51	2017-12-04 20:34:05.825977	t
491	awormellb1@bbc.co.uk	$2b$10$deWlU8Lx2lkrqNuDsRRwDOble9V/f8NHCuv.XRlaAz8QkO.ZdzdKi	Annabell	Wormell	\N	46614	IN	2	574 844 5659	2017-06-10 13:19:51	2017-12-04 20:34:05.82648	f
492	mwinspeareb2@wikipedia.org	$2b$10$deWlU8Lx2lkrqNuDsRRwDOble9V/f8NHCuv.XRlaAz8QkO.ZdzdKi	Maressa	Winspeare	\N	18105	PA	3	610 955 9312	2017-04-09 14:54:51	2017-12-04 20:34:05.826965	f
493	ctrammelb3@nytimes.com	$2b$10$deWlU8Lx2lkrqNuDsRRwDOble9V/f8NHCuv.XRlaAz8QkO.ZdzdKi	Christin	Trammel	\N	44118	OH	4	216 795 1798	2017-06-18 15:15:06	2017-12-04 20:34:05.827448	t
494	blinsterb4@trellian.com	$2b$10$deWlU8Lx2lkrqNuDsRRwDOble9V/f8NHCuv.XRlaAz8QkO.ZdzdKi	Berty	Linster	\N	36628	AL	4	251 539 6917	2017-03-07 02:48:36	2017-12-04 20:34:05.827924	f
495	mderhamb5@pcworld.com	$2b$10$deWlU8Lx2lkrqNuDsRRwDOble9V/f8NHCuv.XRlaAz8QkO.ZdzdKi	Marcello	Derham	\N	79984	TX	5	915 797 2287	2017-02-01 13:09:13	2017-12-04 20:34:05.828402	f
496	lklemmtb6@berkeley.edu	$2b$10$deWlU8Lx2lkrqNuDsRRwDOble9V/f8NHCuv.XRlaAz8QkO.ZdzdKi	Lucius	Klemmt	\N	80995	CO	1	719 268 1941	2017-11-28 11:47:25	2017-12-04 20:34:05.828892	f
497	bsneddenb7@vk.com	$2b$10$deWlU8Lx2lkrqNuDsRRwDOble9V/f8NHCuv.XRlaAz8QkO.ZdzdKi	Bartolemo	Snedden	\N	94544	CA	4	925 856 7853	2017-11-25 22:41:27	2017-12-04 20:34:05.82937	f
498	bpistolb8@usgs.gov	$2b$10$deWlU8Lx2lkrqNuDsRRwDOble9V/f8NHCuv.XRlaAz8QkO.ZdzdKi	Babara	Pistol	\N	97221	OR	3	503 760 8927	2017-07-12 10:08:28	2017-12-04 20:34:05.829865	f
499	egreatbanksb9@apple.com	$2b$10$deWlU8Lx2lkrqNuDsRRwDOble9V/f8NHCuv.XRlaAz8QkO.ZdzdKi	Ellene	Greatbanks	\N	47732	IN	1	812 129 1633	2017-02-21 04:53:07	2017-12-04 20:34:05.830321	t
500	kbiglandba@dion.ne.jp	$2b$10$deWlU8Lx2lkrqNuDsRRwDOble9V/f8NHCuv.XRlaAz8QkO.ZdzdKi	Kara-lynn	Bigland	\N	55579	MN	4	952 186 3876	2017-10-14 15:31:49	2017-12-04 20:34:05.830756	t
501	plummasanabb@usda.gov	$2b$10$deWlU8Lx2lkrqNuDsRRwDOble9V/f8NHCuv.XRlaAz8QkO.ZdzdKi	Petra	Lummasana	\N	32215	FL	2	904 624 7975	2017-09-14 14:56:49	2017-12-04 20:34:05.831171	t
502	ggogiebc@mail.ru	$2b$10$deWlU8Lx2lkrqNuDsRRwDOble9V/f8NHCuv.XRlaAz8QkO.ZdzdKi	Gareth	Gogie	\N	83757	ID	5	208 772 4470	2017-05-25 10:35:27	2017-12-04 20:34:05.831584	f
503	cbraybrookesbd@cargocollective.com	$2b$10$deWlU8Lx2lkrqNuDsRRwDOble9V/f8NHCuv.XRlaAz8QkO.ZdzdKi	Collete	Braybrookes	\N	93778	CA	5	559 881 5551	2017-12-03 04:15:18	2017-12-04 20:34:05.832034	t
504	rcastellbe@1und1.de	$2b$10$deWlU8Lx2lkrqNuDsRRwDOble9V/f8NHCuv.XRlaAz8QkO.ZdzdKi	Rochella	Castell	\N	11215	NY	5	718 569 7482	2017-05-27 15:39:58	2017-12-04 20:34:05.832447	t
505	pexellbf@mapy.cz	$2b$10$deWlU8Lx2lkrqNuDsRRwDOble9V/f8NHCuv.XRlaAz8QkO.ZdzdKi	Pate	Exell	\N	37405	TN	5	423 131 7211	2017-05-14 20:47:14	2017-12-04 20:34:05.832865	t
506	rdaybg@vistaprint.com	$2b$10$deWlU8Lx2lkrqNuDsRRwDOble9V/f8NHCuv.XRlaAz8QkO.ZdzdKi	Renie	Day	\N	10009	NY	4	718 884 4733	2017-05-23 06:49:46	2017-12-04 20:34:05.833274	t
507	aalbonebh@wiley.com	$2b$10$deWlU8Lx2lkrqNuDsRRwDOble9V/f8NHCuv.XRlaAz8QkO.ZdzdKi	Alicia	Albone	\N	76192	TX	5	682 241 8305	2017-01-23 00:06:09	2017-12-04 20:34:05.833681	t
508	genburybi@google.ca	$2b$10$deWlU8Lx2lkrqNuDsRRwDOble9V/f8NHCuv.XRlaAz8QkO.ZdzdKi	Giorgi	Enbury	\N	33310	FL	3	754 942 1624	2017-01-03 19:59:39	2017-12-04 20:34:05.834114	t
509	fjaradbj@marriott.com	$2b$10$deWlU8Lx2lkrqNuDsRRwDOble9V/f8NHCuv.XRlaAz8QkO.ZdzdKi	Frederic	Jarad	\N	74184	OK	4	918 868 6095	2017-08-12 01:05:28	2017-12-04 20:34:05.834517	f
510	mmoundbk@apple.com	$2b$10$deWlU8Lx2lkrqNuDsRRwDOble9V/f8NHCuv.XRlaAz8QkO.ZdzdKi	Marcille	Mound	\N	10034	NY	5	212 916 3258	2017-07-07 09:05:47	2017-12-04 20:34:05.834932	t
511	cpiesoldbl@nifty.com	$2b$10$deWlU8Lx2lkrqNuDsRRwDOble9V/f8NHCuv.XRlaAz8QkO.ZdzdKi	Christie	Piesold	\N	93740	CA	2	559 857 8670	2017-11-13 21:06:57	2017-12-04 20:34:05.835348	f
512	hcadebm@cornell.edu	$2b$10$deWlU8Lx2lkrqNuDsRRwDOble9V/f8NHCuv.XRlaAz8QkO.ZdzdKi	Helli	Cade	\N	54313	WI	3	920 817 0014	2017-07-30 00:28:37	2017-12-04 20:34:05.835749	t
513	tshimwallbn@typepad.com	$2b$10$deWlU8Lx2lkrqNuDsRRwDOble9V/f8NHCuv.XRlaAz8QkO.ZdzdKi	Truda	Shimwall	\N	29411	SC	1	843 989 2518	2016-12-23 20:54:50	2017-12-04 20:34:05.836165	f
514	dchittendenbo@hexun.com	$2b$10$deWlU8Lx2lkrqNuDsRRwDOble9V/f8NHCuv.XRlaAz8QkO.ZdzdKi	Daren	Chittenden	\N	77343	TX	1	936 586 7296	2017-05-15 23:42:52	2017-12-04 20:34:05.83658	t
515	eculshawbp@webnode.com	$2b$10$deWlU8Lx2lkrqNuDsRRwDOble9V/f8NHCuv.XRlaAz8QkO.ZdzdKi	Evangelin	Culshaw	\N	31136	GA	4	404 474 8602	2017-06-27 00:37:38	2017-12-04 20:34:05.836981	t
516	ahalfacreebq@nba.com	$2b$10$deWlU8Lx2lkrqNuDsRRwDOble9V/f8NHCuv.XRlaAz8QkO.ZdzdKi	Ardith	Halfacree	\N	45228	OH	1	513 500 3623	2017-01-05 06:49:12	2017-12-04 20:34:05.837381	f
517	lalvisbr@issuu.com	$2b$10$deWlU8Lx2lkrqNuDsRRwDOble9V/f8NHCuv.XRlaAz8QkO.ZdzdKi	Lee	Alvis	\N	11407	NY	1	516 169 3252	2017-06-25 14:58:14	2017-12-04 20:34:05.837789	f
518	dsimounetbs@google.cn	$2b$10$deWlU8Lx2lkrqNuDsRRwDOble9V/f8NHCuv.XRlaAz8QkO.ZdzdKi	Dennet	Simounet	\N	72905	AR	5	479 449 1722	2017-04-13 10:17:37	2017-12-04 20:34:05.838211	t
519	ewoodsonbt@ihg.com	$2b$10$deWlU8Lx2lkrqNuDsRRwDOble9V/f8NHCuv.XRlaAz8QkO.ZdzdKi	Elli	Woodson	\N	22184	VA	5	571 549 2656	2017-03-11 03:27:22	2017-12-04 20:34:05.83862	t
520	ghuscroftbu@noaa.gov	$2b$10$deWlU8Lx2lkrqNuDsRRwDOble9V/f8NHCuv.XRlaAz8QkO.ZdzdKi	Grazia	Huscroft	\N	30380	GA	4	404 730 0774	2017-02-11 16:53:36	2017-12-04 20:34:05.839028	f
521	dbolzmannbv@reddit.com	$2b$10$deWlU8Lx2lkrqNuDsRRwDOble9V/f8NHCuv.XRlaAz8QkO.ZdzdKi	Donny	Bolzmann	\N	10203	NY	1	212 529 9735	2017-10-06 04:30:56	2017-12-04 20:34:05.839432	f
522	nfawloebw@jigsy.com	$2b$10$deWlU8Lx2lkrqNuDsRRwDOble9V/f8NHCuv.XRlaAz8QkO.ZdzdKi	Nonie	Fawloe	\N	70820	LA	4	225 215 4712	2017-11-09 03:46:14	2017-12-04 20:34:05.83984	f
523	tinnesbx@fc2.com	$2b$10$deWlU8Lx2lkrqNuDsRRwDOble9V/f8NHCuv.XRlaAz8QkO.ZdzdKi	Tiertza	Innes	\N	74141	OK	2	918 259 6086	2017-10-17 14:13:06	2017-12-04 20:34:05.840251	t
524	ccroixby@earthlink.net	$2b$10$deWlU8Lx2lkrqNuDsRRwDOble9V/f8NHCuv.XRlaAz8QkO.ZdzdKi	Clerkclaude	Croix	\N	48604	MI	2	989 175 9226	2017-06-09 17:30:00	2017-12-04 20:34:05.840661	t
525	nbaertbz@shutterfly.com	$2b$10$deWlU8Lx2lkrqNuDsRRwDOble9V/f8NHCuv.XRlaAz8QkO.ZdzdKi	Nonna	Baert	\N	88535	TX	5	915 913 3028	2017-05-22 03:14:05	2017-12-04 20:34:05.84106	t
526	mrandlesc0@goodreads.com	$2b$10$deWlU8Lx2lkrqNuDsRRwDOble9V/f8NHCuv.XRlaAz8QkO.ZdzdKi	Maurie	Randles	\N	71105	LA	4	318 267 0864	2017-04-10 08:50:17	2017-12-04 20:34:05.841463	f
527	rdungec1@nhs.uk	$2b$10$deWlU8Lx2lkrqNuDsRRwDOble9V/f8NHCuv.XRlaAz8QkO.ZdzdKi	Riordan	Dunge	\N	14205	NY	4	716 458 4479	2017-09-25 23:18:34	2017-12-04 20:34:05.841881	f
528	ctommenc2@java.com	$2b$10$deWlU8Lx2lkrqNuDsRRwDOble9V/f8NHCuv.XRlaAz8QkO.ZdzdKi	Casi	Tommen	\N	99512	AK	4	907 406 9169	2017-02-16 17:50:16	2017-12-04 20:34:05.842289	f
529	ihammelbergc3@163.com	$2b$10$deWlU8Lx2lkrqNuDsRRwDOble9V/f8NHCuv.XRlaAz8QkO.ZdzdKi	Irv	Hammelberg	\N	92662	CA	3	714 644 5088	2016-12-30 09:22:45	2017-12-04 20:34:05.842698	t
530	sdoberc4@ucoz.com	$2b$10$deWlU8Lx2lkrqNuDsRRwDOble9V/f8NHCuv.XRlaAz8QkO.ZdzdKi	Sheelah	Dober	\N	90060	CA	5	323 394 7018	2017-10-29 17:48:04	2017-12-04 20:34:05.843104	t
531	xblackallerc5@microsoft.com	$2b$10$deWlU8Lx2lkrqNuDsRRwDOble9V/f8NHCuv.XRlaAz8QkO.ZdzdKi	Xymenes	Blackaller	\N	11215	NY	3	917 928 8795	2016-12-30 13:03:26	2017-12-04 20:34:05.843501	t
532	kcorhardc6@nasa.gov	$2b$10$deWlU8Lx2lkrqNuDsRRwDOble9V/f8NHCuv.XRlaAz8QkO.ZdzdKi	Kristine	Corhard	\N	14225	NY	5	716 112 8624	2017-07-06 10:42:52	2017-12-04 20:34:05.843901	f
533	efarnonc7@guardian.co.uk	$2b$10$deWlU8Lx2lkrqNuDsRRwDOble9V/f8NHCuv.XRlaAz8QkO.ZdzdKi	Eleonora	Farnon	\N	80525	CO	1	970 899 8147	2017-05-13 12:48:01	2017-12-04 20:34:05.844317	f
534	ahonschc8@eventbrite.com	$2b$10$deWlU8Lx2lkrqNuDsRRwDOble9V/f8NHCuv.XRlaAz8QkO.ZdzdKi	Armando	Honsch	\N	55905	MN	5	507 447 3455	2017-08-09 10:39:49	2017-12-04 20:34:05.844721	f
535	btaptonc9@paginegialle.it	$2b$10$deWlU8Lx2lkrqNuDsRRwDOble9V/f8NHCuv.XRlaAz8QkO.ZdzdKi	Bale	Tapton	\N	10090	NY	1	212 418 9783	2017-07-20 23:36:34	2017-12-04 20:34:05.845135	t
536	ehaffardca@123-reg.co.uk	$2b$10$deWlU8Lx2lkrqNuDsRRwDOble9V/f8NHCuv.XRlaAz8QkO.ZdzdKi	Elspeth	Haffard	\N	75062	TX	4	469 602 4478	2017-08-03 01:25:53	2017-12-04 20:34:05.845565	f
537	bhaccletoncb@squarespace.com	$2b$10$deWlU8Lx2lkrqNuDsRRwDOble9V/f8NHCuv.XRlaAz8QkO.ZdzdKi	Buddy	Haccleton	\N	32605	FL	1	352 303 2414	2017-01-03 11:02:16	2017-12-04 20:34:05.845991	t
538	glearoidcc@soundcloud.com	$2b$10$deWlU8Lx2lkrqNuDsRRwDOble9V/f8NHCuv.XRlaAz8QkO.ZdzdKi	Goddart	Learoid	\N	92555	CA	5	951 843 5150	2016-12-29 17:57:39	2017-12-04 20:34:05.846376	t
539	scoggeshallcd@sogou.com	$2b$10$deWlU8Lx2lkrqNuDsRRwDOble9V/f8NHCuv.XRlaAz8QkO.ZdzdKi	Silvan	Coggeshall	\N	90805	CA	1	310 616 8396	2017-03-13 11:33:55	2017-12-04 20:34:05.846758	t
540	eklynce@myspace.com	$2b$10$deWlU8Lx2lkrqNuDsRRwDOble9V/f8NHCuv.XRlaAz8QkO.ZdzdKi	Ernesto	Klyn	\N	46239	IN	1	317 699 2236	2017-01-08 07:11:04	2017-12-04 20:34:05.847141	t
541	aaldinscf@bbb.org	$2b$10$deWlU8Lx2lkrqNuDsRRwDOble9V/f8NHCuv.XRlaAz8QkO.ZdzdKi	Amandy	Aldins	\N	30130	GA	5	706 528 8913	2016-12-06 01:47:58	2017-12-04 20:34:05.847512	t
542	gingilsoncg@cam.ac.uk	$2b$10$deWlU8Lx2lkrqNuDsRRwDOble9V/f8NHCuv.XRlaAz8QkO.ZdzdKi	Gwenore	Ingilson	\N	40266	KY	3	502 602 1374	2017-06-11 13:13:29	2017-12-04 20:34:05.84789	t
543	niannelloch@latimes.com	$2b$10$deWlU8Lx2lkrqNuDsRRwDOble9V/f8NHCuv.XRlaAz8QkO.ZdzdKi	Nananne	Iannello	\N	74156	OK	5	918 926 9341	2017-01-05 23:56:08	2017-12-04 20:34:05.848269	f
544	khubboldci@ca.gov	$2b$10$deWlU8Lx2lkrqNuDsRRwDOble9V/f8NHCuv.XRlaAz8QkO.ZdzdKi	Kirsten	Hubbold	\N	73114	OK	1	405 567 8818	2017-07-19 19:55:05	2017-12-04 20:34:05.848686	t
545	ebernardoscj@uol.com.br	$2b$10$deWlU8Lx2lkrqNuDsRRwDOble9V/f8NHCuv.XRlaAz8QkO.ZdzdKi	Erda	Bernardos	\N	71208	LA	1	318 300 0552	2017-01-26 20:12:39	2017-12-04 20:34:05.849061	t
546	pdelleck@google.co.uk	$2b$10$deWlU8Lx2lkrqNuDsRRwDOble9V/f8NHCuv.XRlaAz8QkO.ZdzdKi	Perice	Delle	\N	23220	VA	5	804 516 0306	2017-02-16 07:56:26	2017-12-04 20:34:05.849436	t
547	twoosnamcl@admin.ch	$2b$10$deWlU8Lx2lkrqNuDsRRwDOble9V/f8NHCuv.XRlaAz8QkO.ZdzdKi	Tarah	Woosnam	\N	75379	TX	4	214 189 8911	2017-01-05 12:32:26	2017-12-04 20:34:05.849814	t
548	gharomecm@gizmodo.com	$2b$10$deWlU8Lx2lkrqNuDsRRwDOble9V/f8NHCuv.XRlaAz8QkO.ZdzdKi	Gun	Harome	\N	36205	AL	2	256 300 1123	2016-12-24 01:43:19	2017-12-04 20:34:05.850212	t
549	benglandcn@prweb.com	$2b$10$deWlU8Lx2lkrqNuDsRRwDOble9V/f8NHCuv.XRlaAz8QkO.ZdzdKi	Beverley	England	\N	80045	CO	2	303 316 3699	2017-06-15 09:34:12	2017-12-04 20:34:05.850587	f
550	etotmanco@prweb.com	$2b$10$deWlU8Lx2lkrqNuDsRRwDOble9V/f8NHCuv.XRlaAz8QkO.ZdzdKi	Electra	Totman	\N	45408	OH	1	937 498 3935	2017-07-01 04:37:38	2017-12-04 20:34:05.850964	f
551	gbaverstockcp@reddit.com	$2b$10$deWlU8Lx2lkrqNuDsRRwDOble9V/f8NHCuv.XRlaAz8QkO.ZdzdKi	Glyn	Baverstock	\N	31119	GA	4	770 581 2686	2017-09-20 20:59:38	2017-12-04 20:34:05.851334	f
552	mhaddestoncq@freewebs.com	$2b$10$deWlU8Lx2lkrqNuDsRRwDOble9V/f8NHCuv.XRlaAz8QkO.ZdzdKi	Merridie	Haddeston	\N	18505	PA	5	570 414 0957	2017-11-10 23:22:10	2017-12-04 20:34:05.851699	f
553	erossitercr@ucoz.com	$2b$10$deWlU8Lx2lkrqNuDsRRwDOble9V/f8NHCuv.XRlaAz8QkO.ZdzdKi	Eberhard	Rossiter	\N	37215	TN	4	615 443 3465	2017-01-06 13:04:47	2017-12-04 20:34:05.852078	t
554	fbradecs@vistaprint.com	$2b$10$deWlU8Lx2lkrqNuDsRRwDOble9V/f8NHCuv.XRlaAz8QkO.ZdzdKi	Fraze	Brade	\N	10004	NY	4	212 629 7000	2017-02-28 12:37:21	2017-12-04 20:34:05.85246	t
555	tbellwoodct@w3.org	$2b$10$deWlU8Lx2lkrqNuDsRRwDOble9V/f8NHCuv.XRlaAz8QkO.ZdzdKi	Tish	Bellwood	\N	11236	NY	5	718 915 4985	2017-03-20 08:59:08	2017-12-04 20:34:05.85283	t
556	bburchardcu@webeden.co.uk	$2b$10$deWlU8Lx2lkrqNuDsRRwDOble9V/f8NHCuv.XRlaAz8QkO.ZdzdKi	Bernardo	Burchard	\N	20535	DC	5	202 590 7206	2017-09-25 18:29:35	2017-12-04 20:34:05.853218	t
557	spauluscv@oaic.gov.au	$2b$10$deWlU8Lx2lkrqNuDsRRwDOble9V/f8NHCuv.XRlaAz8QkO.ZdzdKi	Sonny	Paulus	\N	46852	IN	3	260 702 3448	2017-09-16 20:30:50	2017-12-04 20:34:05.853598	t
558	kgilleasecw@chicagotribune.com	$2b$10$deWlU8Lx2lkrqNuDsRRwDOble9V/f8NHCuv.XRlaAz8QkO.ZdzdKi	Katrine	Gillease	\N	89166	NV	1	702 733 1584	2017-05-04 05:29:10	2017-12-04 20:34:05.853986	f
559	jlillegardcx@tiny.cc	$2b$10$deWlU8Lx2lkrqNuDsRRwDOble9V/f8NHCuv.XRlaAz8QkO.ZdzdKi	Joshuah	Lillegard	\N	91913	CA	2	619 904 2265	2017-07-02 23:24:01	2017-12-04 20:34:05.854362	f
560	jrosenfruchtcy@ehow.com	$2b$10$deWlU8Lx2lkrqNuDsRRwDOble9V/f8NHCuv.XRlaAz8QkO.ZdzdKi	Jennine	Rosenfrucht	\N	30605	GA	5	706 983 7517	2016-12-23 16:56:58	2017-12-04 20:34:05.854736	t
561	tbockingcz@buzzfeed.com	$2b$10$deWlU8Lx2lkrqNuDsRRwDOble9V/f8NHCuv.XRlaAz8QkO.ZdzdKi	Thorn	Bocking	\N	84605	UT	2	801 853 7205	2017-04-16 13:59:17	2017-12-04 20:34:05.855109	t
562	adored0@bloglines.com	$2b$10$deWlU8Lx2lkrqNuDsRRwDOble9V/f8NHCuv.XRlaAz8QkO.ZdzdKi	Ado	Dore	\N	92153	CA	3	619 779 2022	2017-10-13 05:46:20	2017-12-04 20:34:05.85548	t
563	iburressd1@seesaa.net	$2b$10$deWlU8Lx2lkrqNuDsRRwDOble9V/f8NHCuv.XRlaAz8QkO.ZdzdKi	Ilka	Burress	\N	18706	PA	2	570 542 6291	2017-08-29 02:11:21	2017-12-04 20:34:05.855852	t
564	wtitchenerd2@indiatimes.com	$2b$10$deWlU8Lx2lkrqNuDsRRwDOble9V/f8NHCuv.XRlaAz8QkO.ZdzdKi	Wolfie	Titchener	\N	61825	IL	1	217 994 8641	2017-03-18 03:29:31	2017-12-04 20:34:05.856224	f
565	acrushd3@sakura.ne.jp	$2b$10$deWlU8Lx2lkrqNuDsRRwDOble9V/f8NHCuv.XRlaAz8QkO.ZdzdKi	Andy	Crush	\N	77015	TX	1	281 325 4263	2017-01-20 17:21:09	2017-12-04 20:34:05.856593	f
566	elardnard4@google.es	$2b$10$deWlU8Lx2lkrqNuDsRRwDOble9V/f8NHCuv.XRlaAz8QkO.ZdzdKi	Ermentrude	Lardnar	\N	91103	CA	4	323 821 8416	2017-08-12 16:58:23	2017-12-04 20:34:05.856961	t
567	ahellisd5@blog.com	$2b$10$deWlU8Lx2lkrqNuDsRRwDOble9V/f8NHCuv.XRlaAz8QkO.ZdzdKi	Arel	Hellis	\N	76004	TX	2	817 699 7804	2017-07-28 04:39:43	2017-12-04 20:34:05.857327	f
568	fbunnyd6@nhs.uk	$2b$10$deWlU8Lx2lkrqNuDsRRwDOble9V/f8NHCuv.XRlaAz8QkO.ZdzdKi	Falito	Bunny	\N	94110	CA	2	415 388 3048	2017-05-12 22:40:29	2017-12-04 20:34:05.857695	f
569	dbolinod7@weibo.com	$2b$10$deWlU8Lx2lkrqNuDsRRwDOble9V/f8NHCuv.XRlaAz8QkO.ZdzdKi	Delmar	Bolino	\N	24009	VA	3	540 790 5705	2017-03-27 15:29:15	2017-12-04 20:34:05.858081	t
570	aflettd8@google.com.au	$2b$10$deWlU8Lx2lkrqNuDsRRwDOble9V/f8NHCuv.XRlaAz8QkO.ZdzdKi	Anetta	Flett	\N	33633	FL	4	813 287 5038	2017-07-26 05:16:56	2017-12-04 20:34:05.858476	f
571	rrubinekd9@washington.edu	$2b$10$deWlU8Lx2lkrqNuDsRRwDOble9V/f8NHCuv.XRlaAz8QkO.ZdzdKi	Rozamond	Rubinek	\N	92013	CA	5	760 988 9539	2016-12-27 03:05:53	2017-12-04 20:34:05.85884	f
572	mantonovda@dot.gov	$2b$10$deWlU8Lx2lkrqNuDsRRwDOble9V/f8NHCuv.XRlaAz8QkO.ZdzdKi	Maggie	Antonov	\N	73119	OK	2	405 883 4618	2017-04-10 16:53:07	2017-12-04 20:34:05.859203	f
573	wfitkindb@home.pl	$2b$10$deWlU8Lx2lkrqNuDsRRwDOble9V/f8NHCuv.XRlaAz8QkO.ZdzdKi	Winnie	Fitkin	\N	55115	MN	2	651 650 3401	2017-05-27 23:14:52	2017-12-04 20:34:05.859569	f
574	qcleynaertdc@msn.com	$2b$10$deWlU8Lx2lkrqNuDsRRwDOble9V/f8NHCuv.XRlaAz8QkO.ZdzdKi	Quinta	Cleynaert	\N	10024	NY	1	212 580 7891	2017-01-13 18:20:38	2017-12-04 20:34:05.859937	t
575	ishewarddd@harvard.edu	$2b$10$deWlU8Lx2lkrqNuDsRRwDOble9V/f8NHCuv.XRlaAz8QkO.ZdzdKi	Ivie	Sheward	\N	53277	WI	3	414 154 4262	2017-07-03 11:28:33	2017-12-04 20:34:05.8603	t
576	frubinchikde@unblog.fr	$2b$10$deWlU8Lx2lkrqNuDsRRwDOble9V/f8NHCuv.XRlaAz8QkO.ZdzdKi	Felecia	Rubinchik	\N	70174	LA	2	504 490 6730	2017-11-01 03:27:45	2017-12-04 20:34:05.860673	f
577	uspeeddf@youtube.com	$2b$10$deWlU8Lx2lkrqNuDsRRwDOble9V/f8NHCuv.XRlaAz8QkO.ZdzdKi	Uta	Speed	\N	20036	DC	1	202 573 3733	2017-11-07 12:39:52	2017-12-04 20:34:05.861033	t
578	lhowlettdg@nytimes.com	$2b$10$deWlU8Lx2lkrqNuDsRRwDOble9V/f8NHCuv.XRlaAz8QkO.ZdzdKi	Latrina	Howlett	\N	77212	TX	3	713 270 6168	2017-05-28 15:58:50	2017-12-04 20:34:05.861399	f
579	egrubeydh@oakley.com	$2b$10$deWlU8Lx2lkrqNuDsRRwDOble9V/f8NHCuv.XRlaAz8QkO.ZdzdKi	Emilia	Grubey	\N	89087	NV	4	702 106 7336	2017-05-02 16:38:59	2017-12-04 20:34:05.861772	f
580	jtugmandi@wikimedia.org	$2b$10$deWlU8Lx2lkrqNuDsRRwDOble9V/f8NHCuv.XRlaAz8QkO.ZdzdKi	Jeni	Tugman	\N	97201	OR	2	971 913 7712	2017-07-31 17:38:32	2017-12-04 20:34:05.862163	f
581	abaptistdj@cbc.ca	$2b$10$deWlU8Lx2lkrqNuDsRRwDOble9V/f8NHCuv.XRlaAz8QkO.ZdzdKi	Ardyce	Baptist	\N	98687	WA	5	360 971 7517	2017-03-01 03:20:10	2017-12-04 20:34:05.862543	f
582	gbarrickdk@thetimes.co.uk	$2b$10$deWlU8Lx2lkrqNuDsRRwDOble9V/f8NHCuv.XRlaAz8QkO.ZdzdKi	Genny	Barrick	\N	67220	KS	3	316 927 9080	2017-10-18 17:43:27	2017-12-04 20:34:05.86292	f
583	rwilderdl@soup.io	$2b$10$deWlU8Lx2lkrqNuDsRRwDOble9V/f8NHCuv.XRlaAz8QkO.ZdzdKi	Roshelle	Wilder	\N	06859	CT	3	203 622 5624	2017-06-21 04:35:33	2017-12-04 20:34:05.863295	t
584	rgribbelldm@phpbb.com	$2b$10$deWlU8Lx2lkrqNuDsRRwDOble9V/f8NHCuv.XRlaAz8QkO.ZdzdKi	Rory	Gribbell	\N	75358	TX	2	214 713 8394	2017-08-31 20:19:59	2017-12-04 20:34:05.863671	f
585	rrichardondn@sourceforge.net	$2b$10$deWlU8Lx2lkrqNuDsRRwDOble9V/f8NHCuv.XRlaAz8QkO.ZdzdKi	Raynell	Richardon	\N	76110	TX	2	817 651 7475	2017-04-30 11:26:34	2017-12-04 20:34:05.864088	f
586	oyellowleado@example.com	$2b$10$deWlU8Lx2lkrqNuDsRRwDOble9V/f8NHCuv.XRlaAz8QkO.ZdzdKi	Orlando	Yellowlea	\N	41905	KY	1	502 408 1612	2017-05-07 01:56:49	2017-12-04 20:34:05.864461	t
587	nodriscolldp@hugedomains.com	$2b$10$deWlU8Lx2lkrqNuDsRRwDOble9V/f8NHCuv.XRlaAz8QkO.ZdzdKi	Nikki	O' Driscoll	\N	94544	CA	3	510 463 0788	2017-08-31 20:07:36	2017-12-04 20:34:05.864825	f
588	mbillindq@scientificamerican.com	$2b$10$deWlU8Lx2lkrqNuDsRRwDOble9V/f8NHCuv.XRlaAz8QkO.ZdzdKi	Maddie	Billin	\N	31410	GA	4	912 388 8048	2017-04-20 16:08:35	2017-12-04 20:34:05.865194	t
589	shethrondr@buzzfeed.com	$2b$10$deWlU8Lx2lkrqNuDsRRwDOble9V/f8NHCuv.XRlaAz8QkO.ZdzdKi	Salome	Hethron	\N	35487	AL	3	205 455 0362	2017-09-06 16:37:41	2017-12-04 20:34:05.865579	f
590	lgarfordds@blogspot.com	$2b$10$deWlU8Lx2lkrqNuDsRRwDOble9V/f8NHCuv.XRlaAz8QkO.ZdzdKi	Lizzy	Garford	\N	11231	NY	1	718 157 7446	2017-07-25 05:17:10	2017-12-04 20:34:05.865965	t
591	wmowlingdt@tmall.com	$2b$10$deWlU8Lx2lkrqNuDsRRwDOble9V/f8NHCuv.XRlaAz8QkO.ZdzdKi	Wolfy	Mowling	\N	07522	NJ	4	201 228 1961	2017-11-06 22:24:11	2017-12-04 20:34:05.866341	f
592	pscaysbrookdu@ezinearticles.com	$2b$10$deWlU8Lx2lkrqNuDsRRwDOble9V/f8NHCuv.XRlaAz8QkO.ZdzdKi	Pattie	Scaysbrook	\N	78240	TX	4	210 479 6554	2017-07-21 07:20:13	2017-12-04 20:34:05.866715	t
593	lwaitdv@upenn.edu	$2b$10$deWlU8Lx2lkrqNuDsRRwDOble9V/f8NHCuv.XRlaAz8QkO.ZdzdKi	Leeland	Wait	\N	77255	TX	1	713 647 8542	2017-01-17 13:25:53	2017-12-04 20:34:05.867083	t
594	rdundendaledw@mashable.com	$2b$10$deWlU8Lx2lkrqNuDsRRwDOble9V/f8NHCuv.XRlaAz8QkO.ZdzdKi	Riva	Dundendale	\N	40524	KY	1	859 632 6274	2017-09-25 19:23:53	2017-12-04 20:34:05.867447	t
595	cnarracottdx@biblegateway.com	$2b$10$deWlU8Lx2lkrqNuDsRRwDOble9V/f8NHCuv.XRlaAz8QkO.ZdzdKi	Cacilie	Narracott	\N	20816	MD	1	202 138 7127	2017-07-11 18:03:35	2017-12-04 20:34:05.867818	f
596	amallalldy@123-reg.co.uk	$2b$10$deWlU8Lx2lkrqNuDsRRwDOble9V/f8NHCuv.XRlaAz8QkO.ZdzdKi	Adrianna	Mallall	\N	23612	VA	1	757 835 0847	2017-07-08 15:26:36	2017-12-04 20:34:05.868176	f
597	tfisbeydz@youtube.com	$2b$10$deWlU8Lx2lkrqNuDsRRwDOble9V/f8NHCuv.XRlaAz8QkO.ZdzdKi	Tani	Fisbey	\N	90065	CA	3	323 678 1335	2017-10-04 16:04:49	2017-12-04 20:34:05.868553	t
598	gshailere0@kickstarter.com	$2b$10$deWlU8Lx2lkrqNuDsRRwDOble9V/f8NHCuv.XRlaAz8QkO.ZdzdKi	Glennis	Shailer	\N	10469	NY	3	917 986 9506	2017-04-29 12:38:23	2017-12-04 20:34:05.86893	f
599	lvernaye1@dion.ne.jp	$2b$10$deWlU8Lx2lkrqNuDsRRwDOble9V/f8NHCuv.XRlaAz8QkO.ZdzdKi	Lenka	Vernay	\N	60681	IL	4	312 816 3169	2017-11-19 21:08:21	2017-12-04 20:34:05.869304	t
600	whambatche2@elegantthemes.com	$2b$10$deWlU8Lx2lkrqNuDsRRwDOble9V/f8NHCuv.XRlaAz8QkO.ZdzdKi	Web	Hambatch	\N	79699	TX	2	325 372 3116	2017-11-19 12:05:12	2017-12-04 20:34:05.869673	t
601	edaughtone3@hhs.gov	$2b$10$deWlU8Lx2lkrqNuDsRRwDOble9V/f8NHCuv.XRlaAz8QkO.ZdzdKi	Erma	Daughton	\N	64114	MO	4	816 534 8322	2017-07-24 21:39:41	2017-12-04 20:34:05.870072	t
602	jscotte4@gnu.org	$2b$10$deWlU8Lx2lkrqNuDsRRwDOble9V/f8NHCuv.XRlaAz8QkO.ZdzdKi	Jeddy	Scott	\N	60663	IL	5	312 559 0542	2017-01-26 21:47:02	2017-12-04 20:34:05.870445	t
603	ldagnalle5@technorati.com	$2b$10$deWlU8Lx2lkrqNuDsRRwDOble9V/f8NHCuv.XRlaAz8QkO.ZdzdKi	Lamont	Dagnall	\N	32859	FL	1	407 100 6936	2017-08-28 23:26:10	2017-12-04 20:34:05.87081	f
604	bmaclucaise6@engadget.com	$2b$10$deWlU8Lx2lkrqNuDsRRwDOble9V/f8NHCuv.XRlaAz8QkO.ZdzdKi	Brandi	MacLucais	\N	19131	PA	4	215 153 0139	2017-03-19 18:47:19	2017-12-04 20:34:05.871177	f
605	jyatemane7@unblog.fr	$2b$10$deWlU8Lx2lkrqNuDsRRwDOble9V/f8NHCuv.XRlaAz8QkO.ZdzdKi	Jerald	Yateman	\N	55417	MN	1	651 168 1864	2017-02-18 09:04:39	2017-12-04 20:34:05.87154	t
606	zchivralle8@wired.com	$2b$10$deWlU8Lx2lkrqNuDsRRwDOble9V/f8NHCuv.XRlaAz8QkO.ZdzdKi	Zebedee	Chivrall	\N	80935	CO	5	719 213 3203	2017-07-07 04:13:06	2017-12-04 20:34:05.871908	f
607	cglandone9@artisteer.com	$2b$10$deWlU8Lx2lkrqNuDsRRwDOble9V/f8NHCuv.XRlaAz8QkO.ZdzdKi	Cassie	Glandon	\N	92115	CA	2	619 206 9416	2017-04-08 23:57:22	2017-12-04 20:34:05.872281	t
608	sbrewertonea@jugem.jp	$2b$10$deWlU8Lx2lkrqNuDsRRwDOble9V/f8NHCuv.XRlaAz8QkO.ZdzdKi	Sandie	Brewerton	\N	29203	SC	2	803 345 5582	2017-11-07 14:59:58	2017-12-04 20:34:05.872646	f
609	sdoddingeb@blogger.com	$2b$10$deWlU8Lx2lkrqNuDsRRwDOble9V/f8NHCuv.XRlaAz8QkO.ZdzdKi	Selle	Dodding	\N	73114	OK	4	405 227 6446	2016-12-18 21:25:51	2017-12-04 20:34:05.873017	t
610	jtaylerec@state.gov	$2b$10$deWlU8Lx2lkrqNuDsRRwDOble9V/f8NHCuv.XRlaAz8QkO.ZdzdKi	Joey	Tayler	\N	32803	FL	1	407 776 6913	2017-05-01 08:19:29	2017-12-04 20:34:05.873384	t
611	hgrealished@opensource.org	$2b$10$deWlU8Lx2lkrqNuDsRRwDOble9V/f8NHCuv.XRlaAz8QkO.ZdzdKi	Harwell	Grealish	\N	79769	TX	5	432 982 5772	2017-03-30 01:18:23	2017-12-04 20:34:05.873749	t
612	kwatsonbrownee@photobucket.com	$2b$10$deWlU8Lx2lkrqNuDsRRwDOble9V/f8NHCuv.XRlaAz8QkO.ZdzdKi	Kilian	Watson-Brown	\N	78240	TX	1	210 904 5393	2017-05-03 08:28:20	2017-12-04 20:34:05.874137	f
613	frounsivallef@netlog.com	$2b$10$deWlU8Lx2lkrqNuDsRRwDOble9V/f8NHCuv.XRlaAz8QkO.ZdzdKi	Ferrell	Rounsivall	\N	20022	DC	1	202 836 1201	2017-08-26 21:40:22	2017-12-04 20:34:05.87451	f
614	wcoopeeg@dagondesign.com	$2b$10$deWlU8Lx2lkrqNuDsRRwDOble9V/f8NHCuv.XRlaAz8QkO.ZdzdKi	Winnie	Coope	\N	70154	LA	4	504 607 8485	2017-10-19 07:15:16	2017-12-04 20:34:05.874875	f
615	lbulloneh@is.gd	$2b$10$deWlU8Lx2lkrqNuDsRRwDOble9V/f8NHCuv.XRlaAz8QkO.ZdzdKi	Lanie	Bullon	\N	39404	MS	4	601 253 0686	2017-09-06 17:19:59	2017-12-04 20:34:05.87525	f
616	hjanseei@php.net	$2b$10$deWlU8Lx2lkrqNuDsRRwDOble9V/f8NHCuv.XRlaAz8QkO.ZdzdKi	Hedi	Janse	\N	66160	KS	1	913 451 8816	2016-12-23 10:29:39	2017-12-04 20:34:05.875615	f
617	sbokenej@alexa.com	$2b$10$deWlU8Lx2lkrqNuDsRRwDOble9V/f8NHCuv.XRlaAz8QkO.ZdzdKi	Stefa	Boken	\N	93750	CA	4	559 963 9514	2017-10-16 22:12:50	2017-12-04 20:34:05.875979	t
618	rsmittouneek@scientificamerican.com	$2b$10$deWlU8Lx2lkrqNuDsRRwDOble9V/f8NHCuv.XRlaAz8QkO.ZdzdKi	Ronalda	Smittoune	\N	59771	MT	5	406 963 9410	2017-04-09 18:36:39	2017-12-04 20:34:05.876362	t
619	gduffitel@feedburner.com	$2b$10$deWlU8Lx2lkrqNuDsRRwDOble9V/f8NHCuv.XRlaAz8QkO.ZdzdKi	Glyn	Duffit	\N	60630	IL	4	312 504 2620	2017-09-26 23:49:33	2017-12-04 20:34:05.876743	t
620	amigheliem@blogspot.com	$2b$10$deWlU8Lx2lkrqNuDsRRwDOble9V/f8NHCuv.XRlaAz8QkO.ZdzdKi	Alyss	Migheli	\N	61110	IL	2	815 259 2812	2017-11-03 08:46:03	2017-12-04 20:34:05.87711	f
621	mpauleen@dailymail.co.uk	$2b$10$deWlU8Lx2lkrqNuDsRRwDOble9V/f8NHCuv.XRlaAz8QkO.ZdzdKi	Merla	Paule	\N	20784	MD	5	301 699 6692	2017-09-14 02:27:26	2017-12-04 20:34:05.877478	f
622	fdallimoreeo@imdb.com	$2b$10$deWlU8Lx2lkrqNuDsRRwDOble9V/f8NHCuv.XRlaAz8QkO.ZdzdKi	Farica	Dallimore	\N	92132	CA	5	619 267 6066	2017-04-08 20:11:05	2017-12-04 20:34:05.877865	f
623	kacoryep@cdbaby.com	$2b$10$deWlU8Lx2lkrqNuDsRRwDOble9V/f8NHCuv.XRlaAz8QkO.ZdzdKi	Karisa	Acory	\N	48211	MI	5	586 277 5498	2017-04-25 14:49:29	2017-12-04 20:34:05.878233	f
624	kcharlestoneq@newyorker.com	$2b$10$deWlU8Lx2lkrqNuDsRRwDOble9V/f8NHCuv.XRlaAz8QkO.ZdzdKi	Kris	Charleston	\N	78737	TX	2	512 307 5329	2017-09-28 21:33:03	2017-12-04 20:34:05.878607	t
625	oradisher@prweb.com	$2b$10$deWlU8Lx2lkrqNuDsRRwDOble9V/f8NHCuv.XRlaAz8QkO.ZdzdKi	Osmond	Radish	\N	07104	NJ	2	973 718 3655	2016-12-16 12:13:54	2017-12-04 20:34:05.879023	f
626	tschoolinges@mayoclinic.com	$2b$10$deWlU8Lx2lkrqNuDsRRwDOble9V/f8NHCuv.XRlaAz8QkO.ZdzdKi	Tova	Schooling	\N	10260	NY	4	212 116 0568	2016-12-27 17:22:36	2017-12-04 20:34:05.879417	f
627	hochterlonyet@slideshare.net	$2b$10$deWlU8Lx2lkrqNuDsRRwDOble9V/f8NHCuv.XRlaAz8QkO.ZdzdKi	Hermann	Ochterlony	\N	85271	AZ	3	480 949 1646	2017-07-05 15:51:42	2017-12-04 20:34:05.879797	f
628	sdeaneu@hhs.gov	$2b$10$deWlU8Lx2lkrqNuDsRRwDOble9V/f8NHCuv.XRlaAz8QkO.ZdzdKi	Shannen	Dean	\N	35815	AL	3	256 198 5581	2016-12-28 01:55:52	2017-12-04 20:34:05.880163	t
629	cnatalieev@sciencedaily.com	$2b$10$deWlU8Lx2lkrqNuDsRRwDOble9V/f8NHCuv.XRlaAz8QkO.ZdzdKi	Claretta	Natalie	\N	30316	GA	3	678 559 2280	2017-07-26 02:24:59	2017-12-04 20:34:05.880537	f
630	acellerew@microsoft.com	$2b$10$deWlU8Lx2lkrqNuDsRRwDOble9V/f8NHCuv.XRlaAz8QkO.ZdzdKi	Agustin	Celler	\N	35210	AL	3	334 685 6598	2017-08-08 23:28:01	2017-12-04 20:34:05.880905	t
631	dpenrittex@aboutads.info	$2b$10$deWlU8Lx2lkrqNuDsRRwDOble9V/f8NHCuv.XRlaAz8QkO.ZdzdKi	Delcina	Penritt	\N	20067	DC	2	202 228 8928	2017-07-03 06:04:21	2017-12-04 20:34:05.881275	f
632	kshutlerey@un.org	$2b$10$deWlU8Lx2lkrqNuDsRRwDOble9V/f8NHCuv.XRlaAz8QkO.ZdzdKi	Kay	Shutler	\N	37405	TN	2	423 109 9871	2017-01-25 04:24:06	2017-12-04 20:34:05.881634	f
633	tcaitlinez@illinois.edu	$2b$10$deWlU8Lx2lkrqNuDsRRwDOble9V/f8NHCuv.XRlaAz8QkO.ZdzdKi	Tris	Caitlin	\N	57188	SD	2	605 492 7892	2017-05-13 06:17:10	2017-12-04 20:34:05.882025	t
634	tstairsf0@squidoo.com	$2b$10$deWlU8Lx2lkrqNuDsRRwDOble9V/f8NHCuv.XRlaAz8QkO.ZdzdKi	Tabbatha	Stairs	\N	30380	GA	3	404 181 3062	2017-02-16 21:56:13	2017-12-04 20:34:05.882396	f
635	mdishmonf1@adobe.com	$2b$10$deWlU8Lx2lkrqNuDsRRwDOble9V/f8NHCuv.XRlaAz8QkO.ZdzdKi	Marcos	Dishmon	\N	11388	NY	1	347 845 5171	2017-01-15 20:13:41	2017-12-04 20:34:05.88277	t
636	aolivazzif2@ted.com	$2b$10$deWlU8Lx2lkrqNuDsRRwDOble9V/f8NHCuv.XRlaAz8QkO.ZdzdKi	Annaliese	Olivazzi	\N	61640	IL	5	309 807 6160	2017-07-20 07:16:55	2017-12-04 20:34:05.883143	f
637	rwaghornef3@ucla.edu	$2b$10$deWlU8Lx2lkrqNuDsRRwDOble9V/f8NHCuv.XRlaAz8QkO.ZdzdKi	Reinaldo	Waghorne	\N	91406	CA	1	805 974 3362	2017-06-07 15:41:53	2017-12-04 20:34:05.883509	f
638	ctadlowf4@geocities.jp	$2b$10$deWlU8Lx2lkrqNuDsRRwDOble9V/f8NHCuv.XRlaAz8QkO.ZdzdKi	Corrianne	Tadlow	\N	80915	CO	3	719 162 9040	2017-05-02 01:28:44	2017-12-04 20:34:05.883887	f
639	rburragef5@archive.org	$2b$10$deWlU8Lx2lkrqNuDsRRwDOble9V/f8NHCuv.XRlaAz8QkO.ZdzdKi	Ruprecht	Burrage	\N	43240	OH	3	740 592 6300	2017-03-24 16:04:21	2017-12-04 20:34:05.884246	t
640	kgillhamf6@networksolutions.com	$2b$10$deWlU8Lx2lkrqNuDsRRwDOble9V/f8NHCuv.XRlaAz8QkO.ZdzdKi	Kellina	Gillham	\N	84110	UT	1	801 560 1873	2017-02-03 23:08:22	2017-12-04 20:34:05.884622	t
641	gjakewayf7@adobe.com	$2b$10$deWlU8Lx2lkrqNuDsRRwDOble9V/f8NHCuv.XRlaAz8QkO.ZdzdKi	Geno	Jakeway	\N	73071	OK	3	405 488 2422	2017-11-23 21:52:50	2017-12-04 20:34:05.884986	f
642	jdennehyf8@walmart.com	$2b$10$deWlU8Lx2lkrqNuDsRRwDOble9V/f8NHCuv.XRlaAz8QkO.ZdzdKi	Jennine	Dennehy	\N	63150	MO	4	314 974 2271	2017-10-15 06:55:04	2017-12-04 20:34:05.885368	t
643	hbrumbyef9@pen.io	$2b$10$deWlU8Lx2lkrqNuDsRRwDOble9V/f8NHCuv.XRlaAz8QkO.ZdzdKi	Heall	Brumbye	\N	15205	PA	3	412 206 8970	2016-12-31 23:30:38	2017-12-04 20:34:05.885739	t
644	nraggettfa@squarespace.com	$2b$10$deWlU8Lx2lkrqNuDsRRwDOble9V/f8NHCuv.XRlaAz8QkO.ZdzdKi	Nicola	Raggett	\N	45490	OH	4	937 129 2576	2017-05-17 01:10:12	2017-12-04 20:34:05.886122	t
645	nspavinsfb@scribd.com	$2b$10$deWlU8Lx2lkrqNuDsRRwDOble9V/f8NHCuv.XRlaAz8QkO.ZdzdKi	Niccolo	Spavins	\N	40287	KY	4	502 594 5188	2017-07-02 01:04:52	2017-12-04 20:34:05.886505	f
646	fkearneyfc@ted.com	$2b$10$deWlU8Lx2lkrqNuDsRRwDOble9V/f8NHCuv.XRlaAz8QkO.ZdzdKi	Francois	Kearney	\N	95123	CA	2	408 826 1792	2017-06-21 14:48:03	2017-12-04 20:34:05.886873	f
647	spiscopofd@networkadvertising.org	$2b$10$deWlU8Lx2lkrqNuDsRRwDOble9V/f8NHCuv.XRlaAz8QkO.ZdzdKi	Sofia	Piscopo	\N	66622	KS	2	785 432 3500	2017-01-25 23:37:31	2017-12-04 20:34:05.887236	f
648	ljestyfe@livejournal.com	$2b$10$deWlU8Lx2lkrqNuDsRRwDOble9V/f8NHCuv.XRlaAz8QkO.ZdzdKi	Lambert	Jesty	\N	92145	CA	5	619 261 6901	2017-02-26 19:36:41	2017-12-04 20:34:05.887601	f
649	bcontiff@dot.gov	$2b$10$deWlU8Lx2lkrqNuDsRRwDOble9V/f8NHCuv.XRlaAz8QkO.ZdzdKi	Byram	Conti	\N	19810	DE	1	302 554 3961	2017-06-08 15:27:37	2017-12-04 20:34:05.887957	f
650	noagerfg@biblegateway.com	$2b$10$deWlU8Lx2lkrqNuDsRRwDOble9V/f8NHCuv.XRlaAz8QkO.ZdzdKi	Nellie	Oager	\N	94132	CA	3	415 264 6031	2017-04-10 12:32:18	2017-12-04 20:34:05.888323	t
651	elinebargerfh@gizmodo.com	$2b$10$deWlU8Lx2lkrqNuDsRRwDOble9V/f8NHCuv.XRlaAz8QkO.ZdzdKi	Evaleen	Linebarger	\N	98498	WA	1	253 933 7923	2017-06-25 03:14:02	2017-12-04 20:34:05.888696	f
652	fanthonafi@uol.com.br	$2b$10$deWlU8Lx2lkrqNuDsRRwDOble9V/f8NHCuv.XRlaAz8QkO.ZdzdKi	Farly	Anthona	\N	60681	IL	4	312 745 8950	2017-02-10 18:53:25	2017-12-04 20:34:05.889071	t
653	lblowesfj@godaddy.com	$2b$10$deWlU8Lx2lkrqNuDsRRwDOble9V/f8NHCuv.XRlaAz8QkO.ZdzdKi	Leif	Blowes	\N	97312	OR	5	971 446 7214	2017-02-10 22:30:55	2017-12-04 20:34:05.889444	t
654	tbootlandfk@rediff.com	$2b$10$deWlU8Lx2lkrqNuDsRRwDOble9V/f8NHCuv.XRlaAz8QkO.ZdzdKi	Tildy	Bootland	\N	66699	KS	1	785 905 4271	2017-01-14 09:06:20	2017-12-04 20:34:05.889853	t
655	lfrugierfl@amazon.de	$2b$10$deWlU8Lx2lkrqNuDsRRwDOble9V/f8NHCuv.XRlaAz8QkO.ZdzdKi	Lauretta	Frugier	\N	46247	IN	5	317 972 7431	2017-04-24 08:11:14	2017-12-04 20:34:05.890236	f
656	egreenmonfm@prnewswire.com	$2b$10$deWlU8Lx2lkrqNuDsRRwDOble9V/f8NHCuv.XRlaAz8QkO.ZdzdKi	Emory	Greenmon	\N	90065	CA	4	818 958 3614	2017-09-07 06:23:33	2017-12-04 20:34:05.890603	t
657	lshentonfn@reference.com	$2b$10$deWlU8Lx2lkrqNuDsRRwDOble9V/f8NHCuv.XRlaAz8QkO.ZdzdKi	Lovell	Shenton	\N	40225	KY	5	502 476 0482	2017-09-14 16:15:04	2017-12-04 20:34:05.890969	t
658	oiozefovichfo@businessweek.com	$2b$10$deWlU8Lx2lkrqNuDsRRwDOble9V/f8NHCuv.XRlaAz8QkO.ZdzdKi	Ortensia	Iozefovich	\N	11236	NY	5	917 641 5873	2017-04-11 02:50:45	2017-12-04 20:34:05.891335	t
659	rleddyfp@blog.com	$2b$10$deWlU8Lx2lkrqNuDsRRwDOble9V/f8NHCuv.XRlaAz8QkO.ZdzdKi	Rosette	Leddy	\N	99507	AK	4	907 925 9660	2017-06-04 23:18:03	2017-12-04 20:34:05.8917	f
660	ilakelandfq@va.gov	$2b$10$deWlU8Lx2lkrqNuDsRRwDOble9V/f8NHCuv.XRlaAz8QkO.ZdzdKi	Inger	Lakeland	\N	18768	PA	2	570 598 4514	2016-12-18 10:04:11	2017-12-04 20:34:05.89207	t
661	sroughanfr@sohu.com	$2b$10$deWlU8Lx2lkrqNuDsRRwDOble9V/f8NHCuv.XRlaAz8QkO.ZdzdKi	Stephani	Roughan	\N	48930	MI	1	517 306 6319	2017-09-27 04:46:16	2017-12-04 20:34:05.892436	f
662	thackeltonfs@slideshare.net	$2b$10$deWlU8Lx2lkrqNuDsRRwDOble9V/f8NHCuv.XRlaAz8QkO.ZdzdKi	Thoma	Hackelton	\N	34474	FL	1	352 925 3112	2017-09-21 20:50:18	2017-12-04 20:34:05.892804	t
663	adysterft@ucoz.com	$2b$10$deWlU8Lx2lkrqNuDsRRwDOble9V/f8NHCuv.XRlaAz8QkO.ZdzdKi	Antonina	Dyster	\N	31217	GA	4	478 740 3062	2016-12-21 15:01:40	2017-12-04 20:34:05.893183	t
664	kmewtonfu@studiopress.com	$2b$10$deWlU8Lx2lkrqNuDsRRwDOble9V/f8NHCuv.XRlaAz8QkO.ZdzdKi	Kynthia	Mewton	\N	33175	FL	3	305 570 9596	2017-08-30 03:52:13	2017-12-04 20:34:05.89355	f
665	wmanolovfv@edublogs.org	$2b$10$deWlU8Lx2lkrqNuDsRRwDOble9V/f8NHCuv.XRlaAz8QkO.ZdzdKi	Welch	Manolov	\N	48335	MI	4	248 697 5839	2017-08-13 20:15:06	2017-12-04 20:34:05.893968	t
666	jbarukhfw@behance.net	$2b$10$deWlU8Lx2lkrqNuDsRRwDOble9V/f8NHCuv.XRlaAz8QkO.ZdzdKi	Jud	Barukh	\N	98109	WA	5	360 159 5017	2017-01-31 13:09:07	2017-12-04 20:34:05.894351	f
667	mheinickefx@bizjournals.com	$2b$10$deWlU8Lx2lkrqNuDsRRwDOble9V/f8NHCuv.XRlaAz8QkO.ZdzdKi	Maddy	Heinicke	\N	77218	TX	3	713 748 6918	2017-09-02 17:03:29	2017-12-04 20:34:05.894733	t
668	hbalsdonfy@twitpic.com	$2b$10$deWlU8Lx2lkrqNuDsRRwDOble9V/f8NHCuv.XRlaAz8QkO.ZdzdKi	Hieronymus	Balsdon	\N	91186	CA	3	626 128 3377	2017-10-03 10:34:36	2017-12-04 20:34:05.89513	t
669	cmatejkafz@edublogs.org	$2b$10$deWlU8Lx2lkrqNuDsRRwDOble9V/f8NHCuv.XRlaAz8QkO.ZdzdKi	Cathi	Matejka	\N	10203	NY	1	212 199 4899	2017-03-18 13:07:48	2017-12-04 20:34:05.8955	t
670	emordyg0@discovery.com	$2b$10$deWlU8Lx2lkrqNuDsRRwDOble9V/f8NHCuv.XRlaAz8QkO.ZdzdKi	Elladine	Mordy	\N	85725	AZ	5	520 248 3234	2017-08-28 20:22:33	2017-12-04 20:34:05.895881	t
671	dhailwoodg1@freewebs.com	$2b$10$deWlU8Lx2lkrqNuDsRRwDOble9V/f8NHCuv.XRlaAz8QkO.ZdzdKi	Druci	Hailwood	\N	77288	TX	1	713 736 4694	2017-10-02 04:43:25	2017-12-04 20:34:05.896255	t
672	gbiernatg2@aboutads.info	$2b$10$deWlU8Lx2lkrqNuDsRRwDOble9V/f8NHCuv.XRlaAz8QkO.ZdzdKi	Gardy	Biernat	\N	84189	UT	2	801 462 9714	2017-02-10 00:11:42	2017-12-04 20:34:05.89663	f
673	jwindousg3@tinypic.com	$2b$10$deWlU8Lx2lkrqNuDsRRwDOble9V/f8NHCuv.XRlaAz8QkO.ZdzdKi	Jobina	Windous	\N	55805	MN	4	218 972 2124	2017-09-26 09:41:29	2017-12-04 20:34:05.897012	f
674	dingerithg4@independent.co.uk	$2b$10$deWlU8Lx2lkrqNuDsRRwDOble9V/f8NHCuv.XRlaAz8QkO.ZdzdKi	Dorise	Ingerith	\N	76162	TX	5	682 532 3342	2017-04-26 07:49:14	2017-12-04 20:34:05.897391	f
675	hmycroftg5@fema.gov	$2b$10$deWlU8Lx2lkrqNuDsRRwDOble9V/f8NHCuv.XRlaAz8QkO.ZdzdKi	Hurley	Mycroft	\N	28272	NC	1	704 122 0084	2017-02-05 23:51:29	2017-12-04 20:34:05.897765	f
676	icreekg6@mayoclinic.com	$2b$10$deWlU8Lx2lkrqNuDsRRwDOble9V/f8NHCuv.XRlaAz8QkO.ZdzdKi	Iggie	Creek	\N	79994	TX	3	915 662 2712	2016-12-16 04:26:57	2017-12-04 20:34:05.898149	f
677	fzealeyg7@digg.com	$2b$10$deWlU8Lx2lkrqNuDsRRwDOble9V/f8NHCuv.XRlaAz8QkO.ZdzdKi	Fred	Zealey	\N	77085	TX	1	281 856 3582	2017-03-27 17:41:11	2017-12-04 20:34:05.898515	f
678	ssylettg8@creativecommons.org	$2b$10$deWlU8Lx2lkrqNuDsRRwDOble9V/f8NHCuv.XRlaAz8QkO.ZdzdKi	Shamus	Sylett	\N	20244	DC	3	202 975 1031	2017-11-08 22:31:31	2017-12-04 20:34:05.898891	t
679	srenneg9@unblog.fr	$2b$10$deWlU8Lx2lkrqNuDsRRwDOble9V/f8NHCuv.XRlaAz8QkO.ZdzdKi	Shayne	Renne	\N	77276	TX	1	713 477 0806	2017-11-04 19:50:38	2017-12-04 20:34:05.89926	t
680	sbrimacombega@twitpic.com	$2b$10$deWlU8Lx2lkrqNuDsRRwDOble9V/f8NHCuv.XRlaAz8QkO.ZdzdKi	Sherwynd	Brimacombe	\N	46202	IN	3	317 571 3085	2017-03-06 15:52:35	2017-12-04 20:34:05.899634	f
681	crylandgb@twitter.com	$2b$10$deWlU8Lx2lkrqNuDsRRwDOble9V/f8NHCuv.XRlaAz8QkO.ZdzdKi	Caprice	Ryland	\N	92662	CA	3	949 727 8251	2017-08-19 19:41:43	2017-12-04 20:34:05.900008	f
682	hcoppingc@elpais.com	$2b$10$deWlU8Lx2lkrqNuDsRRwDOble9V/f8NHCuv.XRlaAz8QkO.ZdzdKi	Hugo	Coppin	\N	32605	FL	4	352 655 9808	2017-05-15 21:54:18	2017-12-04 20:34:05.900386	t
683	jskpseygd@furl.net	$2b$10$deWlU8Lx2lkrqNuDsRRwDOble9V/f8NHCuv.XRlaAz8QkO.ZdzdKi	Jasmina	Skpsey	\N	38168	TN	5	901 748 7287	2017-08-19 19:27:34	2017-12-04 20:34:05.900759	t
684	ljanoutge@ameblo.jp	$2b$10$deWlU8Lx2lkrqNuDsRRwDOble9V/f8NHCuv.XRlaAz8QkO.ZdzdKi	Lyndsey	Janout	\N	85743	AZ	5	520 591 1675	2017-09-09 01:15:19	2017-12-04 20:34:05.901125	f
685	jkenawaygf@google.com	$2b$10$deWlU8Lx2lkrqNuDsRRwDOble9V/f8NHCuv.XRlaAz8QkO.ZdzdKi	Jolee	Kenaway	\N	90810	CA	1	562 422 2605	2017-08-31 13:36:19	2017-12-04 20:34:05.901483	t
686	wtowsgg@gizmodo.com	$2b$10$deWlU8Lx2lkrqNuDsRRwDOble9V/f8NHCuv.XRlaAz8QkO.ZdzdKi	Willis	Tows	\N	11407	NY	5	516 714 7884	2017-09-22 20:04:06	2017-12-04 20:34:05.901864	t
687	bfancottgh@cisco.com	$2b$10$deWlU8Lx2lkrqNuDsRRwDOble9V/f8NHCuv.XRlaAz8QkO.ZdzdKi	Basia	Fancott	\N	40591	KY	1	859 325 5034	2017-02-07 05:04:47	2017-12-04 20:34:05.902237	f
688	mdavidovitsgi@house.gov	$2b$10$deWlU8Lx2lkrqNuDsRRwDOble9V/f8NHCuv.XRlaAz8QkO.ZdzdKi	Madlen	Davidovits	\N	27705	NC	2	434 141 9512	2017-03-02 06:47:12	2017-12-04 20:34:05.90261	t
689	jruppelegj@prlog.org	$2b$10$deWlU8Lx2lkrqNuDsRRwDOble9V/f8NHCuv.XRlaAz8QkO.ZdzdKi	Jennica	Ruppele	\N	93715	CA	5	209 824 8405	2017-01-30 21:48:48	2017-12-04 20:34:05.902986	t
690	afairbanksgk@twitpic.com	$2b$10$deWlU8Lx2lkrqNuDsRRwDOble9V/f8NHCuv.XRlaAz8QkO.ZdzdKi	Alleyn	Fairbanks	\N	89510	NV	3	775 302 8432	2017-03-20 04:48:39	2017-12-04 20:34:05.903362	f
691	rsybrygl@businessinsider.com	$2b$10$deWlU8Lx2lkrqNuDsRRwDOble9V/f8NHCuv.XRlaAz8QkO.ZdzdKi	Rainer	Sybry	\N	52804	IA	3	563 118 0719	2017-04-06 22:27:17	2017-12-04 20:34:05.903726	f
692	pwybrongm@bravesites.com	$2b$10$deWlU8Lx2lkrqNuDsRRwDOble9V/f8NHCuv.XRlaAz8QkO.ZdzdKi	Peggy	Wybron	\N	89178	NV	3	702 795 3709	2017-03-23 07:20:41	2017-12-04 20:34:05.904095	t
693	cbarbarygn@wordpress.com	$2b$10$deWlU8Lx2lkrqNuDsRRwDOble9V/f8NHCuv.XRlaAz8QkO.ZdzdKi	Cthrine	Barbary	\N	38114	TN	4	901 413 5654	2016-12-29 04:09:37	2017-12-04 20:34:05.904464	t
694	ctrettgo@qq.com	$2b$10$deWlU8Lx2lkrqNuDsRRwDOble9V/f8NHCuv.XRlaAz8QkO.ZdzdKi	Caralie	Trett	\N	93584	CA	4	661 471 8656	2016-12-30 23:02:11	2017-12-04 20:34:05.904838	t
695	tleachgp@bizjournals.com	$2b$10$deWlU8Lx2lkrqNuDsRRwDOble9V/f8NHCuv.XRlaAz8QkO.ZdzdKi	Towny	Leach	\N	76905	TX	1	325 501 8271	2017-10-21 01:35:05	2017-12-04 20:34:05.905197	f
696	qpenkmangq@weibo.com	$2b$10$deWlU8Lx2lkrqNuDsRRwDOble9V/f8NHCuv.XRlaAz8QkO.ZdzdKi	Quinton	Penkman	\N	36622	AL	2	251 878 4824	2017-09-25 12:44:17	2017-12-04 20:34:05.905581	f
697	gupsalegr@wunderground.com	$2b$10$deWlU8Lx2lkrqNuDsRRwDOble9V/f8NHCuv.XRlaAz8QkO.ZdzdKi	Gannon	Upsale	\N	60208	IL	3	847 452 7662	2017-10-05 08:33:14	2017-12-04 20:34:05.905967	t
698	fpeaseygs@boston.com	$2b$10$deWlU8Lx2lkrqNuDsRRwDOble9V/f8NHCuv.XRlaAz8QkO.ZdzdKi	Fancy	Peasey	\N	83757	ID	3	208 309 3787	2016-12-22 11:12:55	2017-12-04 20:34:05.906343	f
699	blowerygt@symantec.com	$2b$10$deWlU8Lx2lkrqNuDsRRwDOble9V/f8NHCuv.XRlaAz8QkO.ZdzdKi	Bambie	Lowery	\N	40256	KY	2	502 269 6936	2017-06-30 04:11:43	2017-12-04 20:34:05.906714	f
700	xhatherleygu@woothemes.com	$2b$10$deWlU8Lx2lkrqNuDsRRwDOble9V/f8NHCuv.XRlaAz8QkO.ZdzdKi	Xylia	Hatherley	\N	56944	DC	5	202 546 7837	2016-12-21 13:58:13	2017-12-04 20:34:05.907091	f
701	fokeevangv@pcworld.com	$2b$10$deWlU8Lx2lkrqNuDsRRwDOble9V/f8NHCuv.XRlaAz8QkO.ZdzdKi	Fabiano	O'Keevan	\N	23509	VA	5	757 917 8149	2017-06-23 01:52:14	2017-12-04 20:34:05.907457	f
702	ffiddimangw@msn.com	$2b$10$deWlU8Lx2lkrqNuDsRRwDOble9V/f8NHCuv.XRlaAz8QkO.ZdzdKi	Ferdie	Fiddiman	\N	73190	OK	1	405 600 0683	2017-07-11 13:25:41	2017-12-04 20:34:05.907824	f
703	apiggfordgx@acquirethisname.com	$2b$10$deWlU8Lx2lkrqNuDsRRwDOble9V/f8NHCuv.XRlaAz8QkO.ZdzdKi	Abagail	Piggford	\N	55565	MN	2	763 463 0585	2017-06-20 17:33:24	2017-12-04 20:34:05.908188	t
744	ahardeyi2@bluehost.com	$2b$10$deWlU8Lx2lkrqNuDsRRwDOble9V/f8NHCuv.XRlaAz8QkO.ZdzdKi	Alys	Hardey	\N	57193	SD	2	605 474 8041	2017-12-01 20:10:41	2017-12-04 20:34:05.923454	t
704	gsturmeygy@facebook.com	$2b$10$deWlU8Lx2lkrqNuDsRRwDOble9V/f8NHCuv.XRlaAz8QkO.ZdzdKi	Gabrila	Sturmey	\N	32230	FL	4	904 651 8532	2017-01-07 23:02:30	2017-12-04 20:34:05.908559	t
705	frowlettgz@narod.ru	$2b$10$deWlU8Lx2lkrqNuDsRRwDOble9V/f8NHCuv.XRlaAz8QkO.ZdzdKi	Fabe	Rowlett	\N	36205	AL	1	256 411 3661	2017-10-12 15:27:51	2017-12-04 20:34:05.908959	f
706	clabellh0@creativecommons.org	$2b$10$deWlU8Lx2lkrqNuDsRRwDOble9V/f8NHCuv.XRlaAz8QkO.ZdzdKi	Christoph	Labell	\N	03105	NH	3	603 164 6368	2017-10-12 03:43:35	2017-12-04 20:34:05.909338	t
707	gsmallmanh1@buzzfeed.com	$2b$10$deWlU8Lx2lkrqNuDsRRwDOble9V/f8NHCuv.XRlaAz8QkO.ZdzdKi	Gloriane	Smallman	\N	33487	FL	1	305 745 1056	2017-10-31 22:07:58	2017-12-04 20:34:05.90971	f
708	tlinnith2@arizona.edu	$2b$10$deWlU8Lx2lkrqNuDsRRwDOble9V/f8NHCuv.XRlaAz8QkO.ZdzdKi	Teddy	Linnit	\N	93794	CA	5	559 283 1131	2017-07-02 12:34:41	2017-12-04 20:34:05.910103	f
709	bsouthworthh3@gnu.org	$2b$10$deWlU8Lx2lkrqNuDsRRwDOble9V/f8NHCuv.XRlaAz8QkO.ZdzdKi	Berke	Southworth	\N	60697	IL	5	312 614 1906	2017-09-18 06:17:57	2017-12-04 20:34:05.910475	f
710	kgauthorpph4@lulu.com	$2b$10$deWlU8Lx2lkrqNuDsRRwDOble9V/f8NHCuv.XRlaAz8QkO.ZdzdKi	Karlens	Gauthorpp	\N	07505	NJ	3	973 916 4738	2017-01-11 06:53:36	2017-12-04 20:34:05.910848	f
711	bgriegerh5@jugem.jp	$2b$10$deWlU8Lx2lkrqNuDsRRwDOble9V/f8NHCuv.XRlaAz8QkO.ZdzdKi	Brander	Grieger	\N	89125	NV	4	702 941 9821	2017-05-07 08:03:20	2017-12-04 20:34:05.911212	t
712	kwhistlecrafth6@etsy.com	$2b$10$deWlU8Lx2lkrqNuDsRRwDOble9V/f8NHCuv.XRlaAz8QkO.ZdzdKi	Konstance	Whistlecraft	\N	45233	OH	5	513 749 7523	2017-10-28 09:28:31	2017-12-04 20:34:05.911576	t
713	atooveyh7@fotki.com	$2b$10$deWlU8Lx2lkrqNuDsRRwDOble9V/f8NHCuv.XRlaAz8QkO.ZdzdKi	Anissa	Toovey	\N	43240	OH	5	614 201 5783	2017-02-07 22:55:15	2017-12-04 20:34:05.911939	f
714	gjankowskih8@redcross.org	$2b$10$deWlU8Lx2lkrqNuDsRRwDOble9V/f8NHCuv.XRlaAz8QkO.ZdzdKi	Geoffry	Jankowski	\N	19115	PA	5	215 781 2252	2017-02-26 10:35:15	2017-12-04 20:34:05.91232	f
715	acuradoh9@soup.io	$2b$10$deWlU8Lx2lkrqNuDsRRwDOble9V/f8NHCuv.XRlaAz8QkO.ZdzdKi	Arley	Curado	\N	63121	MO	3	314 137 1555	2017-09-22 13:06:31	2017-12-04 20:34:05.912694	f
716	nbeehoha@shareasale.com	$2b$10$deWlU8Lx2lkrqNuDsRRwDOble9V/f8NHCuv.XRlaAz8QkO.ZdzdKi	Norman	Beeho	\N	91328	CA	5	818 162 1101	2017-03-23 20:10:35	2017-12-04 20:34:05.913066	f
717	lnovillhb@globo.com	$2b$10$deWlU8Lx2lkrqNuDsRRwDOble9V/f8NHCuv.XRlaAz8QkO.ZdzdKi	Lizette	Novill	\N	53210	WI	1	414 563 6746	2016-12-06 01:16:46	2017-12-04 20:34:05.913433	f
718	bcoultharthc@macromedia.com	$2b$10$deWlU8Lx2lkrqNuDsRRwDOble9V/f8NHCuv.XRlaAz8QkO.ZdzdKi	Benton	Coulthart	\N	01152	MA	5	413 787 6697	2017-10-21 04:16:23	2017-12-04 20:34:05.91381	f
719	jendriccihd@hugedomains.com	$2b$10$deWlU8Lx2lkrqNuDsRRwDOble9V/f8NHCuv.XRlaAz8QkO.ZdzdKi	Josie	Endricci	\N	20189	VA	5	571 990 1160	2016-12-30 12:52:12	2017-12-04 20:34:05.914191	f
720	tbaumberhe@state.gov	$2b$10$deWlU8Lx2lkrqNuDsRRwDOble9V/f8NHCuv.XRlaAz8QkO.ZdzdKi	Tristan	Baumber	\N	81010	CO	1	719 158 2291	2017-04-12 21:52:23	2017-12-04 20:34:05.91456	t
721	rtupmanhf@creativecommons.org	$2b$10$deWlU8Lx2lkrqNuDsRRwDOble9V/f8NHCuv.XRlaAz8QkO.ZdzdKi	Reade	Tupman	\N	31605	GA	4	229 908 9798	2017-03-07 21:28:18	2017-12-04 20:34:05.914928	f
722	akubalahg@deliciousdays.com	$2b$10$deWlU8Lx2lkrqNuDsRRwDOble9V/f8NHCuv.XRlaAz8QkO.ZdzdKi	Allayne	Kubala	\N	92668	CA	2	760 831 5653	2017-03-06 18:50:35	2017-12-04 20:34:05.915288	f
723	agiacoppohh@si.edu	$2b$10$deWlU8Lx2lkrqNuDsRRwDOble9V/f8NHCuv.XRlaAz8QkO.ZdzdKi	Addy	Giacoppo	\N	79116	TX	2	806 717 6939	2016-12-28 15:38:19	2017-12-04 20:34:05.915644	t
724	mworvillhi@de.vu	$2b$10$deWlU8Lx2lkrqNuDsRRwDOble9V/f8NHCuv.XRlaAz8QkO.ZdzdKi	Mortimer	Worvill	\N	22903	VA	1	540 291 4315	2017-04-24 00:03:26	2017-12-04 20:34:05.916028	f
725	awardallhj@craigslist.org	$2b$10$deWlU8Lx2lkrqNuDsRRwDOble9V/f8NHCuv.XRlaAz8QkO.ZdzdKi	Arabel	Wardall	\N	23436	VA	3	757 296 8237	2017-01-26 13:14:26	2017-12-04 20:34:05.916397	t
726	collarenshawhk@theglobeandmail.com	$2b$10$deWlU8Lx2lkrqNuDsRRwDOble9V/f8NHCuv.XRlaAz8QkO.ZdzdKi	Christiane	Ollarenshaw	\N	66112	KS	4	913 459 5062	2017-01-13 21:56:13	2017-12-04 20:34:05.916777	t
727	katlayhl@japanpost.jp	$2b$10$deWlU8Lx2lkrqNuDsRRwDOble9V/f8NHCuv.XRlaAz8QkO.ZdzdKi	Kingsly	Atlay	\N	77288	TX	4	713 474 8410	2017-06-30 16:25:43	2017-12-04 20:34:05.91715	t
728	lklimpthm@ebay.co.uk	$2b$10$deWlU8Lx2lkrqNuDsRRwDOble9V/f8NHCuv.XRlaAz8QkO.ZdzdKi	Laurella	Klimpt	\N	92878	CA	4	951 953 7839	2016-12-14 13:45:49	2017-12-04 20:34:05.917526	f
729	mgoliglyhn@apache.org	$2b$10$deWlU8Lx2lkrqNuDsRRwDOble9V/f8NHCuv.XRlaAz8QkO.ZdzdKi	Meredithe	Goligly	\N	32255	FL	3	904 149 2926	2017-11-05 14:07:23	2017-12-04 20:34:05.917908	t
730	kimasonho@youku.com	$2b$10$deWlU8Lx2lkrqNuDsRRwDOble9V/f8NHCuv.XRlaAz8QkO.ZdzdKi	Kattie	Imason	\N	27415	NC	2	336 351 0766	2017-08-06 12:37:40	2017-12-04 20:34:05.918274	t
731	rrauhp@examiner.com	$2b$10$deWlU8Lx2lkrqNuDsRRwDOble9V/f8NHCuv.XRlaAz8QkO.ZdzdKi	Renaud	Rau	\N	94622	CA	2	510 825 8416	2017-08-03 20:00:47	2017-12-04 20:34:05.918631	t
732	nshelfhq@cbsnews.com	$2b$10$deWlU8Lx2lkrqNuDsRRwDOble9V/f8NHCuv.XRlaAz8QkO.ZdzdKi	Noach	Shelf	\N	33673	FL	1	813 519 4901	2017-01-12 08:17:51	2017-12-04 20:34:05.918994	f
733	mgovehr@amazonaws.com	$2b$10$deWlU8Lx2lkrqNuDsRRwDOble9V/f8NHCuv.XRlaAz8QkO.ZdzdKi	Marcela	Gove	\N	91499	CA	5	213 969 0288	2017-10-13 23:58:04	2017-12-04 20:34:05.919363	f
734	zoleshs@salon.com	$2b$10$deWlU8Lx2lkrqNuDsRRwDOble9V/f8NHCuv.XRlaAz8QkO.ZdzdKi	Zebadiah	Oles	\N	02104	MA	3	318 601 6969	2017-10-27 07:31:36	2017-12-04 20:34:05.919727	t
735	xfleminght@msu.edu	$2b$10$deWlU8Lx2lkrqNuDsRRwDOble9V/f8NHCuv.XRlaAz8QkO.ZdzdKi	Xaviera	Fleming	\N	32595	FL	4	850 173 9426	2017-11-16 06:22:03	2017-12-04 20:34:05.920099	t
736	egwinnetthu@irs.gov	$2b$10$deWlU8Lx2lkrqNuDsRRwDOble9V/f8NHCuv.XRlaAz8QkO.ZdzdKi	Emile	Gwinnett	\N	89012	NV	1	702 386 6842	2017-11-10 09:38:33	2017-12-04 20:34:05.920468	t
737	mmcilveenhv@disqus.com	$2b$10$deWlU8Lx2lkrqNuDsRRwDOble9V/f8NHCuv.XRlaAz8QkO.ZdzdKi	Myrah	McIlveen	\N	35895	AL	5	256 703 4510	2017-03-18 14:06:56	2017-12-04 20:34:05.920832	f
738	akeyserhw@sbwire.com	$2b$10$deWlU8Lx2lkrqNuDsRRwDOble9V/f8NHCuv.XRlaAz8QkO.ZdzdKi	Allys	Keyser	\N	15240	PA	1	412 667 6181	2017-07-08 07:50:57	2017-12-04 20:34:05.921215	t
739	hbardeyhx@feedburner.com	$2b$10$deWlU8Lx2lkrqNuDsRRwDOble9V/f8NHCuv.XRlaAz8QkO.ZdzdKi	Hillery	Bardey	\N	28220	NC	1	704 287 8158	2017-05-07 06:32:13	2017-12-04 20:34:05.921585	f
740	ddupreyhy@newyorker.com	$2b$10$deWlU8Lx2lkrqNuDsRRwDOble9V/f8NHCuv.XRlaAz8QkO.ZdzdKi	Daryl	Duprey	\N	33448	FL	4	561 750 2658	2017-04-22 16:58:50	2017-12-04 20:34:05.921965	t
741	gchristyhz@fda.gov	$2b$10$deWlU8Lx2lkrqNuDsRRwDOble9V/f8NHCuv.XRlaAz8QkO.ZdzdKi	Ginnifer	Christy	\N	75236	TX	3	972 216 7562	2017-11-25 19:13:31	2017-12-04 20:34:05.922328	t
742	dlambali0@nationalgeographic.com	$2b$10$deWlU8Lx2lkrqNuDsRRwDOble9V/f8NHCuv.XRlaAz8QkO.ZdzdKi	Derril	Lambal	\N	45807	OH	1	419 934 2940	2017-04-29 12:47:43	2017-12-04 20:34:05.922711	t
743	hliffeyi1@nih.gov	$2b$10$deWlU8Lx2lkrqNuDsRRwDOble9V/f8NHCuv.XRlaAz8QkO.ZdzdKi	Hy	Liffey	\N	93778	CA	1	559 766 5212	2017-10-09 18:53:28	2017-12-04 20:34:05.923087	f
745	mcastellanii3@reference.com	$2b$10$deWlU8Lx2lkrqNuDsRRwDOble9V/f8NHCuv.XRlaAz8QkO.ZdzdKi	Maribeth	Castellani	\N	38136	TN	1	901 592 7806	2017-09-24 17:33:44	2017-12-04 20:34:05.923832	f
746	tcandwelli4@mtv.com	$2b$10$deWlU8Lx2lkrqNuDsRRwDOble9V/f8NHCuv.XRlaAz8QkO.ZdzdKi	Town	Candwell	\N	10115	NY	4	212 858 7506	2017-09-18 01:52:09	2017-12-04 20:34:05.924241	t
747	pbrunsdeni5@rakuten.co.jp	$2b$10$deWlU8Lx2lkrqNuDsRRwDOble9V/f8NHCuv.XRlaAz8QkO.ZdzdKi	Pegeen	Brunsden	\N	33610	FL	3	813 533 0156	2017-06-27 16:26:16	2017-12-04 20:34:05.924618	f
748	ffearnyhoughi6@cargocollective.com	$2b$10$deWlU8Lx2lkrqNuDsRRwDOble9V/f8NHCuv.XRlaAz8QkO.ZdzdKi	Flin	Fearnyhough	\N	64149	MO	2	816 956 2946	2017-02-09 20:11:08	2017-12-04 20:34:05.92498	t
749	aaslumi7@washingtonpost.com	$2b$10$deWlU8Lx2lkrqNuDsRRwDOble9V/f8NHCuv.XRlaAz8QkO.ZdzdKi	Aldon	Aslum	\N	45271	OH	4	513 766 7132	2017-05-25 23:21:58	2017-12-04 20:34:05.925341	t
750	gfisbeyi8@hostgator.com	$2b$10$deWlU8Lx2lkrqNuDsRRwDOble9V/f8NHCuv.XRlaAz8QkO.ZdzdKi	Gorden	Fisbey	\N	44177	OH	1	440 105 0331	2016-12-06 10:39:20	2017-12-04 20:34:05.925699	t
751	nogleyi9@hud.gov	$2b$10$deWlU8Lx2lkrqNuDsRRwDOble9V/f8NHCuv.XRlaAz8QkO.ZdzdKi	Netti	Ogley	\N	98158	WA	2	425 292 3149	2017-04-23 14:19:22	2017-12-04 20:34:05.926083	f
752	eevillia@blogspot.com	$2b$10$deWlU8Lx2lkrqNuDsRRwDOble9V/f8NHCuv.XRlaAz8QkO.ZdzdKi	Elmore	Evill	\N	02203	MA	3	617 725 0812	2017-03-20 10:42:57	2017-12-04 20:34:05.926458	f
753	mmacmurrayib@businessinsider.com	$2b$10$deWlU8Lx2lkrqNuDsRRwDOble9V/f8NHCuv.XRlaAz8QkO.ZdzdKi	Marissa	MacMurray	\N	15205	PA	1	412 291 8376	2017-08-25 06:56:27	2017-12-04 20:34:05.926831	f
754	bmilliereic@taobao.com	$2b$10$deWlU8Lx2lkrqNuDsRRwDOble9V/f8NHCuv.XRlaAz8QkO.ZdzdKi	Bernhard	Milliere	\N	94291	CA	3	916 373 9937	2017-01-12 07:09:06	2017-12-04 20:34:05.92721	f
755	gtinkerid@ox.ac.uk	$2b$10$deWlU8Lx2lkrqNuDsRRwDOble9V/f8NHCuv.XRlaAz8QkO.ZdzdKi	Glennie	Tinker	\N	33158	FL	3	305 295 4116	2017-11-21 04:09:05	2017-12-04 20:34:05.927589	t
756	lbifordie@sfgate.com	$2b$10$deWlU8Lx2lkrqNuDsRRwDOble9V/f8NHCuv.XRlaAz8QkO.ZdzdKi	Lorens	Biford	\N	30375	GA	4	404 825 2522	2017-05-14 21:56:58	2017-12-04 20:34:05.927953	f
757	mfarrynif@shareasale.com	$2b$10$deWlU8Lx2lkrqNuDsRRwDOble9V/f8NHCuv.XRlaAz8QkO.ZdzdKi	Marsiella	Farryn	\N	92405	CA	5	909 695 0180	2017-01-26 18:53:21	2017-12-04 20:34:05.928318	t
758	wallewellig@comsenz.com	$2b$10$deWlU8Lx2lkrqNuDsRRwDOble9V/f8NHCuv.XRlaAz8QkO.ZdzdKi	Webb	Allewell	\N	79415	TX	1	806 921 5657	2017-06-23 10:27:50	2017-12-04 20:34:05.928685	t
759	aklimesih@shareasale.com	$2b$10$deWlU8Lx2lkrqNuDsRRwDOble9V/f8NHCuv.XRlaAz8QkO.ZdzdKi	Alfonse	Klimes	\N	55108	MN	2	612 790 9842	2017-07-11 06:12:12	2017-12-04 20:34:05.929049	t
760	daumerleii@bing.com	$2b$10$deWlU8Lx2lkrqNuDsRRwDOble9V/f8NHCuv.XRlaAz8QkO.ZdzdKi	Dag	Aumerle	\N	45419	OH	3	513 503 8173	2017-10-12 01:58:15	2017-12-04 20:34:05.92942	t
761	rbrosiij@cornell.edu	$2b$10$deWlU8Lx2lkrqNuDsRRwDOble9V/f8NHCuv.XRlaAz8QkO.ZdzdKi	Rebecca	Brosi	\N	21229	MD	5	410 209 2205	2017-04-02 21:17:49	2017-12-04 20:34:05.92979	t
762	dmattecotik@amazonaws.com	$2b$10$deWlU8Lx2lkrqNuDsRRwDOble9V/f8NHCuv.XRlaAz8QkO.ZdzdKi	Donielle	Mattecot	\N	77228	TX	5	713 525 3537	2017-01-01 23:57:07	2017-12-04 20:34:05.930179	f
763	mhritzkoil@alibaba.com	$2b$10$deWlU8Lx2lkrqNuDsRRwDOble9V/f8NHCuv.XRlaAz8QkO.ZdzdKi	Meridel	Hritzko	\N	95813	CA	5	916 725 5929	2017-08-22 10:21:27	2017-12-04 20:34:05.930565	f
764	dhutcheonim@latimes.com	$2b$10$deWlU8Lx2lkrqNuDsRRwDOble9V/f8NHCuv.XRlaAz8QkO.ZdzdKi	Damiano	Hutcheon	\N	99512	AK	1	907 308 1949	2017-05-03 16:34:40	2017-12-04 20:34:05.93094	t
765	edibernardoin@cbslocal.com	$2b$10$deWlU8Lx2lkrqNuDsRRwDOble9V/f8NHCuv.XRlaAz8QkO.ZdzdKi	Eunice	Di Bernardo	\N	06533	CT	2	203 838 0140	2017-05-19 10:56:59	2017-12-04 20:34:05.931303	f
766	bekellio@mlb.com	$2b$10$deWlU8Lx2lkrqNuDsRRwDOble9V/f8NHCuv.XRlaAz8QkO.ZdzdKi	Brier	Ekell	\N	28278	NC	3	704 965 7684	2017-07-21 02:29:12	2017-12-04 20:34:05.931674	t
767	ccustyip@last.fm	$2b$10$deWlU8Lx2lkrqNuDsRRwDOble9V/f8NHCuv.XRlaAz8QkO.ZdzdKi	Christabel	Custy	\N	45233	OH	2	513 911 8449	2017-05-26 17:55:57	2017-12-04 20:34:05.932041	f
768	gfidginiq@ted.com	$2b$10$deWlU8Lx2lkrqNuDsRRwDOble9V/f8NHCuv.XRlaAz8QkO.ZdzdKi	Gilligan	Fidgin	\N	27110	NC	4	336 804 9245	2017-11-19 09:57:28	2017-12-04 20:34:05.932414	f
769	zbuxcyir@slate.com	$2b$10$deWlU8Lx2lkrqNuDsRRwDOble9V/f8NHCuv.XRlaAz8QkO.ZdzdKi	Zondra	Buxcy	\N	87105	NM	3	505 608 9379	2017-07-30 02:57:47	2017-12-04 20:34:05.932784	t
770	rsisleyis@jimdo.com	$2b$10$deWlU8Lx2lkrqNuDsRRwDOble9V/f8NHCuv.XRlaAz8QkO.ZdzdKi	Rafe	Sisley	\N	33436	FL	1	561 354 5712	2017-09-19 02:35:47	2017-12-04 20:34:05.933157	f
771	kpizzieit@cmu.edu	$2b$10$deWlU8Lx2lkrqNuDsRRwDOble9V/f8NHCuv.XRlaAz8QkO.ZdzdKi	Karin	Pizzie	\N	80940	CO	4	719 749 5981	2017-04-09 14:20:52	2017-12-04 20:34:05.933521	f
772	lbraxtoniu@weebly.com	$2b$10$deWlU8Lx2lkrqNuDsRRwDOble9V/f8NHCuv.XRlaAz8QkO.ZdzdKi	Lilian	Braxton	\N	23213	VA	5	804 500 8441	2017-07-28 08:08:37	2017-12-04 20:34:05.93391	f
773	cchappeliv@hugedomains.com	$2b$10$deWlU8Lx2lkrqNuDsRRwDOble9V/f8NHCuv.XRlaAz8QkO.ZdzdKi	Chico	Chappel	\N	96845	HI	1	808 726 7725	2017-12-01 05:01:50	2017-12-04 20:34:05.934291	t
774	mmarquessiw@irs.gov	$2b$10$deWlU8Lx2lkrqNuDsRRwDOble9V/f8NHCuv.XRlaAz8QkO.ZdzdKi	Marge	Marquess	\N	80209	CO	3	303 715 7073	2017-02-01 21:20:20	2017-12-04 20:34:05.934668	f
775	rkieferix@wikia.com	$2b$10$deWlU8Lx2lkrqNuDsRRwDOble9V/f8NHCuv.XRlaAz8QkO.ZdzdKi	Ruy	Kiefer	\N	29905	SC	1	843 540 7045	2016-12-31 14:23:48	2017-12-04 20:34:05.935037	t
776	ihadlowiy@jugem.jp	$2b$10$deWlU8Lx2lkrqNuDsRRwDOble9V/f8NHCuv.XRlaAz8QkO.ZdzdKi	Ingaborg	Hadlow	\N	64082	MO	3	816 168 2123	2017-09-10 07:31:04	2017-12-04 20:34:05.935407	t
777	apittiz@yandex.ru	$2b$10$deWlU8Lx2lkrqNuDsRRwDOble9V/f8NHCuv.XRlaAz8QkO.ZdzdKi	Ardyce	Pitt	\N	28314	NC	2	910 763 8369	2017-06-03 07:51:53	2017-12-04 20:34:05.935784	t
778	dlecornuj0@reddit.com	$2b$10$deWlU8Lx2lkrqNuDsRRwDOble9V/f8NHCuv.XRlaAz8QkO.ZdzdKi	Davida	Le Cornu	\N	92519	CA	1	951 722 5708	2017-07-06 23:42:41	2017-12-04 20:34:05.936153	t
779	grobisonj1@creativecommons.org	$2b$10$deWlU8Lx2lkrqNuDsRRwDOble9V/f8NHCuv.XRlaAz8QkO.ZdzdKi	Georgina	Robison	\N	55598	MN	4	763 238 8559	2016-12-10 22:28:32	2017-12-04 20:34:05.936526	f
780	epotteridgej2@moonfruit.com	$2b$10$deWlU8Lx2lkrqNuDsRRwDOble9V/f8NHCuv.XRlaAz8QkO.ZdzdKi	Eadie	Potteridge	\N	10115	NY	2	212 740 4854	2017-06-22 19:47:15	2017-12-04 20:34:05.936902	t
781	eartisj3@meetup.com	$2b$10$deWlU8Lx2lkrqNuDsRRwDOble9V/f8NHCuv.XRlaAz8QkO.ZdzdKi	Elli	Artis	\N	48919	MI	3	517 759 6827	2017-01-01 02:56:54	2017-12-04 20:34:05.937283	t
782	alipscombj4@illinois.edu	$2b$10$deWlU8Lx2lkrqNuDsRRwDOble9V/f8NHCuv.XRlaAz8QkO.ZdzdKi	Annetta	Lipscomb	\N	28284	NC	1	704 922 2701	2016-12-05 14:18:45	2017-12-04 20:34:05.937655	f
783	vcopelloj5@addthis.com	$2b$10$deWlU8Lx2lkrqNuDsRRwDOble9V/f8NHCuv.XRlaAz8QkO.ZdzdKi	Valerie	Copello	\N	33345	FL	2	754 900 4989	2017-10-19 16:39:02	2017-12-04 20:34:05.938048	f
784	dpetticrewj6@unesco.org	$2b$10$deWlU8Lx2lkrqNuDsRRwDOble9V/f8NHCuv.XRlaAz8QkO.ZdzdKi	Davide	Petticrew	\N	62718	IL	3	217 167 1846	2016-12-27 08:06:16	2017-12-04 20:34:05.938417	f
785	lpalekj7@oakley.com	$2b$10$deWlU8Lx2lkrqNuDsRRwDOble9V/f8NHCuv.XRlaAz8QkO.ZdzdKi	Lian	Palek	\N	47712	IN	5	812 147 9126	2017-07-06 07:53:57	2017-12-04 20:34:05.938777	t
786	tkestevenj8@examiner.com	$2b$10$deWlU8Lx2lkrqNuDsRRwDOble9V/f8NHCuv.XRlaAz8QkO.ZdzdKi	Therine	Kesteven	\N	94110	CA	5	415 864 5791	2017-04-20 03:10:41	2017-12-04 20:34:05.939185	t
787	vdibiasioj9@bluehost.com	$2b$10$deWlU8Lx2lkrqNuDsRRwDOble9V/f8NHCuv.XRlaAz8QkO.ZdzdKi	Virgilio	Di Biasio	\N	21282	MD	2	410 766 0941	2017-10-15 02:42:44	2017-12-04 20:34:05.939572	t
788	slembckeja@weebly.com	$2b$10$deWlU8Lx2lkrqNuDsRRwDOble9V/f8NHCuv.XRlaAz8QkO.ZdzdKi	Selina	Lembcke	\N	45505	OH	5	937 351 7624	2017-08-13 07:02:18	2017-12-04 20:34:05.939945	t
789	bglasbyjb@ftc.gov	$2b$10$deWlU8Lx2lkrqNuDsRRwDOble9V/f8NHCuv.XRlaAz8QkO.ZdzdKi	Brand	Glasby	\N	80310	CO	1	303 259 6185	2017-01-05 10:53:14	2017-12-04 20:34:05.940317	t
790	ymcnaughtonjc@w3.org	$2b$10$deWlU8Lx2lkrqNuDsRRwDOble9V/f8NHCuv.XRlaAz8QkO.ZdzdKi	Yuma	McNaughton	\N	92645	CA	5	714 258 2306	2017-06-25 22:10:23	2017-12-04 20:34:05.94069	f
791	cquestejd@lulu.com	$2b$10$deWlU8Lx2lkrqNuDsRRwDOble9V/f8NHCuv.XRlaAz8QkO.ZdzdKi	Cad	Queste	\N	28225	NC	1	704 706 9193	2017-09-23 00:13:06	2017-12-04 20:34:05.941052	f
792	garpinoje@pinterest.com	$2b$10$deWlU8Lx2lkrqNuDsRRwDOble9V/f8NHCuv.XRlaAz8QkO.ZdzdKi	Galen	Arpino	\N	68197	NE	4	402 858 1155	2017-07-26 12:43:13	2017-12-04 20:34:05.941428	f
793	klafoyjf@wordpress.org	$2b$10$deWlU8Lx2lkrqNuDsRRwDOble9V/f8NHCuv.XRlaAz8QkO.ZdzdKi	Kakalina	Lafoy	\N	36104	AL	5	334 395 9421	2017-04-25 14:56:33	2017-12-04 20:34:05.941795	t
794	cteligajg@yelp.com	$2b$10$deWlU8Lx2lkrqNuDsRRwDOble9V/f8NHCuv.XRlaAz8QkO.ZdzdKi	Clea	Teliga	\N	46015	IN	4	765 304 2516	2017-09-19 22:52:35	2017-12-04 20:34:05.942174	f
795	aarzujh@upenn.edu	$2b$10$deWlU8Lx2lkrqNuDsRRwDOble9V/f8NHCuv.XRlaAz8QkO.ZdzdKi	Adi	Arzu	\N	66606	KS	3	785 473 8291	2017-09-05 21:14:48	2017-12-04 20:34:05.942539	t
796	jcleryji@oaic.gov.au	$2b$10$deWlU8Lx2lkrqNuDsRRwDOble9V/f8NHCuv.XRlaAz8QkO.ZdzdKi	Jodee	Clery	\N	76147	TX	2	817 501 3763	2017-11-27 03:34:56	2017-12-04 20:34:05.942906	t
797	mmorphetjj@so-net.ne.jp	$2b$10$deWlU8Lx2lkrqNuDsRRwDOble9V/f8NHCuv.XRlaAz8QkO.ZdzdKi	Mill	Morphet	\N	71166	LA	2	318 412 8751	2017-09-29 12:06:47	2017-12-04 20:34:05.943276	f
798	vculverhousejk@nifty.com	$2b$10$deWlU8Lx2lkrqNuDsRRwDOble9V/f8NHCuv.XRlaAz8QkO.ZdzdKi	Valery	Culverhouse	\N	01610	MA	3	774 496 7034	2017-03-27 02:54:42	2017-12-04 20:34:05.943649	f
799	pducejl@hhs.gov	$2b$10$deWlU8Lx2lkrqNuDsRRwDOble9V/f8NHCuv.XRlaAz8QkO.ZdzdKi	Perry	Duce	\N	43635	OH	1	419 287 1833	2017-04-22 01:15:25	2017-12-04 20:34:05.944019	t
800	hdavidovejm@nbcnews.com	$2b$10$deWlU8Lx2lkrqNuDsRRwDOble9V/f8NHCuv.XRlaAz8QkO.ZdzdKi	Herta	Davidove	\N	06538	CT	2	203 333 1841	2017-07-26 11:42:30	2017-12-04 20:34:05.944394	t
801	dmatzjn@histats.com	$2b$10$deWlU8Lx2lkrqNuDsRRwDOble9V/f8NHCuv.XRlaAz8QkO.ZdzdKi	Dion	Matz	\N	45505	OH	1	937 719 5433	2017-06-15 23:25:21	2017-12-04 20:34:05.944761	t
802	pdubockjo@rakuten.co.jp	$2b$10$deWlU8Lx2lkrqNuDsRRwDOble9V/f8NHCuv.XRlaAz8QkO.ZdzdKi	Philis	Dubock	\N	89436	NV	3	775 439 3473	2017-04-21 13:16:32	2017-12-04 20:34:05.945126	t
803	mbalthasarjp@twitter.com	$2b$10$deWlU8Lx2lkrqNuDsRRwDOble9V/f8NHCuv.XRlaAz8QkO.ZdzdKi	Meara	Balthasar	\N	78737	TX	1	512 744 4783	2017-02-10 05:45:26	2017-12-04 20:34:05.945492	f
804	ngeogheganjq@github.io	$2b$10$deWlU8Lx2lkrqNuDsRRwDOble9V/f8NHCuv.XRlaAz8QkO.ZdzdKi	Nina	Geoghegan	\N	40266	KY	2	502 562 5356	2017-08-02 06:06:41	2017-12-04 20:34:05.945883	f
805	aosipenkojr@rediff.com	$2b$10$deWlU8Lx2lkrqNuDsRRwDOble9V/f8NHCuv.XRlaAz8QkO.ZdzdKi	Artur	Osipenko	\N	33075	FL	5	754 368 5480	2017-08-03 21:23:03	2017-12-04 20:34:05.946261	f
806	rbiddelljs@smugmug.com	$2b$10$deWlU8Lx2lkrqNuDsRRwDOble9V/f8NHCuv.XRlaAz8QkO.ZdzdKi	Robinett	Biddell	\N	48901	MI	3	517 275 7557	2017-05-28 15:45:24	2017-12-04 20:34:05.946669	t
807	nwiltshirejt@shinystat.com	$2b$10$deWlU8Lx2lkrqNuDsRRwDOble9V/f8NHCuv.XRlaAz8QkO.ZdzdKi	Nissy	Wiltshire	\N	76796	TX	1	254 216 9887	2017-05-01 04:42:45	2017-12-04 20:34:05.947055	t
808	htiteju@hostgator.com	$2b$10$deWlU8Lx2lkrqNuDsRRwDOble9V/f8NHCuv.XRlaAz8QkO.ZdzdKi	Hughie	Tite	\N	23668	VA	5	757 733 7417	2017-10-16 20:24:11	2017-12-04 20:34:05.947436	f
809	otunesijv@nps.gov	$2b$10$deWlU8Lx2lkrqNuDsRRwDOble9V/f8NHCuv.XRlaAz8QkO.ZdzdKi	Orsa	Tunesi	\N	43656	OH	1	419 862 9862	2017-08-27 02:45:10	2017-12-04 20:34:05.947815	t
810	jtunnyjw@blog.com	$2b$10$deWlU8Lx2lkrqNuDsRRwDOble9V/f8NHCuv.XRlaAz8QkO.ZdzdKi	Josephina	Tunny	\N	75236	TX	2	214 129 8004	2017-05-07 02:59:47	2017-12-04 20:34:05.948186	f
811	lkewleyjx@scientificamerican.com	$2b$10$deWlU8Lx2lkrqNuDsRRwDOble9V/f8NHCuv.XRlaAz8QkO.ZdzdKi	Lucy	Kewley	\N	15255	PA	3	412 831 1437	2017-08-17 00:18:53	2017-12-04 20:34:05.948557	t
812	mcrawleyjy@mlb.com	$2b$10$deWlU8Lx2lkrqNuDsRRwDOble9V/f8NHCuv.XRlaAz8QkO.ZdzdKi	Myron	Crawley	\N	45454	OH	2	937 790 2842	2017-08-01 08:42:55	2017-12-04 20:34:05.948924	t
813	dbisterjz@etsy.com	$2b$10$deWlU8Lx2lkrqNuDsRRwDOble9V/f8NHCuv.XRlaAz8QkO.ZdzdKi	Daffie	Bister	\N	77255	TX	4	713 622 9900	2017-11-16 17:58:10	2017-12-04 20:34:05.949285	f
814	sglastonburyk0@ocn.ne.jp	$2b$10$deWlU8Lx2lkrqNuDsRRwDOble9V/f8NHCuv.XRlaAz8QkO.ZdzdKi	Sarette	Glastonbury	\N	33954	FL	3	941 972 3858	2017-10-19 11:21:02	2017-12-04 20:34:05.949652	t
815	nbirkwoodk1@google.co.jp	$2b$10$deWlU8Lx2lkrqNuDsRRwDOble9V/f8NHCuv.XRlaAz8QkO.ZdzdKi	Nolie	Birkwood	\N	19191	PA	1	215 482 9250	2017-03-31 07:34:49	2017-12-04 20:34:05.950047	t
816	igulyk2@columbia.edu	$2b$10$deWlU8Lx2lkrqNuDsRRwDOble9V/f8NHCuv.XRlaAz8QkO.ZdzdKi	Iggie	Guly	\N	71166	LA	1	318 955 2847	2016-12-17 02:59:57	2017-12-04 20:34:05.950422	t
817	dallanbyk3@mapquest.com	$2b$10$deWlU8Lx2lkrqNuDsRRwDOble9V/f8NHCuv.XRlaAz8QkO.ZdzdKi	Dud	Allanby	\N	55115	MN	1	952 187 5713	2017-09-29 12:32:03	2017-12-04 20:34:05.95079	t
818	bdarrellk4@blogger.com	$2b$10$deWlU8Lx2lkrqNuDsRRwDOble9V/f8NHCuv.XRlaAz8QkO.ZdzdKi	Burnard	Darrell	\N	19714	DE	1	302 488 2767	2016-12-13 10:11:08	2017-12-04 20:34:05.951165	t
819	rlloydk5@technorati.com	$2b$10$deWlU8Lx2lkrqNuDsRRwDOble9V/f8NHCuv.XRlaAz8QkO.ZdzdKi	Reiko	Lloyd	\N	78732	TX	3	512 507 5419	2017-10-04 19:25:55	2017-12-04 20:34:05.951529	t
820	bteazk6@netvibes.com	$2b$10$deWlU8Lx2lkrqNuDsRRwDOble9V/f8NHCuv.XRlaAz8QkO.ZdzdKi	Babara	Teaz	\N	25711	WV	2	304 830 2059	2017-03-09 20:50:50	2017-12-04 20:34:05.951897	f
821	cdovidiank7@tmall.com	$2b$10$deWlU8Lx2lkrqNuDsRRwDOble9V/f8NHCuv.XRlaAz8QkO.ZdzdKi	Concettina	Dovidian	\N	89714	NV	1	775 106 0905	2017-10-07 08:38:21	2017-12-04 20:34:05.952269	t
822	egymblettk8@com.com	$2b$10$deWlU8Lx2lkrqNuDsRRwDOble9V/f8NHCuv.XRlaAz8QkO.ZdzdKi	Enriqueta	Gymblett	\N	78710	TX	2	512 150 2233	2017-02-13 04:29:24	2017-12-04 20:34:05.952633	f
823	pconditk9@arizona.edu	$2b$10$deWlU8Lx2lkrqNuDsRRwDOble9V/f8NHCuv.XRlaAz8QkO.ZdzdKi	Padraig	Condit	\N	78426	TX	5	361 941 2769	2017-06-16 06:25:56	2017-12-04 20:34:05.953002	f
824	nburdyttka@phpbb.com	$2b$10$deWlU8Lx2lkrqNuDsRRwDOble9V/f8NHCuv.XRlaAz8QkO.ZdzdKi	Niall	Burdytt	\N	48919	MI	5	517 587 5846	2017-05-17 08:09:45	2017-12-04 20:34:05.953378	t
825	vmattheissenkb@weather.com	$2b$10$deWlU8Lx2lkrqNuDsRRwDOble9V/f8NHCuv.XRlaAz8QkO.ZdzdKi	Veriee	Mattheissen	\N	11247	NY	3	212 579 6532	2017-07-27 06:00:55	2017-12-04 20:34:05.953751	f
826	astinsonkc@linkedin.com	$2b$10$deWlU8Lx2lkrqNuDsRRwDOble9V/f8NHCuv.XRlaAz8QkO.ZdzdKi	Aubrey	Stinson	\N	20189	VA	5	571 942 4846	2017-08-05 18:00:23	2017-12-04 20:34:05.954143	t
827	fkeatonkd@java.com	$2b$10$deWlU8Lx2lkrqNuDsRRwDOble9V/f8NHCuv.XRlaAz8QkO.ZdzdKi	Felix	Keaton	\N	23220	VA	4	804 480 1884	2017-08-16 21:26:11	2017-12-04 20:34:05.954554	f
828	mashfoldke@chicagotribune.com	$2b$10$deWlU8Lx2lkrqNuDsRRwDOble9V/f8NHCuv.XRlaAz8QkO.ZdzdKi	Maressa	Ashfold	\N	31422	GA	1	912 116 3706	2017-09-30 16:39:04	2017-12-04 20:34:05.954941	t
829	lmathivatkf@yellowpages.com	$2b$10$deWlU8Lx2lkrqNuDsRRwDOble9V/f8NHCuv.XRlaAz8QkO.ZdzdKi	Linoel	Mathivat	\N	60567	IL	3	630 791 1945	2017-10-19 17:59:34	2017-12-04 20:34:05.955369	f
830	cedghinnkg@slideshare.net	$2b$10$deWlU8Lx2lkrqNuDsRRwDOble9V/f8NHCuv.XRlaAz8QkO.ZdzdKi	Catie	Edghinn	\N	75507	TX	1	903 109 6042	2017-03-12 10:04:25	2017-12-04 20:34:05.955747	t
831	bcontikh@miitbeian.gov.cn	$2b$10$deWlU8Lx2lkrqNuDsRRwDOble9V/f8NHCuv.XRlaAz8QkO.ZdzdKi	Barrie	Conti	\N	11499	NY	5	212 280 6994	2017-09-10 05:28:18	2017-12-04 20:34:05.956114	f
832	cstirleyki@csmonitor.com	$2b$10$deWlU8Lx2lkrqNuDsRRwDOble9V/f8NHCuv.XRlaAz8QkO.ZdzdKi	Cointon	Stirley	\N	76198	TX	4	682 245 2927	2017-08-14 20:41:23	2017-12-04 20:34:05.956487	f
833	lbonninkj@cocolog-nifty.com	$2b$10$deWlU8Lx2lkrqNuDsRRwDOble9V/f8NHCuv.XRlaAz8QkO.ZdzdKi	Lizzie	Bonnin	\N	37245	TN	1	615 605 6156	2017-12-03 16:47:00	2017-12-04 20:34:05.956862	t
834	gcorsekk@wordpress.com	$2b$10$deWlU8Lx2lkrqNuDsRRwDOble9V/f8NHCuv.XRlaAz8QkO.ZdzdKi	Gretchen	Corse	\N	87140	NM	5	505 428 2951	2017-03-12 08:21:42	2017-12-04 20:34:05.95724	t
835	cdarkinkl@sitemeter.com	$2b$10$deWlU8Lx2lkrqNuDsRRwDOble9V/f8NHCuv.XRlaAz8QkO.ZdzdKi	Cary	Darkin	\N	20566	DC	5	202 929 8445	2017-03-28 21:33:31	2017-12-04 20:34:05.957615	t
836	ihellierkm@ucoz.ru	$2b$10$deWlU8Lx2lkrqNuDsRRwDOble9V/f8NHCuv.XRlaAz8QkO.ZdzdKi	Ivie	Hellier	\N	78732	TX	2	512 956 4807	2017-07-03 01:31:35	2017-12-04 20:34:05.957998	t
837	jstrasekn@ihg.com	$2b$10$deWlU8Lx2lkrqNuDsRRwDOble9V/f8NHCuv.XRlaAz8QkO.ZdzdKi	Jeramey	Strase	\N	32825	FL	1	407 130 2631	2017-02-13 23:02:45	2017-12-04 20:34:05.95837	t
838	hkettowko@jalbum.net	$2b$10$deWlU8Lx2lkrqNuDsRRwDOble9V/f8NHCuv.XRlaAz8QkO.ZdzdKi	Henrieta	Kettow	\N	75062	TX	4	214 212 1909	2017-07-11 08:29:12	2017-12-04 20:34:05.95874	f
839	bmcginneykp@blogs.com	$2b$10$deWlU8Lx2lkrqNuDsRRwDOble9V/f8NHCuv.XRlaAz8QkO.ZdzdKi	Bradley	McGinney	\N	39236	MS	4	601 570 7603	2017-03-31 15:59:06	2017-12-04 20:34:05.959101	t
840	bmenicombkq@phoca.cz	$2b$10$deWlU8Lx2lkrqNuDsRRwDOble9V/f8NHCuv.XRlaAz8QkO.ZdzdKi	Benny	Menicomb	\N	60681	IL	5	312 764 3369	2017-01-10 00:40:20	2017-12-04 20:34:05.95947	f
841	srembrantkr@vkontakte.ru	$2b$10$deWlU8Lx2lkrqNuDsRRwDOble9V/f8NHCuv.XRlaAz8QkO.ZdzdKi	Symon	Rembrant	\N	62205	IL	2	618 411 4747	2017-07-31 04:19:31	2017-12-04 20:34:05.959838	f
842	pgoaksks@ucoz.ru	$2b$10$deWlU8Lx2lkrqNuDsRRwDOble9V/f8NHCuv.XRlaAz8QkO.ZdzdKi	Pyotr	Goaks	\N	48242	MI	3	734 264 0223	2016-12-18 07:19:11	2017-12-04 20:34:05.960202	f
843	ogoldupkt@mayoclinic.com	$2b$10$deWlU8Lx2lkrqNuDsRRwDOble9V/f8NHCuv.XRlaAz8QkO.ZdzdKi	Olivier	Goldup	\N	48604	MI	1	989 337 3886	2017-05-27 02:14:24	2017-12-04 20:34:05.960574	t
844	ebodegaku@hubpages.com	$2b$10$deWlU8Lx2lkrqNuDsRRwDOble9V/f8NHCuv.XRlaAz8QkO.ZdzdKi	Estrellita	Bodega	\N	30610	GA	3	706 411 1969	2017-10-19 19:21:48	2017-12-04 20:34:05.96095	f
845	ocramphornkv@infoseek.co.jp	$2b$10$deWlU8Lx2lkrqNuDsRRwDOble9V/f8NHCuv.XRlaAz8QkO.ZdzdKi	Otto	Cramphorn	\N	33196	FL	3	786 527 9263	2017-06-22 16:28:05	2017-12-04 20:34:05.961322	f
846	dfesslerkw@rakuten.co.jp	$2b$10$deWlU8Lx2lkrqNuDsRRwDOble9V/f8NHCuv.XRlaAz8QkO.ZdzdKi	Dunn	Fessler	\N	72215	AR	1	501 434 2121	2017-08-18 08:23:01	2017-12-04 20:34:05.961692	t
847	kbruffkx@free.fr	$2b$10$deWlU8Lx2lkrqNuDsRRwDOble9V/f8NHCuv.XRlaAz8QkO.ZdzdKi	Karia	Bruff	\N	38308	TN	5	731 393 7614	2017-10-11 10:55:15	2017-12-04 20:34:05.96209	t
848	jmeierky@1688.com	$2b$10$deWlU8Lx2lkrqNuDsRRwDOble9V/f8NHCuv.XRlaAz8QkO.ZdzdKi	Jo	Meier	\N	10024	NY	4	646 155 0045	2017-01-09 01:58:37	2017-12-04 20:34:05.962469	t
849	lroggemankz@ucla.edu	$2b$10$deWlU8Lx2lkrqNuDsRRwDOble9V/f8NHCuv.XRlaAz8QkO.ZdzdKi	Loy	Roggeman	\N	60609	IL	1	773 394 9147	2017-03-22 02:36:24	2017-12-04 20:34:05.962848	f
850	cthakel0@live.com	$2b$10$deWlU8Lx2lkrqNuDsRRwDOble9V/f8NHCuv.XRlaAz8QkO.ZdzdKi	Cammi	Thake	\N	32505	FL	5	850 826 0147	2017-07-05 03:40:55	2017-12-04 20:34:05.963212	t
851	rneedl1@xing.com	$2b$10$deWlU8Lx2lkrqNuDsRRwDOble9V/f8NHCuv.XRlaAz8QkO.ZdzdKi	Randie	Need	\N	51105	IA	4	712 943 3353	2017-03-05 01:12:57	2017-12-04 20:34:05.963581	f
852	kdoumerl2@prweb.com	$2b$10$deWlU8Lx2lkrqNuDsRRwDOble9V/f8NHCuv.XRlaAz8QkO.ZdzdKi	Katya	Doumer	\N	55417	MN	3	612 693 1262	2017-08-21 16:29:55	2017-12-04 20:34:05.963948	t
853	gcicchinellil3@myspace.com	$2b$10$deWlU8Lx2lkrqNuDsRRwDOble9V/f8NHCuv.XRlaAz8QkO.ZdzdKi	Guy	Cicchinelli	\N	49560	MI	1	616 821 0211	2017-03-04 14:46:39	2017-12-04 20:34:05.964322	f
854	aputtrelll4@wunderground.com	$2b$10$deWlU8Lx2lkrqNuDsRRwDOble9V/f8NHCuv.XRlaAz8QkO.ZdzdKi	Ailyn	Puttrell	\N	17622	PA	5	717 363 3428	2017-03-15 03:58:33	2017-12-04 20:34:05.964702	f
855	wmacteaguel5@yale.edu	$2b$10$deWlU8Lx2lkrqNuDsRRwDOble9V/f8NHCuv.XRlaAz8QkO.ZdzdKi	Way	MacTeague	\N	22093	VA	4	571 916 4244	2017-04-11 14:16:27	2017-12-04 20:34:05.965069	t
856	yvynardel6@slashdot.org	$2b$10$deWlU8Lx2lkrqNuDsRRwDOble9V/f8NHCuv.XRlaAz8QkO.ZdzdKi	Yalonda	Vynarde	\N	30351	GA	2	404 507 5092	2016-12-20 22:05:52	2017-12-04 20:34:05.965455	t
857	hbartruml7@google.com.br	$2b$10$deWlU8Lx2lkrqNuDsRRwDOble9V/f8NHCuv.XRlaAz8QkO.ZdzdKi	Hillary	Bartrum	\N	65105	MO	4	573 448 2665	2017-05-12 09:09:17	2017-12-04 20:34:05.965824	t
858	scaplenl8@hexun.com	$2b$10$deWlU8Lx2lkrqNuDsRRwDOble9V/f8NHCuv.XRlaAz8QkO.ZdzdKi	Shena	Caplen	\N	36205	AL	4	256 671 2282	2017-10-19 02:03:01	2017-12-04 20:34:05.966211	f
859	forpwoodl9@scribd.com	$2b$10$deWlU8Lx2lkrqNuDsRRwDOble9V/f8NHCuv.XRlaAz8QkO.ZdzdKi	Francisco	Orpwood	\N	99220	WA	5	509 160 4506	2017-09-22 14:18:14	2017-12-04 20:34:05.966582	f
860	sdeferrarisla@unc.edu	$2b$10$deWlU8Lx2lkrqNuDsRRwDOble9V/f8NHCuv.XRlaAz8QkO.ZdzdKi	Sharai	De Ferraris	\N	75062	TX	4	214 618 4291	2017-08-06 11:44:38	2017-12-04 20:34:05.966963	t
861	mhayenlb@google.de	$2b$10$deWlU8Lx2lkrqNuDsRRwDOble9V/f8NHCuv.XRlaAz8QkO.ZdzdKi	Mychal	Hayen	\N	89087	NV	1	702 994 9687	2017-01-03 23:05:33	2017-12-04 20:34:05.967336	t
862	tsertinlc@imdb.com	$2b$10$deWlU8Lx2lkrqNuDsRRwDOble9V/f8NHCuv.XRlaAz8QkO.ZdzdKi	Torrence	Sertin	\N	74184	OK	1	918 785 3670	2017-06-20 21:34:11	2017-12-04 20:34:05.967708	f
863	meckeryld@jalbum.net	$2b$10$deWlU8Lx2lkrqNuDsRRwDOble9V/f8NHCuv.XRlaAz8QkO.ZdzdKi	Mellisent	Eckery	\N	62794	IL	4	217 138 5901	2017-02-28 10:35:27	2017-12-04 20:34:05.968095	f
864	frobelinle@yolasite.com	$2b$10$deWlU8Lx2lkrqNuDsRRwDOble9V/f8NHCuv.XRlaAz8QkO.ZdzdKi	Farlie	Robelin	\N	78415	TX	2	361 675 1992	2017-08-04 09:39:12	2017-12-04 20:34:05.96847	f
865	edecourtlf@princeton.edu	$2b$10$deWlU8Lx2lkrqNuDsRRwDOble9V/f8NHCuv.XRlaAz8QkO.ZdzdKi	Elysha	Decourt	\N	29605	SC	1	864 630 1511	2017-12-01 19:22:15	2017-12-04 20:34:05.968839	f
866	mmeredythlg@smh.com.au	$2b$10$deWlU8Lx2lkrqNuDsRRwDOble9V/f8NHCuv.XRlaAz8QkO.ZdzdKi	Maddy	Meredyth	\N	37410	TN	2	423 330 4487	2017-02-13 04:58:09	2017-12-04 20:34:05.969204	t
867	cfarlowlh@globo.com	$2b$10$deWlU8Lx2lkrqNuDsRRwDOble9V/f8NHCuv.XRlaAz8QkO.ZdzdKi	Cord	Farlow	\N	10474	NY	4	718 155 1339	2017-01-04 11:08:25	2017-12-04 20:34:05.969572	f
868	afirpoli@washingtonpost.com	$2b$10$deWlU8Lx2lkrqNuDsRRwDOble9V/f8NHCuv.XRlaAz8QkO.ZdzdKi	Armstrong	Firpo	\N	33190	FL	5	305 867 1056	2017-05-11 23:23:37	2017-12-04 20:34:05.970004	t
869	ehierrolj@360.cn	$2b$10$deWlU8Lx2lkrqNuDsRRwDOble9V/f8NHCuv.XRlaAz8QkO.ZdzdKi	Ellswerth	Hierro	\N	32605	FL	2	352 174 1438	2017-06-15 04:56:52	2017-12-04 20:34:05.970384	f
870	cahrenlk@guardian.co.uk	$2b$10$deWlU8Lx2lkrqNuDsRRwDOble9V/f8NHCuv.XRlaAz8QkO.ZdzdKi	Calida	Ahren	\N	38197	TN	4	901 359 7289	2017-07-10 17:21:58	2017-12-04 20:34:05.970767	f
871	ehaggerll@mit.edu	$2b$10$deWlU8Lx2lkrqNuDsRRwDOble9V/f8NHCuv.XRlaAz8QkO.ZdzdKi	Emelita	Hagger	\N	01654	MA	3	508 606 9406	2017-04-02 11:33:35	2017-12-04 20:34:05.971141	t
872	lhindrichlm@npr.org	$2b$10$deWlU8Lx2lkrqNuDsRRwDOble9V/f8NHCuv.XRlaAz8QkO.ZdzdKi	Lowrance	Hindrich	\N	20205	DC	5	202 180 9397	2017-04-16 13:49:58	2017-12-04 20:34:05.971515	t
873	rtheunissenln@tinypic.com	$2b$10$deWlU8Lx2lkrqNuDsRRwDOble9V/f8NHCuv.XRlaAz8QkO.ZdzdKi	Richy	Theunissen	\N	79994	TX	4	915 646 9789	2017-08-05 19:25:20	2017-12-04 20:34:05.971883	f
874	acicconettilo@163.com	$2b$10$deWlU8Lx2lkrqNuDsRRwDOble9V/f8NHCuv.XRlaAz8QkO.ZdzdKi	Audrie	Cicconetti	\N	27635	NC	2	919 692 6058	2017-01-08 23:38:25	2017-12-04 20:34:05.972263	f
875	hspykingslp@booking.com	$2b$10$deWlU8Lx2lkrqNuDsRRwDOble9V/f8NHCuv.XRlaAz8QkO.ZdzdKi	Hughie	Spykings	\N	55905	MN	2	507 862 8086	2017-01-18 13:00:33	2017-12-04 20:34:05.972625	f
876	awaneklq@over-blog.com	$2b$10$deWlU8Lx2lkrqNuDsRRwDOble9V/f8NHCuv.XRlaAz8QkO.ZdzdKi	Adolphe	Wanek	\N	93778	CA	2	559 248 4364	2017-10-09 00:48:22	2017-12-04 20:34:05.972993	t
877	tdunstanlr@loc.gov	$2b$10$deWlU8Lx2lkrqNuDsRRwDOble9V/f8NHCuv.XRlaAz8QkO.ZdzdKi	Tressa	Dunstan	\N	90189	CA	3	213 623 6118	2017-03-02 03:43:09	2017-12-04 20:34:05.973371	t
878	croxburchls@weebly.com	$2b$10$deWlU8Lx2lkrqNuDsRRwDOble9V/f8NHCuv.XRlaAz8QkO.ZdzdKi	Chevy	Roxburch	\N	92121	CA	3	760 998 9796	2017-03-27 20:53:11	2017-12-04 20:34:05.973736	t
879	smessiterlt@squidoo.com	$2b$10$deWlU8Lx2lkrqNuDsRRwDOble9V/f8NHCuv.XRlaAz8QkO.ZdzdKi	Sloan	Messiter	\N	07208	NJ	1	908 532 5148	2017-06-16 08:01:24	2017-12-04 20:34:05.974112	t
880	cbesnardeaulu@google.es	$2b$10$deWlU8Lx2lkrqNuDsRRwDOble9V/f8NHCuv.XRlaAz8QkO.ZdzdKi	Cherrita	Besnardeau	\N	90040	CA	1	323 896 1256	2017-06-07 09:55:10	2017-12-04 20:34:05.97449	t
881	awatfordlv@slideshare.net	$2b$10$deWlU8Lx2lkrqNuDsRRwDOble9V/f8NHCuv.XRlaAz8QkO.ZdzdKi	Abner	Watford	\N	55446	MN	2	952 855 1799	2017-03-02 22:16:20	2017-12-04 20:34:05.974856	f
882	mdolelw@imageshack.us	$2b$10$deWlU8Lx2lkrqNuDsRRwDOble9V/f8NHCuv.XRlaAz8QkO.ZdzdKi	Manda	Dole	\N	45254	OH	5	513 404 9207	2017-08-04 04:18:54	2017-12-04 20:34:05.975235	f
883	ghallslx@imageshack.us	$2b$10$deWlU8Lx2lkrqNuDsRRwDOble9V/f8NHCuv.XRlaAz8QkO.ZdzdKi	Gaye	Halls	\N	37665	TN	5	423 781 5408	2017-09-12 22:29:00	2017-12-04 20:34:05.975601	f
884	bmitchellly@who.int	$2b$10$deWlU8Lx2lkrqNuDsRRwDOble9V/f8NHCuv.XRlaAz8QkO.ZdzdKi	Boote	Mitchell	\N	74126	OK	2	918 399 4252	2017-10-02 22:36:48	2017-12-04 20:34:05.97596	t
885	llabblz@netvibes.com	$2b$10$deWlU8Lx2lkrqNuDsRRwDOble9V/f8NHCuv.XRlaAz8QkO.ZdzdKi	Lovell	Labb	\N	65805	MO	5	417 194 3548	2017-04-04 22:31:24	2017-12-04 20:34:05.97633	t
886	prowettm0@eventbrite.com	$2b$10$deWlU8Lx2lkrqNuDsRRwDOble9V/f8NHCuv.XRlaAz8QkO.ZdzdKi	Putnam	Rowett	\N	79928	TX	3	915 262 2783	2017-06-11 02:54:09	2017-12-04 20:34:05.976698	f
887	hpeddowem1@narod.ru	$2b$10$deWlU8Lx2lkrqNuDsRRwDOble9V/f8NHCuv.XRlaAz8QkO.ZdzdKi	Henrik	Peddowe	\N	80310	CO	3	303 430 0958	2017-03-20 17:50:28	2017-12-04 20:34:05.977074	t
888	gsholemm2@privacy.gov.au	$2b$10$deWlU8Lx2lkrqNuDsRRwDOble9V/f8NHCuv.XRlaAz8QkO.ZdzdKi	Glad	Sholem	\N	47905	IN	4	765 170 6585	2016-12-28 05:27:34	2017-12-04 20:34:05.977445	f
889	wabrahmm3@usa.gov	$2b$10$deWlU8Lx2lkrqNuDsRRwDOble9V/f8NHCuv.XRlaAz8QkO.ZdzdKi	Will	Abrahm	\N	85732	AZ	3	520 672 9098	2017-07-03 19:53:38	2017-12-04 20:34:05.977817	f
890	dricciardom4@newyorker.com	$2b$10$deWlU8Lx2lkrqNuDsRRwDOble9V/f8NHCuv.XRlaAz8QkO.ZdzdKi	Daniela	Ricciardo	\N	20508	DC	2	202 523 5948	2017-01-12 00:35:49	2017-12-04 20:34:05.9782	f
891	rmcreynoldsm5@hp.com	$2b$10$deWlU8Lx2lkrqNuDsRRwDOble9V/f8NHCuv.XRlaAz8QkO.ZdzdKi	Robby	McReynolds	\N	97306	OR	1	503 338 2296	2017-11-30 01:41:25	2017-12-04 20:34:05.978578	f
892	cpounsettm6@wordpress.com	$2b$10$deWlU8Lx2lkrqNuDsRRwDOble9V/f8NHCuv.XRlaAz8QkO.ZdzdKi	Clarke	Pounsett	\N	77218	TX	3	713 846 6818	2017-11-27 05:34:05	2017-12-04 20:34:05.978957	t
893	ddurrantm7@cpanel.net	$2b$10$deWlU8Lx2lkrqNuDsRRwDOble9V/f8NHCuv.XRlaAz8QkO.ZdzdKi	Davis	Durrant	\N	31605	GA	2	229 801 8879	2017-02-24 11:02:12	2017-12-04 20:34:05.979322	f
894	ajacobsenm8@epa.gov	$2b$10$deWlU8Lx2lkrqNuDsRRwDOble9V/f8NHCuv.XRlaAz8QkO.ZdzdKi	Addie	Jacobsen	\N	45454	OH	2	937 908 0536	2017-04-12 18:15:44	2017-12-04 20:34:05.979684	t
895	kcuttlerm9@usnews.com	$2b$10$deWlU8Lx2lkrqNuDsRRwDOble9V/f8NHCuv.XRlaAz8QkO.ZdzdKi	Karrie	Cuttler	\N	74108	OK	3	918 955 5854	2017-06-23 20:33:05	2017-12-04 20:34:05.980053	f
896	amckennyma@blogspot.com	$2b$10$deWlU8Lx2lkrqNuDsRRwDOble9V/f8NHCuv.XRlaAz8QkO.ZdzdKi	Alonso	McKenny	\N	32118	FL	1	386 553 9623	2017-01-26 17:39:33	2017-12-04 20:34:05.980419	t
897	dmccauleymb@histats.com	$2b$10$deWlU8Lx2lkrqNuDsRRwDOble9V/f8NHCuv.XRlaAz8QkO.ZdzdKi	Daveta	McCauley	\N	28272	NC	2	704 781 1098	2017-09-14 19:35:35	2017-12-04 20:34:05.98079	t
898	gkixmc@ftc.gov	$2b$10$deWlU8Lx2lkrqNuDsRRwDOble9V/f8NHCuv.XRlaAz8QkO.ZdzdKi	Gwendolen	Kix	\N	95205	CA	1	209 116 8882	2017-08-26 12:44:28	2017-12-04 20:34:05.981165	t
899	hfairesmd@hubpages.com	$2b$10$deWlU8Lx2lkrqNuDsRRwDOble9V/f8NHCuv.XRlaAz8QkO.ZdzdKi	Hynda	Faires	\N	91125	CA	2	626 534 6943	2017-02-16 07:36:54	2017-12-04 20:34:05.98153	f
900	mhalvorsenme@auda.org.au	$2b$10$deWlU8Lx2lkrqNuDsRRwDOble9V/f8NHCuv.XRlaAz8QkO.ZdzdKi	Myranda	Halvorsen	\N	02142	MA	2	781 854 0701	2017-08-24 09:25:09	2017-12-04 20:34:05.981913	t
901	lbinesteadmf@rakuten.co.jp	$2b$10$deWlU8Lx2lkrqNuDsRRwDOble9V/f8NHCuv.XRlaAz8QkO.ZdzdKi	Leona	Binestead	\N	70616	LA	3	337 957 2101	2017-10-10 09:08:49	2017-12-04 20:34:05.982288	t
902	boffnermg@bing.com	$2b$10$deWlU8Lx2lkrqNuDsRRwDOble9V/f8NHCuv.XRlaAz8QkO.ZdzdKi	Brendon	Offner	\N	60669	IL	4	312 538 2199	2017-03-03 14:43:53	2017-12-04 20:34:05.982654	t
903	khansillmh@wsj.com	$2b$10$deWlU8Lx2lkrqNuDsRRwDOble9V/f8NHCuv.XRlaAz8QkO.ZdzdKi	Kilian	Hansill	\N	95833	CA	1	530 239 2601	2016-12-22 13:33:03	2017-12-04 20:34:05.983013	f
904	kedrichmi@quantcast.com	$2b$10$deWlU8Lx2lkrqNuDsRRwDOble9V/f8NHCuv.XRlaAz8QkO.ZdzdKi	Karlotte	Edrich	\N	62794	IL	5	217 237 9046	2017-11-15 03:42:45	2017-12-04 20:34:05.983382	f
905	gcindereymj@google.it	$2b$10$deWlU8Lx2lkrqNuDsRRwDOble9V/f8NHCuv.XRlaAz8QkO.ZdzdKi	Gardy	Cinderey	\N	29225	SC	4	803 787 7238	2017-06-14 11:10:22	2017-12-04 20:34:05.98375	f
906	rpfeiffermk@usa.gov	$2b$10$deWlU8Lx2lkrqNuDsRRwDOble9V/f8NHCuv.XRlaAz8QkO.ZdzdKi	Raye	Pfeiffer	\N	97206	OR	4	503 921 7750	2017-03-19 17:52:02	2017-12-04 20:34:05.984121	t
907	dvynollml@arstechnica.com	$2b$10$deWlU8Lx2lkrqNuDsRRwDOble9V/f8NHCuv.XRlaAz8QkO.ZdzdKi	Diana	Vynoll	\N	53726	WI	2	608 609 2531	2017-08-13 06:34:39	2017-12-04 20:34:05.984498	f
908	nmacallastermm@ucla.edu	$2b$10$deWlU8Lx2lkrqNuDsRRwDOble9V/f8NHCuv.XRlaAz8QkO.ZdzdKi	Nerti	MacAllaster	\N	89550	NV	1	775 995 7820	2017-09-26 07:17:41	2017-12-04 20:34:05.984869	f
909	bdarnboroughmn@mashable.com	$2b$10$deWlU8Lx2lkrqNuDsRRwDOble9V/f8NHCuv.XRlaAz8QkO.ZdzdKi	Bruis	Darnborough	\N	94064	CA	4	650 355 3534	2017-08-13 18:55:29	2017-12-04 20:34:05.985273	f
910	emacpadenmo@abc.net.au	$2b$10$deWlU8Lx2lkrqNuDsRRwDOble9V/f8NHCuv.XRlaAz8QkO.ZdzdKi	Evangelia	MacPaden	\N	94280	CA	4	916 526 7935	2017-08-11 06:14:34	2017-12-04 20:34:05.985646	t
911	fcarnowmp@dell.com	$2b$10$deWlU8Lx2lkrqNuDsRRwDOble9V/f8NHCuv.XRlaAz8QkO.ZdzdKi	Freddie	Carnow	\N	24020	VA	1	540 707 5719	2017-06-30 17:23:10	2017-12-04 20:34:05.986044	f
912	raxworthymq@istockphoto.com	$2b$10$deWlU8Lx2lkrqNuDsRRwDOble9V/f8NHCuv.XRlaAz8QkO.ZdzdKi	Rhoda	Axworthy	\N	66210	KS	4	913 219 0188	2017-02-25 18:08:54	2017-12-04 20:34:05.986417	f
913	dmccullymr@xrea.com	$2b$10$deWlU8Lx2lkrqNuDsRRwDOble9V/f8NHCuv.XRlaAz8QkO.ZdzdKi	Domenico	McCully	\N	19172	PA	5	215 500 3793	2017-08-26 22:30:07	2017-12-04 20:34:05.986781	t
914	dphillpsms@purevolume.com	$2b$10$deWlU8Lx2lkrqNuDsRRwDOble9V/f8NHCuv.XRlaAz8QkO.ZdzdKi	Dean	Phillps	\N	80525	CO	4	970 969 4059	2017-09-09 18:12:55	2017-12-04 20:34:05.98715	f
915	lgoaksmt@t-online.de	$2b$10$deWlU8Lx2lkrqNuDsRRwDOble9V/f8NHCuv.XRlaAz8QkO.ZdzdKi	Liza	Goaks	\N	24004	VA	3	540 272 4167	2017-08-26 04:34:50	2017-12-04 20:34:05.987513	f
916	lbiasionimu@quantcast.com	$2b$10$deWlU8Lx2lkrqNuDsRRwDOble9V/f8NHCuv.XRlaAz8QkO.ZdzdKi	Leone	Biasioni	\N	47905	IN	1	765 584 9953	2016-12-06 00:28:13	2017-12-04 20:34:05.987887	t
917	caspinwallmv@youtube.com	$2b$10$deWlU8Lx2lkrqNuDsRRwDOble9V/f8NHCuv.XRlaAz8QkO.ZdzdKi	Codie	Aspinwall	\N	79176	TX	5	806 560 7790	2017-01-07 17:14:03	2017-12-04 20:34:05.988262	f
918	cscroobymw@scribd.com	$2b$10$deWlU8Lx2lkrqNuDsRRwDOble9V/f8NHCuv.XRlaAz8QkO.ZdzdKi	Charlie	Scrooby	\N	39305	MS	4	601 288 5807	2017-04-23 09:10:29	2017-12-04 20:34:05.988636	f
919	losanmx@wordpress.com	$2b$10$deWlU8Lx2lkrqNuDsRRwDOble9V/f8NHCuv.XRlaAz8QkO.ZdzdKi	Lars	Osan	\N	33075	FL	5	754 317 1769	2017-04-10 22:22:54	2017-12-04 20:34:05.989009	t
920	sbabbsmy@unc.edu	$2b$10$deWlU8Lx2lkrqNuDsRRwDOble9V/f8NHCuv.XRlaAz8QkO.ZdzdKi	Stanton	Babbs	\N	32309	FL	2	850 294 8873	2017-09-10 20:58:35	2017-12-04 20:34:05.989382	t
921	mhalahanmz@constantcontact.com	$2b$10$deWlU8Lx2lkrqNuDsRRwDOble9V/f8NHCuv.XRlaAz8QkO.ZdzdKi	Molly	Halahan	\N	20892	MD	1	301 659 8197	2017-02-20 18:54:11	2017-12-04 20:34:05.989743	t
922	csturen0@hhs.gov	$2b$10$deWlU8Lx2lkrqNuDsRRwDOble9V/f8NHCuv.XRlaAz8QkO.ZdzdKi	Cherin	Sture	\N	84105	UT	1	801 263 3209	2017-08-23 12:07:02	2017-12-04 20:34:05.990124	f
923	dingern1@imdb.com	$2b$10$deWlU8Lx2lkrqNuDsRRwDOble9V/f8NHCuv.XRlaAz8QkO.ZdzdKi	Daron	Inger	\N	25709	WV	4	304 474 5874	2017-11-21 05:44:14	2017-12-04 20:34:05.990496	f
924	vlitherlandn2@prnewswire.com	$2b$10$deWlU8Lx2lkrqNuDsRRwDOble9V/f8NHCuv.XRlaAz8QkO.ZdzdKi	Vassily	Litherland	\N	46226	IN	1	317 955 7772	2017-03-03 14:21:33	2017-12-04 20:34:05.990868	f
925	rrzehorzn3@miitbeian.gov.cn	$2b$10$deWlU8Lx2lkrqNuDsRRwDOble9V/f8NHCuv.XRlaAz8QkO.ZdzdKi	Ralina	Rzehorz	\N	85215	AZ	4	480 384 1424	2017-10-27 16:33:19	2017-12-04 20:34:05.991234	t
926	mkilbournen4@bing.com	$2b$10$deWlU8Lx2lkrqNuDsRRwDOble9V/f8NHCuv.XRlaAz8QkO.ZdzdKi	Morlee	Kilbourne	\N	30033	GA	4	678 532 1156	2017-05-21 04:52:24	2017-12-04 20:34:05.991601	t
927	sbanaszczykn5@jugem.jp	$2b$10$deWlU8Lx2lkrqNuDsRRwDOble9V/f8NHCuv.XRlaAz8QkO.ZdzdKi	Steffane	Banaszczyk	\N	32230	FL	1	904 476 9753	2017-10-14 20:31:27	2017-12-04 20:34:05.991971	t
928	pmuttern6@hugedomains.com	$2b$10$deWlU8Lx2lkrqNuDsRRwDOble9V/f8NHCuv.XRlaAz8QkO.ZdzdKi	Penn	Mutter	\N	74156	OK	4	918 488 5094	2017-08-23 17:37:21	2017-12-04 20:34:05.992335	f
929	kannonn7@elpais.com	$2b$10$deWlU8Lx2lkrqNuDsRRwDOble9V/f8NHCuv.XRlaAz8QkO.ZdzdKi	Karrah	Annon	\N	20210	DC	3	202 387 8795	2017-05-29 16:32:51	2017-12-04 20:34:05.992705	f
930	htwelftreen8@amazon.com	$2b$10$deWlU8Lx2lkrqNuDsRRwDOble9V/f8NHCuv.XRlaAz8QkO.ZdzdKi	Hernando	Twelftree	\N	30045	GA	3	404 344 3243	2017-10-27 07:50:03	2017-12-04 20:34:05.993068	f
931	mivanchinn9@networkadvertising.org	$2b$10$deWlU8Lx2lkrqNuDsRRwDOble9V/f8NHCuv.XRlaAz8QkO.ZdzdKi	Menard	Ivanchin	\N	74133	OK	4	918 449 4884	2017-08-10 00:09:17	2017-12-04 20:34:05.993435	f
932	pschollarna@sfgate.com	$2b$10$deWlU8Lx2lkrqNuDsRRwDOble9V/f8NHCuv.XRlaAz8QkO.ZdzdKi	Pooh	Schollar	\N	70820	LA	1	225 382 2820	2017-11-17 17:27:00	2017-12-04 20:34:05.993799	f
933	cbartelsnb@dion.ne.jp	$2b$10$deWlU8Lx2lkrqNuDsRRwDOble9V/f8NHCuv.XRlaAz8QkO.ZdzdKi	Cary	Bartels	\N	80945	CO	2	719 156 9161	2017-01-25 08:43:35	2017-12-04 20:34:05.994186	t
934	mpattlenc@uol.com.br	$2b$10$deWlU8Lx2lkrqNuDsRRwDOble9V/f8NHCuv.XRlaAz8QkO.ZdzdKi	Morty	Pattle	\N	94042	CA	2	650 223 4254	2017-04-29 15:24:03	2017-12-04 20:34:05.994564	t
935	bdietschend@google.com.hk	$2b$10$deWlU8Lx2lkrqNuDsRRwDOble9V/f8NHCuv.XRlaAz8QkO.ZdzdKi	Britt	Dietsche	\N	75310	TX	1	214 153 0384	2017-02-16 23:51:08	2017-12-04 20:34:05.99494	f
936	roculliganne@google.com.au	$2b$10$deWlU8Lx2lkrqNuDsRRwDOble9V/f8NHCuv.XRlaAz8QkO.ZdzdKi	Rae	O' Culligan	\N	45223	OH	1	513 849 1588	2016-12-13 04:37:09	2017-12-04 20:34:05.995311	f
937	vwalickinf@time.com	$2b$10$deWlU8Lx2lkrqNuDsRRwDOble9V/f8NHCuv.XRlaAz8QkO.ZdzdKi	Veronike	Walicki	\N	32314	FL	2	850 873 5338	2017-03-15 06:45:21	2017-12-04 20:34:05.99568	t
938	moldacresng@deliciousdays.com	$2b$10$deWlU8Lx2lkrqNuDsRRwDOble9V/f8NHCuv.XRlaAz8QkO.ZdzdKi	Markus	Oldacres	\N	75205	TX	5	972 376 4557	2017-10-26 12:56:59	2017-12-04 20:34:05.996048	t
939	bjagginh@vistaprint.com	$2b$10$deWlU8Lx2lkrqNuDsRRwDOble9V/f8NHCuv.XRlaAz8QkO.ZdzdKi	Benjamen	Jaggi	\N	57105	SD	2	605 474 9915	2016-12-27 23:20:58	2017-12-04 20:34:05.996411	t
940	lsimeonni@wordpress.org	$2b$10$deWlU8Lx2lkrqNuDsRRwDOble9V/f8NHCuv.XRlaAz8QkO.ZdzdKi	Leta	Simeon	\N	10034	NY	4	917 892 1258	2017-06-27 22:54:36	2017-12-04 20:34:05.996782	f
941	jweskernj@mozilla.com	$2b$10$deWlU8Lx2lkrqNuDsRRwDOble9V/f8NHCuv.XRlaAz8QkO.ZdzdKi	Joshuah	Wesker	\N	35805	AL	4	256 877 1665	2017-10-04 12:50:38	2017-12-04 20:34:05.997144	f
942	cbillsberrynk@php.net	$2b$10$deWlU8Lx2lkrqNuDsRRwDOble9V/f8NHCuv.XRlaAz8QkO.ZdzdKi	Claiborn	Billsberry	\N	78285	TX	5	210 631 6036	2017-05-23 16:07:32	2017-12-04 20:34:05.997514	f
943	dyannnl@youtu.be	$2b$10$deWlU8Lx2lkrqNuDsRRwDOble9V/f8NHCuv.XRlaAz8QkO.ZdzdKi	Delia	Yann	\N	50936	IA	5	515 860 4742	2017-04-28 05:14:21	2017-12-04 20:34:05.99791	f
944	obroscheknm@vimeo.com	$2b$10$deWlU8Lx2lkrqNuDsRRwDOble9V/f8NHCuv.XRlaAz8QkO.ZdzdKi	Orion	Broschek	\N	40287	KY	4	502 907 3283	2017-03-18 20:20:19	2017-12-04 20:34:05.998291	t
945	rbrixeynn@nymag.com	$2b$10$deWlU8Lx2lkrqNuDsRRwDOble9V/f8NHCuv.XRlaAz8QkO.ZdzdKi	Rosmunda	Brixey	\N	50981	IA	1	515 556 7403	2017-03-23 11:45:12	2017-12-04 20:34:05.998661	f
946	apanchinno@live.com	$2b$10$deWlU8Lx2lkrqNuDsRRwDOble9V/f8NHCuv.XRlaAz8QkO.ZdzdKi	Archibaldo	Panchin	\N	13251	NY	1	315 276 4887	2017-09-26 03:00:31	2017-12-04 20:34:05.999029	t
947	vallardnp@utexas.edu	$2b$10$deWlU8Lx2lkrqNuDsRRwDOble9V/f8NHCuv.XRlaAz8QkO.ZdzdKi	Violet	Allard	\N	10115	NY	1	212 749 6239	2017-11-13 01:51:36	2017-12-04 20:34:05.999402	t
948	lfolbiggnq@upenn.edu	$2b$10$deWlU8Lx2lkrqNuDsRRwDOble9V/f8NHCuv.XRlaAz8QkO.ZdzdKi	Loralie	Folbigg	\N	99220	WA	1	509 732 3623	2017-02-14 17:06:13	2017-12-04 20:34:05.999771	f
949	bhasternr@icq.com	$2b$10$deWlU8Lx2lkrqNuDsRRwDOble9V/f8NHCuv.XRlaAz8QkO.ZdzdKi	Boniface	Haster	\N	32605	FL	5	352 703 2443	2017-06-15 00:36:21	2017-12-04 20:34:06.00018	t
950	bferrinons@ted.com	$2b$10$deWlU8Lx2lkrqNuDsRRwDOble9V/f8NHCuv.XRlaAz8QkO.ZdzdKi	Breanne	Ferrino	\N	80005	CO	5	720 102 6114	2017-05-25 08:46:40	2017-12-04 20:34:06.000551	f
951	ivassanont@prnewswire.com	$2b$10$deWlU8Lx2lkrqNuDsRRwDOble9V/f8NHCuv.XRlaAz8QkO.ZdzdKi	Ignatius	Vassano	\N	27717	NC	3	919 718 0182	2017-05-26 22:44:48	2017-12-04 20:34:06.000923	t
952	lfiggenu@indiatimes.com	$2b$10$deWlU8Lx2lkrqNuDsRRwDOble9V/f8NHCuv.XRlaAz8QkO.ZdzdKi	Latisha	Figge	\N	12247	NY	2	518 132 7064	2017-06-28 11:13:10	2017-12-04 20:34:06.001294	f
953	ghalfacreenv@meetup.com	$2b$10$deWlU8Lx2lkrqNuDsRRwDOble9V/f8NHCuv.XRlaAz8QkO.ZdzdKi	Garrett	Halfacree	\N	95150	CA	3	408 205 9400	2017-09-26 18:40:16	2017-12-04 20:34:06.001667	t
954	lharkusnw@canalblog.com	$2b$10$deWlU8Lx2lkrqNuDsRRwDOble9V/f8NHCuv.XRlaAz8QkO.ZdzdKi	Lisle	Harkus	\N	15205	PA	4	724 831 1220	2017-08-21 06:37:15	2017-12-04 20:34:06.002059	f
955	bandreopolosnx@geocities.jp	$2b$10$deWlU8Lx2lkrqNuDsRRwDOble9V/f8NHCuv.XRlaAz8QkO.ZdzdKi	Benjy	Andreopolos	\N	64144	MO	5	816 569 1382	2017-03-17 05:10:46	2017-12-04 20:34:06.00244	f
956	dtheyerny@washingtonpost.com	$2b$10$deWlU8Lx2lkrqNuDsRRwDOble9V/f8NHCuv.XRlaAz8QkO.ZdzdKi	Daryl	Theyer	\N	06183	CT	4	860 205 3382	2017-10-11 01:58:32	2017-12-04 20:34:06.002808	t
957	sgrollnz@exblog.jp	$2b$10$deWlU8Lx2lkrqNuDsRRwDOble9V/f8NHCuv.XRlaAz8QkO.ZdzdKi	Simona	Groll	\N	87110	NM	5	505 622 5469	2017-02-07 06:00:43	2017-12-04 20:34:06.003187	t
958	rrushmereo0@bbb.org	$2b$10$deWlU8Lx2lkrqNuDsRRwDOble9V/f8NHCuv.XRlaAz8QkO.ZdzdKi	Ralf	Rushmere	\N	93794	CA	2	559 971 1070	2017-07-04 02:17:27	2017-12-04 20:34:06.003561	f
959	cfayo1@admin.ch	$2b$10$deWlU8Lx2lkrqNuDsRRwDOble9V/f8NHCuv.XRlaAz8QkO.ZdzdKi	Cele	Fay	\N	23289	VA	1	804 289 1341	2017-05-16 19:18:58	2017-12-04 20:34:06.00392	t
960	tcaukillo2@ow.ly	$2b$10$deWlU8Lx2lkrqNuDsRRwDOble9V/f8NHCuv.XRlaAz8QkO.ZdzdKi	Terencio	Caukill	\N	19495	PA	4	484 717 0602	2017-04-17 15:17:40	2017-12-04 20:34:06.004293	f
961	kheggo3@senate.gov	$2b$10$deWlU8Lx2lkrqNuDsRRwDOble9V/f8NHCuv.XRlaAz8QkO.ZdzdKi	Kristel	Hegg	\N	10155	NY	1	917 570 2970	2017-04-27 08:12:43	2017-12-04 20:34:06.004672	f
962	jmcgingo4@dmoz.org	$2b$10$deWlU8Lx2lkrqNuDsRRwDOble9V/f8NHCuv.XRlaAz8QkO.ZdzdKi	Jeanna	McGing	\N	10633	NY	4	914 265 0512	2017-05-01 02:29:52	2017-12-04 20:34:06.005049	f
963	mscoffinso5@loc.gov	$2b$10$deWlU8Lx2lkrqNuDsRRwDOble9V/f8NHCuv.XRlaAz8QkO.ZdzdKi	Melisse	Scoffins	\N	91210	CA	3	818 527 6397	2017-04-08 15:51:09	2017-12-04 20:34:06.005426	f
964	mcomfordo6@wordpress.org	$2b$10$deWlU8Lx2lkrqNuDsRRwDOble9V/f8NHCuv.XRlaAz8QkO.ZdzdKi	Myra	Comford	\N	11225	NY	4	718 419 7088	2017-11-09 00:56:34	2017-12-04 20:34:06.005796	f
965	lstonestreeto7@shareasale.com	$2b$10$deWlU8Lx2lkrqNuDsRRwDOble9V/f8NHCuv.XRlaAz8QkO.ZdzdKi	Lionello	Stonestreet	\N	34949	FL	1	772 153 9164	2017-05-08 06:39:06	2017-12-04 20:34:06.006186	t
966	llikelyo8@plala.or.jp	$2b$10$deWlU8Lx2lkrqNuDsRRwDOble9V/f8NHCuv.XRlaAz8QkO.ZdzdKi	Lorie	Likely	\N	99522	AK	4	907 644 1312	2017-01-06 12:52:41	2017-12-04 20:34:06.006552	t
967	mprivetto9@wp.com	$2b$10$deWlU8Lx2lkrqNuDsRRwDOble9V/f8NHCuv.XRlaAz8QkO.ZdzdKi	Merci	Privett	\N	37215	TN	3	615 800 6805	2017-07-20 11:39:50	2017-12-04 20:34:06.006914	t
968	trockcliffoa@drupal.org	$2b$10$deWlU8Lx2lkrqNuDsRRwDOble9V/f8NHCuv.XRlaAz8QkO.ZdzdKi	Tammara	Rockcliff	\N	78255	TX	4	210 323 2029	2017-10-01 11:47:45	2017-12-04 20:34:06.007275	t
969	rianilliob@about.me	$2b$10$deWlU8Lx2lkrqNuDsRRwDOble9V/f8NHCuv.XRlaAz8QkO.ZdzdKi	Rosana	Ianilli	\N	77065	TX	4	281 179 9146	2016-12-29 00:06:37	2017-12-04 20:34:06.007648	f
970	qriolfooc@senate.gov	$2b$10$deWlU8Lx2lkrqNuDsRRwDOble9V/f8NHCuv.XRlaAz8QkO.ZdzdKi	Quintus	Riolfo	\N	32526	FL	2	850 904 4832	2017-11-14 19:52:18	2017-12-04 20:34:06.008027	f
971	aclemmensod@ucsd.edu	$2b$10$deWlU8Lx2lkrqNuDsRRwDOble9V/f8NHCuv.XRlaAz8QkO.ZdzdKi	Aviva	Clemmens	\N	48267	MI	1	313 248 3770	2016-12-21 08:53:56	2017-12-04 20:34:06.008392	f
972	cellisonoe@scribd.com	$2b$10$deWlU8Lx2lkrqNuDsRRwDOble9V/f8NHCuv.XRlaAz8QkO.ZdzdKi	Conroy	Ellison	\N	92196	CA	3	619 605 8121	2017-02-12 09:20:42	2017-12-04 20:34:06.008764	t
973	lebunoluwaof@taobao.com	$2b$10$deWlU8Lx2lkrqNuDsRRwDOble9V/f8NHCuv.XRlaAz8QkO.ZdzdKi	Lacee	Ebunoluwa	\N	92867	CA	3	714 397 6682	2017-01-02 19:13:31	2017-12-04 20:34:06.009124	f
974	mdalessandroog@google.it	$2b$10$deWlU8Lx2lkrqNuDsRRwDOble9V/f8NHCuv.XRlaAz8QkO.ZdzdKi	Marigold	D'Alessandro	\N	33320	FL	1	754 348 8097	2017-06-26 09:37:05	2017-12-04 20:34:06.009489	t
975	kfraryoh@nytimes.com	$2b$10$deWlU8Lx2lkrqNuDsRRwDOble9V/f8NHCuv.XRlaAz8QkO.ZdzdKi	Karoline	Frary	\N	90071	CA	5	562 925 8273	2016-12-22 07:56:37	2017-12-04 20:34:06.00987	f
976	aellinoroi@cloudflare.com	$2b$10$deWlU8Lx2lkrqNuDsRRwDOble9V/f8NHCuv.XRlaAz8QkO.ZdzdKi	Angel	Ellinor	\N	22333	VA	5	571 672 8230	2016-12-08 20:44:11	2017-12-04 20:34:06.010246	f
977	cantoszczykoj@pcworld.com	$2b$10$deWlU8Lx2lkrqNuDsRRwDOble9V/f8NHCuv.XRlaAz8QkO.ZdzdKi	Ciro	Antoszczyk	\N	55402	MN	5	612 561 2417	2017-06-14 14:28:57	2017-12-04 20:34:06.010612	f
978	bcaveyok@mit.edu	$2b$10$deWlU8Lx2lkrqNuDsRRwDOble9V/f8NHCuv.XRlaAz8QkO.ZdzdKi	Burtie	Cavey	\N	44710	OH	5	330 939 2943	2016-12-05 13:13:44	2017-12-04 20:34:06.010987	t
979	rbernaciakol@scientificamerican.com	$2b$10$deWlU8Lx2lkrqNuDsRRwDOble9V/f8NHCuv.XRlaAz8QkO.ZdzdKi	Roslyn	Bernaciak	\N	30323	GA	3	770 616 5953	2017-08-29 14:34:19	2017-12-04 20:34:06.011355	f
980	cbetjemanom@nymag.com	$2b$10$deWlU8Lx2lkrqNuDsRRwDOble9V/f8NHCuv.XRlaAz8QkO.ZdzdKi	Charlean	Betjeman	\N	11220	NY	1	718 786 5515	2017-05-18 03:19:31	2017-12-04 20:34:06.011719	f
981	kcrichleyon@who.int	$2b$10$deWlU8Lx2lkrqNuDsRRwDOble9V/f8NHCuv.XRlaAz8QkO.ZdzdKi	Keelia	Crichley	\N	60604	IL	4	224 172 3797	2017-03-09 11:56:56	2017-12-04 20:34:06.012093	f
982	ntrentoo@reuters.com	$2b$10$deWlU8Lx2lkrqNuDsRRwDOble9V/f8NHCuv.XRlaAz8QkO.ZdzdKi	Nobie	Trent	\N	78210	TX	1	210 637 6756	2017-06-17 00:47:03	2017-12-04 20:34:06.012466	t
983	aeyresop@newsvine.com	$2b$10$deWlU8Lx2lkrqNuDsRRwDOble9V/f8NHCuv.XRlaAz8QkO.ZdzdKi	Anabal	Eyres	\N	34611	FL	3	352 163 2730	2017-06-09 17:59:13	2017-12-04 20:34:06.012835	f
984	lbrotherheedoq@liveinternet.ru	$2b$10$deWlU8Lx2lkrqNuDsRRwDOble9V/f8NHCuv.XRlaAz8QkO.ZdzdKi	Letti	Brotherheed	\N	22047	VA	4	571 637 1656	2017-08-06 04:46:28	2017-12-04 20:34:06.013203	f
985	hsmaileor@joomla.org	$2b$10$deWlU8Lx2lkrqNuDsRRwDOble9V/f8NHCuv.XRlaAz8QkO.ZdzdKi	Hallsy	Smaile	\N	15134	PA	3	412 853 0897	2017-08-09 14:41:57	2017-12-04 20:34:06.013572	t
986	vspikinsos@paginegialle.it	$2b$10$deWlU8Lx2lkrqNuDsRRwDOble9V/f8NHCuv.XRlaAz8QkO.ZdzdKi	Viviyan	Spikins	\N	96154	CA	4	530 426 1374	2017-02-06 11:13:06	2017-12-04 20:34:06.013946	f
987	ecasperot@sohu.com	$2b$10$deWlU8Lx2lkrqNuDsRRwDOble9V/f8NHCuv.XRlaAz8QkO.ZdzdKi	Elna	Casper	\N	79989	TX	2	915 182 5882	2017-04-04 13:19:55	2017-12-04 20:34:06.014321	t
988	msacklerou@etsy.com	$2b$10$deWlU8Lx2lkrqNuDsRRwDOble9V/f8NHCuv.XRlaAz8QkO.ZdzdKi	Mira	Sackler	\N	73142	OK	3	405 571 2823	2017-02-15 05:21:58	2017-12-04 20:34:06.014693	t
989	aocrowleyov@senate.gov	$2b$10$deWlU8Lx2lkrqNuDsRRwDOble9V/f8NHCuv.XRlaAz8QkO.ZdzdKi	Annalise	O'Crowley	\N	49544	MI	3	616 425 1814	2017-04-18 05:46:41	2017-12-04 20:34:06.015064	t
990	mwatkinow@springer.com	$2b$10$deWlU8Lx2lkrqNuDsRRwDOble9V/f8NHCuv.XRlaAz8QkO.ZdzdKi	Moll	Watkin	\N	72905	AR	4	479 822 9967	2017-01-23 05:58:36	2017-12-04 20:34:06.015469	f
991	chaslenox@etsy.com	$2b$10$deWlU8Lx2lkrqNuDsRRwDOble9V/f8NHCuv.XRlaAz8QkO.ZdzdKi	Carmelina	Haslen	\N	62711	IL	3	217 339 8742	2017-01-25 14:51:36	2017-12-04 20:34:06.015846	f
992	abernathoy@wikia.com	$2b$10$deWlU8Lx2lkrqNuDsRRwDOble9V/f8NHCuv.XRlaAz8QkO.ZdzdKi	Adrianne	Bernath	\N	61656	IL	4	309 233 4326	2017-02-26 16:34:03	2017-12-04 20:34:06.01622	t
993	rechalieroz@webnode.com	$2b$10$deWlU8Lx2lkrqNuDsRRwDOble9V/f8NHCuv.XRlaAz8QkO.ZdzdKi	Raffaello	Echalier	\N	11225	NY	4	718 922 0141	2017-01-06 22:42:17	2017-12-04 20:34:06.016582	t
994	cfaltskogp0@altervista.org	$2b$10$deWlU8Lx2lkrqNuDsRRwDOble9V/f8NHCuv.XRlaAz8QkO.ZdzdKi	Clemmie	Faltskog	\N	95138	CA	2	408 262 2252	2017-03-10 11:43:46	2017-12-04 20:34:06.016946	f
995	malldrep1@bloglines.com	$2b$10$deWlU8Lx2lkrqNuDsRRwDOble9V/f8NHCuv.XRlaAz8QkO.ZdzdKi	Marybelle	Alldre	\N	43666	OH	5	419 125 5961	2017-04-14 01:54:12	2017-12-04 20:34:06.017302	t
996	cpirouetp2@admin.ch	$2b$10$deWlU8Lx2lkrqNuDsRRwDOble9V/f8NHCuv.XRlaAz8QkO.ZdzdKi	Cassandry	Pirouet	\N	94132	CA	5	415 981 6680	2017-08-14 01:35:05	2017-12-04 20:34:06.017664	t
997	lfrackiewiczp3@arizona.edu	$2b$10$deWlU8Lx2lkrqNuDsRRwDOble9V/f8NHCuv.XRlaAz8QkO.ZdzdKi	Loni	Frackiewicz	\N	94627	CA	4	510 420 7068	2017-09-05 03:46:00	2017-12-04 20:34:06.018061	f
998	aerrigop4@bing.com	$2b$10$deWlU8Lx2lkrqNuDsRRwDOble9V/f8NHCuv.XRlaAz8QkO.ZdzdKi	Anthiathia	Errigo	\N	33954	FL	5	941 570 9244	2017-08-04 09:55:50	2017-12-04 20:34:06.01843	t
999	hservicep5@dyndns.org	$2b$10$deWlU8Lx2lkrqNuDsRRwDOble9V/f8NHCuv.XRlaAz8QkO.ZdzdKi	Harlie	Service	\N	77045	TX	1	281 505 5110	2017-05-05 07:21:55	2017-12-04 20:34:06.018796	t
1000	tvangop6@sitemeter.com	$2b$10$deWlU8Lx2lkrqNuDsRRwDOble9V/f8NHCuv.XRlaAz8QkO.ZdzdKi	Theresina	Vango	\N	49505	MI	4	616 179 2158	2016-12-17 18:33:12	2017-12-04 20:34:06.019171	f
1001	mwhitmorep7@ovh.net	$2b$10$deWlU8Lx2lkrqNuDsRRwDOble9V/f8NHCuv.XRlaAz8QkO.ZdzdKi	Mela	Whitmore	\N	77010	TX	3	832 300 3278	2017-02-26 23:55:16	2017-12-04 20:34:06.019542	t
1002	spowp8@unblog.fr	$2b$10$deWlU8Lx2lkrqNuDsRRwDOble9V/f8NHCuv.XRlaAz8QkO.ZdzdKi	Shanon	Pow	\N	06825	CT	3	203 185 0134	2017-08-30 03:52:07	2017-12-04 20:34:06.019916	t
1003	mclawsleyp9@archive.org	$2b$10$deWlU8Lx2lkrqNuDsRRwDOble9V/f8NHCuv.XRlaAz8QkO.ZdzdKi	Marcellus	Clawsley	\N	82007	WY	2	307 226 7577	2017-08-11 12:21:48	2017-12-04 20:34:06.020279	f
1004	cgrangierpa@who.int	$2b$10$deWlU8Lx2lkrqNuDsRRwDOble9V/f8NHCuv.XRlaAz8QkO.ZdzdKi	Constantine	Grangier	\N	30905	GA	3	706 627 3932	2016-12-17 18:37:30	2017-12-04 20:34:06.020651	f
1005	efootpb@163.com	$2b$10$deWlU8Lx2lkrqNuDsRRwDOble9V/f8NHCuv.XRlaAz8QkO.ZdzdKi	Estrellita	Foot	\N	80243	CO	1	303 629 6936	2017-02-18 20:17:53	2017-12-04 20:34:06.021013	t
1006	achatwoodpc@google.it	$2b$10$deWlU8Lx2lkrqNuDsRRwDOble9V/f8NHCuv.XRlaAz8QkO.ZdzdKi	Alie	Chatwood	\N	80915	CO	5	719 610 4010	2017-01-16 00:53:13	2017-12-04 20:34:06.021385	t
1007	dpridepd@prnewswire.com	$2b$10$deWlU8Lx2lkrqNuDsRRwDOble9V/f8NHCuv.XRlaAz8QkO.ZdzdKi	Desiree	Pride	\N	32204	FL	2	904 504 7356	2017-01-15 05:37:44	2017-12-04 20:34:06.021751	f
1008	jelfespe@smh.com.au	$2b$10$deWlU8Lx2lkrqNuDsRRwDOble9V/f8NHCuv.XRlaAz8QkO.ZdzdKi	Jessalin	Elfes	\N	30375	GA	1	404 446 4955	2017-10-17 11:59:06	2017-12-04 20:34:06.022142	t
1009	rurlichpf@paginegialle.it	$2b$10$deWlU8Lx2lkrqNuDsRRwDOble9V/f8NHCuv.XRlaAz8QkO.ZdzdKi	Ruy	Urlich	\N	20551	DC	2	202 487 2012	2017-09-06 14:47:53	2017-12-04 20:34:06.022515	f
1010	wstofferspg@abc.net.au	$2b$10$deWlU8Lx2lkrqNuDsRRwDOble9V/f8NHCuv.XRlaAz8QkO.ZdzdKi	Winthrop	Stoffers	\N	06912	CT	3	203 549 6453	2017-02-12 03:26:36	2017-12-04 20:34:06.02289	f
1011	nfreakph@weibo.com	$2b$10$deWlU8Lx2lkrqNuDsRRwDOble9V/f8NHCuv.XRlaAz8QkO.ZdzdKi	Naoma	Freak	\N	89550	NV	2	775 748 9146	2017-08-23 17:50:56	2017-12-04 20:34:06.023254	f
1012	pscotsonpi@home.pl	$2b$10$deWlU8Lx2lkrqNuDsRRwDOble9V/f8NHCuv.XRlaAz8QkO.ZdzdKi	Pierette	Scotson	\N	84135	UT	1	801 399 6942	2017-06-10 06:33:22	2017-12-04 20:34:06.023623	f
1013	pmacrowpj@reuters.com	$2b$10$deWlU8Lx2lkrqNuDsRRwDOble9V/f8NHCuv.XRlaAz8QkO.ZdzdKi	Phil	Macrow	\N	80915	CO	1	719 797 8409	2017-06-22 17:43:19	2017-12-04 20:34:06.023994	t
1014	rcordypk@omniture.com	$2b$10$deWlU8Lx2lkrqNuDsRRwDOble9V/f8NHCuv.XRlaAz8QkO.ZdzdKi	Regan	Cordy	\N	92186	CA	1	619 499 9295	2017-05-12 17:59:11	2017-12-04 20:34:06.02435	f
1015	tladelpl@marketwatch.com	$2b$10$deWlU8Lx2lkrqNuDsRRwDOble9V/f8NHCuv.XRlaAz8QkO.ZdzdKi	Thibaut	Ladel	\N	21216	MD	1	410 449 0573	2017-10-01 18:03:30	2017-12-04 20:34:06.024719	t
1016	sgiffinpm@artisteer.com	$2b$10$deWlU8Lx2lkrqNuDsRRwDOble9V/f8NHCuv.XRlaAz8QkO.ZdzdKi	Shamus	Giffin	\N	85072	AZ	4	602 262 1624	2017-01-09 17:58:54	2017-12-04 20:34:06.025089	f
1017	epaddellpn@auda.org.au	$2b$10$deWlU8Lx2lkrqNuDsRRwDOble9V/f8NHCuv.XRlaAz8QkO.ZdzdKi	Edwina	Paddell	\N	32215	FL	1	904 947 5620	2017-04-30 13:35:31	2017-12-04 20:34:06.025454	t
1018	belcockpo@e-recht24.de	$2b$10$deWlU8Lx2lkrqNuDsRRwDOble9V/f8NHCuv.XRlaAz8QkO.ZdzdKi	Billye	Elcock	\N	31190	GA	4	404 629 1267	2017-02-27 14:25:26	2017-12-04 20:34:06.025821	t
1019	hodochertypp@ifeng.com	$2b$10$deWlU8Lx2lkrqNuDsRRwDOble9V/f8NHCuv.XRlaAz8QkO.ZdzdKi	Hillard	O'Docherty	\N	14683	NY	5	585 252 8416	2017-05-18 07:47:54	2017-12-04 20:34:06.026213	t
1020	fsealepq@pinterest.com	$2b$10$deWlU8Lx2lkrqNuDsRRwDOble9V/f8NHCuv.XRlaAz8QkO.ZdzdKi	Florencia	Seale	\N	14205	NY	1	716 405 8481	2017-01-30 22:39:39	2017-12-04 20:34:06.026589	t
1021	msmitherspr@wsj.com	$2b$10$deWlU8Lx2lkrqNuDsRRwDOble9V/f8NHCuv.XRlaAz8QkO.ZdzdKi	Margaretta	Smithers	\N	34629	FL	5	727 347 7532	2017-07-08 19:55:23	2017-12-04 20:34:06.026963	f
1022	flimbertps@ehow.com	$2b$10$deWlU8Lx2lkrqNuDsRRwDOble9V/f8NHCuv.XRlaAz8QkO.ZdzdKi	Filberte	Limbert	\N	35487	AL	1	205 854 9769	2017-01-07 10:24:38	2017-12-04 20:34:06.027322	f
1023	tnorwoodpt@wikia.com	$2b$10$deWlU8Lx2lkrqNuDsRRwDOble9V/f8NHCuv.XRlaAz8QkO.ZdzdKi	Tiphanie	Norwood	\N	31136	GA	4	404 688 6713	2017-08-12 19:48:00	2017-12-04 20:34:06.027694	t
1024	rsellorspu@whitehouse.gov	$2b$10$deWlU8Lx2lkrqNuDsRRwDOble9V/f8NHCuv.XRlaAz8QkO.ZdzdKi	Rani	Sellors	\N	46867	IN	1	260 427 5207	2017-08-10 07:11:35	2017-12-04 20:34:06.028067	f
1025	sadamskipv@va.gov	$2b$10$deWlU8Lx2lkrqNuDsRRwDOble9V/f8NHCuv.XRlaAz8QkO.ZdzdKi	Sallie	Adamski	\N	76016	TX	1	817 672 2209	2017-06-10 11:44:28	2017-12-04 20:34:06.028438	t
1026	drearypw@marketwatch.com	$2b$10$deWlU8Lx2lkrqNuDsRRwDOble9V/f8NHCuv.XRlaAz8QkO.ZdzdKi	Devlen	Reary	\N	92668	CA	2	858 652 4778	2017-12-01 04:12:34	2017-12-04 20:34:06.02881	t
1027	aciannipx@paypal.com	$2b$10$deWlU8Lx2lkrqNuDsRRwDOble9V/f8NHCuv.XRlaAz8QkO.ZdzdKi	Avrom	Cianni	\N	37210	TN	4	615 474 8097	2017-02-07 07:05:02	2017-12-04 20:34:06.029184	f
1028	fchatteypy@house.gov	$2b$10$deWlU8Lx2lkrqNuDsRRwDOble9V/f8NHCuv.XRlaAz8QkO.ZdzdKi	Forest	Chattey	\N	33605	FL	2	813 422 2327	2017-07-01 15:08:12	2017-12-04 20:34:06.029551	t
1029	ifassonpz@123-reg.co.uk	$2b$10$deWlU8Lx2lkrqNuDsRRwDOble9V/f8NHCuv.XRlaAz8QkO.ZdzdKi	Izabel	Fasson	\N	04109	ME	2	207 248 4859	2017-11-05 20:23:20	2017-12-04 20:34:06.02993	f
1030	dpetkovicq0@cbsnews.com	$2b$10$deWlU8Lx2lkrqNuDsRRwDOble9V/f8NHCuv.XRlaAz8QkO.ZdzdKi	Dasie	Petkovic	\N	64160	MO	3	816 219 9747	2017-11-22 12:18:45	2017-12-04 20:34:06.030304	f
1031	bmaseresq1@networksolutions.com	$2b$10$deWlU8Lx2lkrqNuDsRRwDOble9V/f8NHCuv.XRlaAz8QkO.ZdzdKi	Bord	Maseres	\N	35205	AL	2	205 628 0904	2017-07-06 20:01:04	2017-12-04 20:34:06.030704	t
1032	mgableq2@epa.gov	$2b$10$deWlU8Lx2lkrqNuDsRRwDOble9V/f8NHCuv.XRlaAz8QkO.ZdzdKi	Mair	Gable	\N	80305	CO	4	720 464 2964	2017-05-24 03:28:47	2017-12-04 20:34:06.031091	t
1033	jmccloryq3@jalbum.net	$2b$10$deWlU8Lx2lkrqNuDsRRwDOble9V/f8NHCuv.XRlaAz8QkO.ZdzdKi	Jacquelyn	McClory	\N	14263	NY	3	716 844 7021	2017-01-17 20:46:06	2017-12-04 20:34:06.031465	t
1034	swaiteq4@myspace.com	$2b$10$deWlU8Lx2lkrqNuDsRRwDOble9V/f8NHCuv.XRlaAz8QkO.ZdzdKi	Sharl	Waite	\N	92805	CA	5	626 412 2084	2017-01-12 06:20:09	2017-12-04 20:34:06.031846	t
1035	tacoryq5@dyndns.org	$2b$10$deWlU8Lx2lkrqNuDsRRwDOble9V/f8NHCuv.XRlaAz8QkO.ZdzdKi	Tana	Acory	\N	71115	LA	5	318 213 3651	2017-09-08 21:14:13	2017-12-04 20:34:06.03221	t
1036	lmosedaleq6@google.com	$2b$10$deWlU8Lx2lkrqNuDsRRwDOble9V/f8NHCuv.XRlaAz8QkO.ZdzdKi	Lissi	Mosedale	\N	88525	TX	3	915 179 1746	2017-06-08 12:38:03	2017-12-04 20:34:06.032578	f
1037	rprettiq7@ehow.com	$2b$10$deWlU8Lx2lkrqNuDsRRwDOble9V/f8NHCuv.XRlaAz8QkO.ZdzdKi	Ronald	Pretti	\N	23454	VA	1	757 480 5556	2017-08-14 04:59:32	2017-12-04 20:34:06.032956	t
1038	estillingq8@blogger.com	$2b$10$deWlU8Lx2lkrqNuDsRRwDOble9V/f8NHCuv.XRlaAz8QkO.ZdzdKi	El	Stilling	\N	35810	AL	3	256 357 1172	2017-01-15 05:34:37	2017-12-04 20:34:06.033326	t
1039	sivushkinq9@eventbrite.com	$2b$10$deWlU8Lx2lkrqNuDsRRwDOble9V/f8NHCuv.XRlaAz8QkO.ZdzdKi	Sandy	Ivushkin	\N	44125	OH	3	440 743 9054	2016-12-20 02:49:54	2017-12-04 20:34:06.033691	t
1040	bcresarqa@umn.edu	$2b$10$deWlU8Lx2lkrqNuDsRRwDOble9V/f8NHCuv.XRlaAz8QkO.ZdzdKi	Barby	Cresar	\N	20456	DC	2	202 805 8515	2017-09-19 22:39:49	2017-12-04 20:34:06.034074	t
1041	jcoulthardqb@boston.com	$2b$10$deWlU8Lx2lkrqNuDsRRwDOble9V/f8NHCuv.XRlaAz8QkO.ZdzdKi	Jemie	Coulthard	\N	64160	MO	3	816 934 3059	2017-04-18 13:25:00	2017-12-04 20:34:06.034443	f
1042	lslowanqc@alibaba.com	$2b$10$deWlU8Lx2lkrqNuDsRRwDOble9V/f8NHCuv.XRlaAz8QkO.ZdzdKi	Laurie	Slowan	\N	06152	CT	5	860 787 4943	2017-11-15 21:39:50	2017-12-04 20:34:06.034813	f
1043	jmackellerqd@devhub.com	$2b$10$deWlU8Lx2lkrqNuDsRRwDOble9V/f8NHCuv.XRlaAz8QkO.ZdzdKi	Jeanne	MacKeller	\N	35487	AL	5	205 103 3807	2017-05-24 18:24:14	2017-12-04 20:34:06.035181	t
1044	fworkmanqe@mit.edu	$2b$10$deWlU8Lx2lkrqNuDsRRwDOble9V/f8NHCuv.XRlaAz8QkO.ZdzdKi	Fairfax	Workman	\N	78789	TX	1	512 159 3383	2016-12-10 22:09:11	2017-12-04 20:34:06.035551	t
1045	vwinningqf@house.gov	$2b$10$deWlU8Lx2lkrqNuDsRRwDOble9V/f8NHCuv.XRlaAz8QkO.ZdzdKi	Venita	Winning	\N	92176	CA	1	619 350 5733	2017-06-11 20:25:42	2017-12-04 20:34:06.035925	t
1046	ialbanyqg@nba.com	$2b$10$deWlU8Lx2lkrqNuDsRRwDOble9V/f8NHCuv.XRlaAz8QkO.ZdzdKi	Irina	Albany	\N	11215	NY	4	718 555 8821	2017-01-31 21:39:21	2017-12-04 20:34:06.036299	f
1047	ealvaradoqh@usa.gov	$2b$10$deWlU8Lx2lkrqNuDsRRwDOble9V/f8NHCuv.XRlaAz8QkO.ZdzdKi	Evangelina	Alvarado	\N	29225	SC	2	803 445 5976	2017-04-14 23:33:27	2017-12-04 20:34:06.03668	f
1048	icalenderqi@slideshare.net	$2b$10$deWlU8Lx2lkrqNuDsRRwDOble9V/f8NHCuv.XRlaAz8QkO.ZdzdKi	Ivie	Calender	\N	30245	GA	5	678 386 6507	2017-03-09 21:46:18	2017-12-04 20:34:06.037043	t
1049	elambleqj@amazon.de	$2b$10$deWlU8Lx2lkrqNuDsRRwDOble9V/f8NHCuv.XRlaAz8QkO.ZdzdKi	Ellery	Lamble	\N	31210	GA	1	478 405 3776	2016-12-25 15:35:57	2017-12-04 20:34:06.037405	t
1050	ccraikqk@cdc.gov	$2b$10$deWlU8Lx2lkrqNuDsRRwDOble9V/f8NHCuv.XRlaAz8QkO.ZdzdKi	Constantin	Craik	\N	25709	WV	3	304 793 7520	2017-08-17 04:05:56	2017-12-04 20:34:06.037768	f
1051	eruncieql@hibu.com	$2b$10$deWlU8Lx2lkrqNuDsRRwDOble9V/f8NHCuv.XRlaAz8QkO.ZdzdKi	Evania	Runcie	\N	92415	CA	1	760 619 3193	2017-02-13 09:44:45	2017-12-04 20:34:06.038156	t
1052	dthireauqm@usgs.gov	$2b$10$deWlU8Lx2lkrqNuDsRRwDOble9V/f8NHCuv.XRlaAz8QkO.ZdzdKi	Dacy	Thireau	\N	90831	CA	1	562 930 2517	2017-02-05 05:12:07	2017-12-04 20:34:06.038533	t
1053	fklimowskiqn@sciencedaily.com	$2b$10$deWlU8Lx2lkrqNuDsRRwDOble9V/f8NHCuv.XRlaAz8QkO.ZdzdKi	Farrand	Klimowski	\N	34615	FL	2	727 998 9547	2017-03-13 20:48:51	2017-12-04 20:34:06.038902	f
1054	hbellchamberqo@ucsd.edu	$2b$10$deWlU8Lx2lkrqNuDsRRwDOble9V/f8NHCuv.XRlaAz8QkO.ZdzdKi	Hillel	Bellchamber	\N	23237	VA	2	804 174 9661	2017-03-17 01:27:24	2017-12-04 20:34:06.039268	t
1055	rrubinchikqp@moonfruit.com	$2b$10$deWlU8Lx2lkrqNuDsRRwDOble9V/f8NHCuv.XRlaAz8QkO.ZdzdKi	Royce	Rubinchik	\N	10155	NY	3	917 687 0473	2017-07-23 14:19:30	2017-12-04 20:34:06.039644	f
1056	sadamoliqq@ovh.net	$2b$10$deWlU8Lx2lkrqNuDsRRwDOble9V/f8NHCuv.XRlaAz8QkO.ZdzdKi	Sheree	Adamoli	\N	37131	TN	1	615 204 2244	2017-04-20 09:00:46	2017-12-04 20:34:06.040023	t
1057	wknibleyqr@wisc.edu	$2b$10$deWlU8Lx2lkrqNuDsRRwDOble9V/f8NHCuv.XRlaAz8QkO.ZdzdKi	Willard	Knibley	\N	75710	TX	4	903 669 7845	2017-09-17 09:17:41	2017-12-04 20:34:06.040387	f
1058	mdishmanqs@apache.org	$2b$10$deWlU8Lx2lkrqNuDsRRwDOble9V/f8NHCuv.XRlaAz8QkO.ZdzdKi	Marlyn	Dishman	\N	34629	FL	2	727 516 0700	2017-10-28 22:23:04	2017-12-04 20:34:06.040758	t
1059	epadburyqt@answers.com	$2b$10$deWlU8Lx2lkrqNuDsRRwDOble9V/f8NHCuv.XRlaAz8QkO.ZdzdKi	Estrellita	Padbury	\N	23459	VA	4	757 343 7618	2017-02-18 06:34:36	2017-12-04 20:34:06.041123	t
1060	htommisqu@pbs.org	$2b$10$deWlU8Lx2lkrqNuDsRRwDOble9V/f8NHCuv.XRlaAz8QkO.ZdzdKi	Huntley	Tommis	\N	33633	FL	3	813 239 4662	2017-07-23 21:09:37	2017-12-04 20:34:06.041498	f
1061	dpollicattqv@skyrock.com	$2b$10$deWlU8Lx2lkrqNuDsRRwDOble9V/f8NHCuv.XRlaAz8QkO.ZdzdKi	Davide	Pollicatt	\N	80935	CO	3	719 132 8948	2016-12-23 12:55:30	2017-12-04 20:34:06.041884	f
1062	tcerroqw@java.com	$2b$10$deWlU8Lx2lkrqNuDsRRwDOble9V/f8NHCuv.XRlaAz8QkO.ZdzdKi	Tabby	Cerro	\N	19886	DE	2	302 748 6343	2017-07-11 22:48:16	2017-12-04 20:34:06.04225	f
1063	zfitzharrisqx@drupal.org	$2b$10$deWlU8Lx2lkrqNuDsRRwDOble9V/f8NHCuv.XRlaAz8QkO.ZdzdKi	Zacherie	Fitzharris	\N	20580	DC	2	202 280 1875	2016-12-27 00:08:17	2017-12-04 20:34:06.042614	f
1064	ageardqy@europa.eu	$2b$10$deWlU8Lx2lkrqNuDsRRwDOble9V/f8NHCuv.XRlaAz8QkO.ZdzdKi	Adel	Geard	\N	43656	OH	1	419 796 5877	2017-05-03 16:02:16	2017-12-04 20:34:06.042991	f
1065	hlapslieqz@flavors.me	$2b$10$deWlU8Lx2lkrqNuDsRRwDOble9V/f8NHCuv.XRlaAz8QkO.ZdzdKi	Hoyt	Lapslie	\N	85219	AZ	3	480 612 3856	2017-08-20 07:42:02	2017-12-04 20:34:06.043363	f
1066	pkeslaker0@blogtalkradio.com	$2b$10$deWlU8Lx2lkrqNuDsRRwDOble9V/f8NHCuv.XRlaAz8QkO.ZdzdKi	Pamella	Keslake	\N	46825	IN	5	260 785 6710	2017-09-14 02:28:15	2017-12-04 20:34:06.043729	t
1067	sbeebisr1@wufoo.com	$2b$10$deWlU8Lx2lkrqNuDsRRwDOble9V/f8NHCuv.XRlaAz8QkO.ZdzdKi	Stan	Beebis	\N	36628	AL	5	251 611 5705	2017-07-06 20:38:02	2017-12-04 20:34:06.04409	t
1068	hrobertaccir2@a8.net	$2b$10$deWlU8Lx2lkrqNuDsRRwDOble9V/f8NHCuv.XRlaAz8QkO.ZdzdKi	Hermann	Robertacci	\N	76110	TX	2	682 217 6661	2017-01-11 16:30:31	2017-12-04 20:34:06.044453	f
1069	otunstallr3@npr.org	$2b$10$deWlU8Lx2lkrqNuDsRRwDOble9V/f8NHCuv.XRlaAz8QkO.ZdzdKi	Orazio	Tunstall	\N	66642	KS	2	785 823 8715	2017-06-17 21:10:49	2017-12-04 20:34:06.044818	f
1070	mcowndenr4@netscape.com	$2b$10$deWlU8Lx2lkrqNuDsRRwDOble9V/f8NHCuv.XRlaAz8QkO.ZdzdKi	Marta	Cownden	\N	96805	HI	1	808 695 7576	2017-05-30 16:35:06	2017-12-04 20:34:06.045198	f
1071	tbridatr5@de.vu	$2b$10$deWlU8Lx2lkrqNuDsRRwDOble9V/f8NHCuv.XRlaAz8QkO.ZdzdKi	Thorny	Bridat	\N	94522	CA	1	925 516 1788	2017-07-08 20:48:45	2017-12-04 20:34:06.045559	f
1072	ckeelinr6@cyberchimps.com	$2b$10$deWlU8Lx2lkrqNuDsRRwDOble9V/f8NHCuv.XRlaAz8QkO.ZdzdKi	Cristen	Keelin	\N	20268	DC	4	202 731 4098	2017-04-15 01:10:17	2017-12-04 20:34:06.046001	t
1073	jkiddyer7@nbcnews.com	$2b$10$deWlU8Lx2lkrqNuDsRRwDOble9V/f8NHCuv.XRlaAz8QkO.ZdzdKi	Joella	Kiddye	\N	23436	VA	3	757 702 6624	2017-06-06 09:31:26	2017-12-04 20:34:06.046378	f
1074	gcasesr8@yellowbook.com	$2b$10$deWlU8Lx2lkrqNuDsRRwDOble9V/f8NHCuv.XRlaAz8QkO.ZdzdKi	Goober	Cases	\N	90065	CA	3	213 293 3749	2017-06-30 23:45:27	2017-12-04 20:34:06.046763	t
1075	dmatskevichr9@slate.com	$2b$10$deWlU8Lx2lkrqNuDsRRwDOble9V/f8NHCuv.XRlaAz8QkO.ZdzdKi	Dukie	Matskevich	\N	75226	TX	5	972 267 8291	2016-12-14 08:08:56	2017-12-04 20:34:06.047137	f
1076	vkierra@craigslist.org	$2b$10$deWlU8Lx2lkrqNuDsRRwDOble9V/f8NHCuv.XRlaAz8QkO.ZdzdKi	Vivianne	Kier	\N	55448	MN	5	763 563 8949	2017-11-25 11:34:16	2017-12-04 20:34:06.0475	t
1077	abowgenrb@tumblr.com	$2b$10$deWlU8Lx2lkrqNuDsRRwDOble9V/f8NHCuv.XRlaAz8QkO.ZdzdKi	Adelaide	Bowgen	\N	79911	TX	3	915 807 0473	2017-07-12 04:42:42	2017-12-04 20:34:06.047865	f
1078	cbedberryrc@cbslocal.com	$2b$10$deWlU8Lx2lkrqNuDsRRwDOble9V/f8NHCuv.XRlaAz8QkO.ZdzdKi	Cherin	Bedberry	\N	10275	NY	4	212 829 2852	2017-09-02 09:57:45	2017-12-04 20:34:06.048238	t
1079	mromainrd@about.me	$2b$10$deWlU8Lx2lkrqNuDsRRwDOble9V/f8NHCuv.XRlaAz8QkO.ZdzdKi	Maggee	Romain	\N	44321	OH	3	330 853 6687	2017-06-13 19:40:48	2017-12-04 20:34:06.048612	f
1080	sreitenbachre@google.nl	$2b$10$deWlU8Lx2lkrqNuDsRRwDOble9V/f8NHCuv.XRlaAz8QkO.ZdzdKi	Sonia	Reitenbach	\N	66160	KS	5	913 267 1178	2017-06-17 18:15:36	2017-12-04 20:34:06.048984	t
1081	xschuchmacherrf@forbes.com	$2b$10$deWlU8Lx2lkrqNuDsRRwDOble9V/f8NHCuv.XRlaAz8QkO.ZdzdKi	Xymenes	Schuchmacher	\N	30089	GA	2	770 456 8178	2017-08-01 20:31:16	2017-12-04 20:34:06.049358	t
1082	rrossbrookrg@multiply.com	$2b$10$deWlU8Lx2lkrqNuDsRRwDOble9V/f8NHCuv.XRlaAz8QkO.ZdzdKi	Rowen	Rossbrook	\N	77713	TX	4	936 739 4871	2017-04-24 08:23:52	2017-12-04 20:34:06.049728	f
1083	gcornehlrh@umich.edu	$2b$10$deWlU8Lx2lkrqNuDsRRwDOble9V/f8NHCuv.XRlaAz8QkO.ZdzdKi	Gennie	Cornehl	\N	94137	CA	4	415 599 2568	2017-10-24 09:38:48	2017-12-04 20:34:06.050127	t
1084	aaimsonri@phpbb.com	$2b$10$deWlU8Lx2lkrqNuDsRRwDOble9V/f8NHCuv.XRlaAz8QkO.ZdzdKi	Alix	Aimson	\N	21265	MD	5	410 459 9878	2017-03-19 21:43:16	2017-12-04 20:34:06.050502	t
1085	cgazzardrj@netscape.com	$2b$10$deWlU8Lx2lkrqNuDsRRwDOble9V/f8NHCuv.XRlaAz8QkO.ZdzdKi	Collete	Gazzard	\N	36109	AL	4	334 547 6743	2017-06-04 08:44:19	2017-12-04 20:34:06.050866	f
1086	ralbasinirk@seattletimes.com	$2b$10$deWlU8Lx2lkrqNuDsRRwDOble9V/f8NHCuv.XRlaAz8QkO.ZdzdKi	Roddie	Albasini	\N	01129	MA	5	413 653 4364	2017-01-11 05:31:06	2017-12-04 20:34:06.051236	f
1087	ewalthallrl@ed.gov	$2b$10$deWlU8Lx2lkrqNuDsRRwDOble9V/f8NHCuv.XRlaAz8QkO.ZdzdKi	Elspeth	Walthall	\N	79182	TX	5	806 560 2788	2017-07-30 08:06:25	2017-12-04 20:34:06.051613	t
1088	llissamanrm@ovh.net	$2b$10$deWlU8Lx2lkrqNuDsRRwDOble9V/f8NHCuv.XRlaAz8QkO.ZdzdKi	Layton	Lissaman	\N	36616	AL	5	251 724 2539	2017-01-07 10:50:23	2017-12-04 20:34:06.051992	t
1089	fffrenchbeytaghrn@mapquest.com	$2b$10$deWlU8Lx2lkrqNuDsRRwDOble9V/f8NHCuv.XRlaAz8QkO.ZdzdKi	Farand	ffrench Beytagh	\N	76192	TX	4	682 514 2303	2017-04-15 22:10:06	2017-12-04 20:34:06.052363	t
1090	nmaffucciro@usnews.com	$2b$10$deWlU8Lx2lkrqNuDsRRwDOble9V/f8NHCuv.XRlaAz8QkO.ZdzdKi	Ninon	Maffucci	\N	78732	TX	2	512 603 3568	2017-07-08 04:06:23	2017-12-04 20:34:06.052741	f
1091	mscartifieldrp@google.pl	$2b$10$deWlU8Lx2lkrqNuDsRRwDOble9V/f8NHCuv.XRlaAz8QkO.ZdzdKi	Mercy	Scartifield	\N	98664	WA	5	360 364 2099	2017-04-27 13:13:07	2017-12-04 20:34:06.053123	f
1092	ugaynsfordrq@de.vu	$2b$10$deWlU8Lx2lkrqNuDsRRwDOble9V/f8NHCuv.XRlaAz8QkO.ZdzdKi	Umberto	Gaynsford	\N	37931	TN	5	865 478 8664	2017-07-02 01:36:06	2017-12-04 20:34:06.053493	f
1093	csamsinrr@wiley.com	$2b$10$deWlU8Lx2lkrqNuDsRRwDOble9V/f8NHCuv.XRlaAz8QkO.ZdzdKi	Cheryl	Samsin	\N	38197	TN	3	901 450 0619	2016-12-31 15:19:25	2017-12-04 20:34:06.053875	f
27	EMAIL_SUBJECT_TO_CHANGE	12345678	Anonymous	User	\N	\N	AL	1	\N	2017-11-17 23:39:13.883366	2017-11-17 23:39:13.883373	t
30	superclimactic@bigOtires.com	$2b$10$3g5vcV1noucYzGYlHKgbyOw9FwrOWgHIQhjBzCIQND4NDv9VjePxO	Treaddy	Rubber	\N	\N	AL	1	\N	2017-11-21 01:55:55.74527	2017-11-21 01:55:55.745286	t
31	clocks@vivalavida.com	$2b$10$qWTp3eTKYVk1awBumDdJju64wUPSNuDAWbsZd1bYFMaE/hOrYL6rK	Chris	Martin	\N	\N	AL	1	\N	2017-11-21 20:38:36.233909	2017-11-21 20:38:36.233918	t
32	beccarosenthal-buyer-5@gmail.com	$2b$10$ZKD5d0XYJzcY4VQi9yLLru4xnj85Ti6BZMQsAjYxglIZH/OfhgaFW	Liz	Lemon	\N	\N	AL	1	\N	2017-11-21 22:49:54.010084	2017-11-21 22:49:54.010092	t
33	beccarosenthal-buyer-3@gmail.com	$2b$10$wyW1ZI5JutELEKK0K5p5r.dUFlykozxHGHFC1pqH3nI.05VTXBAdm	Austin	Powers	\N	\N	AL	1	\N	2017-11-22 04:01:43.166039	2017-11-22 04:01:43.166049	t
\.


--
-- Name: users_user_id_seq; Type: SEQUENCE SET; Schema: public; Owner: user
--

SELECT pg_catalog.setval('users_user_id_seq', 1093, true);


--
-- Name: organizations_pkey; Type: CONSTRAINT; Schema: public; Owner: user
--

ALTER TABLE ONLY organizations
    ADD CONSTRAINT organizations_pkey PRIMARY KEY (org_id);


--
-- Name: referrals_pkey; Type: CONSTRAINT; Schema: public; Owner: user
--

ALTER TABLE ONLY referrals
    ADD CONSTRAINT referrals_pkey PRIMARY KEY (ref_id);


--
-- Name: states_pkey; Type: CONSTRAINT; Schema: public; Owner: user
--

ALTER TABLE ONLY states
    ADD CONSTRAINT states_pkey PRIMARY KEY (code);


--
-- Name: transactions_pkey; Type: CONSTRAINT; Schema: public; Owner: user
--

ALTER TABLE ONLY transactions
    ADD CONSTRAINT transactions_pkey PRIMARY KEY (transaction_id);


--
-- Name: user_orgs_pkey; Type: CONSTRAINT; Schema: public; Owner: user
--

ALTER TABLE ONLY user_orgs
    ADD CONSTRAINT user_orgs_pkey PRIMARY KEY (user_org_id);


--
-- Name: users_pkey; Type: CONSTRAINT; Schema: public; Owner: user
--

ALTER TABLE ONLY users
    ADD CONSTRAINT users_pkey PRIMARY KEY (user_id);


--
-- Name: referrals_referred_id_fkey; Type: FK CONSTRAINT; Schema: public; Owner: user
--

ALTER TABLE ONLY referrals
    ADD CONSTRAINT referrals_referred_id_fkey FOREIGN KEY (referred_id) REFERENCES users(user_id);


--
-- Name: referrals_referrer_id_fkey; Type: FK CONSTRAINT; Schema: public; Owner: user
--

ALTER TABLE ONLY referrals
    ADD CONSTRAINT referrals_referrer_id_fkey FOREIGN KEY (referrer_id) REFERENCES users(user_id);


--
-- Name: transactions_org_id_fkey; Type: FK CONSTRAINT; Schema: public; Owner: user
--

ALTER TABLE ONLY transactions
    ADD CONSTRAINT transactions_org_id_fkey FOREIGN KEY (org_id) REFERENCES organizations(org_id);


--
-- Name: transactions_user_id_fkey; Type: FK CONSTRAINT; Schema: public; Owner: user
--

ALTER TABLE ONLY transactions
    ADD CONSTRAINT transactions_user_id_fkey FOREIGN KEY (user_id) REFERENCES users(user_id);


--
-- Name: user_orgs_org_id_fkey; Type: FK CONSTRAINT; Schema: public; Owner: user
--

ALTER TABLE ONLY user_orgs
    ADD CONSTRAINT user_orgs_org_id_fkey FOREIGN KEY (org_id) REFERENCES organizations(org_id);


--
-- Name: user_orgs_user_id_fkey; Type: FK CONSTRAINT; Schema: public; Owner: user
--

ALTER TABLE ONLY user_orgs
    ADD CONSTRAINT user_orgs_user_id_fkey FOREIGN KEY (user_id) REFERENCES users(user_id);


--
-- Name: users_state_code_fkey; Type: FK CONSTRAINT; Schema: public; Owner: user
--

ALTER TABLE ONLY users
    ADD CONSTRAINT users_state_code_fkey FOREIGN KEY (state_code) REFERENCES states(code);


--
-- Name: public; Type: ACL; Schema: -; Owner: postgres
--

REVOKE ALL ON SCHEMA public FROM PUBLIC;
REVOKE ALL ON SCHEMA public FROM postgres;
GRANT ALL ON SCHEMA public TO postgres;
GRANT ALL ON SCHEMA public TO PUBLIC;


--
-- PostgreSQL database dump complete
--

